match_id,duration,radiant_win
0,2375,True
1,2582,False
2,2716,False
3,3085,False
4,1887,True
5,1574,True
6,2124,True
7,2328,True
8,2002,False
9,2961,False
10,1562,True
11,3280,False
12,3995,False
13,2452,True
14,1728,True
15,3122,False
16,3318,False
17,3798,True
18,2820,False
19,2234,True
20,2284,True
21,2019,True
22,2754,True
23,2742,True
24,2986,False
25,2430,True
26,1499,True
27,2116,False
28,2201,True
29,3388,False
30,2420,True
31,1707,False
32,1749,True
33,3429,False
34,1953,True
35,2033,False
36,1745,True
37,3174,True
38,2886,False
39,3291,False
40,2946,False
41,2461,True
42,2798,True
43,1934,False
44,4348,True
45,3098,True
46,2599,False
47,1568,True
48,2872,True
49,2424,True
50,2248,False
51,3454,False
52,3355,False
53,1741,False
54,2723,True
55,2162,True
56,3514,True
57,1848,False
58,2983,False
59,3296,False
60,2906,False
61,2200,True
62,2272,True
63,2641,False
64,2296,True
65,2053,True
66,3145,True
67,2187,True
68,1650,True
69,2850,True
70,2233,True
71,1783,False
72,3096,True
73,2946,False
74,2961,True
75,2791,False
76,2251,True
77,2218,True
78,3808,False
79,2240,True
80,4208,True
81,2616,True
82,2190,False
83,2306,False
84,1953,True
85,3191,True
86,1458,True
87,2159,True
88,3454,True
89,3183,False
90,2669,False
91,2810,False
92,2295,False
93,2587,False
94,2436,False
95,1756,False
96,2126,True
97,2837,True
98,1667,False
99,1451,True
100,2384,False
101,2070,False
102,2350,True
103,3830,True
104,2306,False
105,1532,True
106,2759,True
107,2596,False
108,2364,False
109,1816,True
110,2040,False
111,3783,False
112,2909,True
113,2337,False
114,2714,True
115,2702,True
116,3201,False
117,2594,True
118,2716,False
119,3054,True
120,2735,False
121,2760,False
122,3023,False
123,3389,False
124,1764,True
125,2309,False
126,2137,False
127,1812,False
128,3433,False
129,2094,False
130,2052,True
131,2350,True
132,2883,False
133,2139,False
134,3190,True
135,3156,False
136,1454,True
137,2480,True
138,4295,False
139,2128,True
140,1722,True
141,1935,False
142,2707,False
143,2879,False
144,5344,False
145,3520,False
146,1986,True
147,2650,False
148,3249,True
149,2298,True
150,2911,True
151,2276,False
152,2636,False
153,3619,True
154,1915,True
155,3056,True
156,2387,False
157,3479,False
158,1995,False
159,2349,True
160,2749,True
161,1799,False
162,2312,True
163,2857,False
164,1798,False
165,1882,False
166,3060,False
167,3231,False
168,2758,False
169,1443,True
170,2793,True
171,2269,True
172,3870,True
173,3604,True
174,2300,True
175,1576,False
176,1852,False
177,1942,True
178,2546,False
179,2422,True
180,1977,False
181,2960,True
182,2482,True
183,5267,True
184,2867,False
185,2461,False
186,2458,False
187,2397,False
188,1716,True
189,2478,False
190,2601,False
191,2818,True
192,2640,False
193,2249,False
194,2431,False
195,3398,False
196,2033,True
197,3716,False
198,2407,True
199,1605,True
200,3447,False
201,2437,False
202,3423,True
203,2084,True
204,1683,True
205,2746,True
206,1834,True
207,3904,True
208,2120,True
209,1936,False
210,2204,False
211,2715,False
212,2908,False
213,2905,True
214,2210,True
215,1756,True
216,2909,False
217,2578,True
218,1757,True
219,2530,True
220,2118,False
221,3004,False
222,2332,True
223,2329,False
224,2525,True
225,2401,False
226,1711,True
227,2539,True
228,3443,True
229,2553,True
230,2269,True
231,2645,True
232,3388,False
233,2494,True
234,2525,True
235,3071,False
236,2457,True
237,1967,False
238,2309,False
239,1572,False
240,1798,True
241,4494,True
242,2184,True
243,2763,True
244,1838,True
245,1764,False
246,3827,True
247,2106,True
248,3145,True
249,2786,True
250,3163,False
251,2033,True
252,2558,False
253,3209,True
254,2219,True
255,2772,False
256,1762,True
257,1013,True
258,2420,False
259,1744,True
260,2179,False
261,1964,False
262,2769,True
263,1924,True
264,2073,True
265,2060,True
266,3487,True
267,3581,True
268,4467,True
269,2372,False
270,2110,False
271,3281,True
272,2800,True
273,1524,True
274,2159,True
275,1364,True
276,2669,False
277,2945,False
278,3036,True
279,2056,True
280,2902,False
281,3830,True
282,3518,False
283,2373,True
284,3407,False
285,3206,False
286,1571,False
287,1232,True
288,2614,True
289,2987,True
290,3445,True
291,3231,False
292,1230,False
293,1915,True
294,2632,True
295,1560,False
296,3352,False
297,3071,True
298,1862,False
299,3011,False
300,1796,True
301,2683,True
302,2585,True
303,1995,True
304,2387,False
305,2141,False
306,2487,True
307,4110,True
308,3475,True
309,1610,False
310,2600,True
311,2592,True
312,2760,True
313,2286,True
314,2991,False
315,2569,False
316,3256,True
317,2845,False
318,1720,False
319,2359,True
320,2744,True
321,2910,False
322,2090,False
323,3452,True
324,2741,False
325,3468,True
326,1983,True
327,3053,False
328,2902,False
329,2390,True
330,2623,False
331,1765,True
332,2611,True
333,2802,False
334,3248,True
335,2434,True
336,1855,False
337,2944,True
338,2532,False
339,2354,False
340,2334,True
341,2504,False
342,2273,True
343,2625,True
344,3590,True
345,2280,False
346,2762,True
347,1969,True
348,2382,True
349,2581,True
350,1942,False
351,2245,True
352,1541,True
353,1943,True
354,2587,False
355,2206,False
356,2317,False
357,3512,True
358,1932,False
359,2867,True
360,2391,True
361,3018,True
362,4245,True
363,2023,False
364,2396,False
365,2965,False
366,2486,False
367,2687,False
368,3563,True
369,4233,False
370,3949,True
371,3140,False
372,2324,False
373,2654,True
374,2607,False
375,2394,True
376,2966,False
377,3862,True
378,1914,True
379,2008,False
380,2844,False
381,2162,False
382,2443,True
383,2380,True
384,2661,True
385,3808,True
386,2686,True
387,3165,False
388,1708,False
389,1935,False
390,3327,False
391,3246,True
392,1648,True
393,2158,True
394,1897,False
395,1957,False
396,2269,False
397,2429,True
398,3540,False
399,2637,True
400,2370,True
401,1903,True
402,1971,True
403,3631,True
404,2177,True
405,2356,False
406,2476,True
407,1889,False
408,1946,True
409,3733,False
410,4321,True
411,2882,True
412,3535,False
413,2414,False
414,2046,True
415,3079,False
416,3243,False
417,2741,True
418,3351,False
419,2516,False
420,2797,False
421,2246,False
422,2184,True
423,1595,False
424,3222,False
425,2372,False
426,1850,True
427,1750,True
428,2594,False
429,2334,False
430,2624,False
431,1763,True
432,3630,True
433,2636,True
434,3462,False
435,1522,False
436,1623,True
437,2508,True
438,2083,True
439,1031,False
440,2753,False
441,2156,True
442,2578,True
443,1967,True
444,2793,True
445,3290,True
446,2087,False
447,2987,False
448,1538,True
449,2317,True
450,2569,True
451,2757,False
452,2766,True
453,2403,True
454,2339,True
455,1951,False
456,3032,False
457,2265,False
458,2359,True
459,2781,True
460,3033,True
461,4847,False
462,2207,True
463,3051,True
464,1821,False
465,2992,False
466,2852,False
467,2048,True
468,1927,False
469,2902,False
470,1871,True
471,2572,True
472,2705,False
473,2704,True
474,1900,True
475,3164,True
476,2855,False
477,2029,True
478,2806,False
479,3621,False
480,2691,False
481,1946,True
482,2426,False
483,2563,False
484,2573,False
485,1642,True
486,2631,True
487,1745,True
488,1743,True
489,1593,False
490,2995,True
491,2617,False
492,3408,False
493,2348,True
494,2911,False
495,1875,False
496,1737,True
497,2551,True
498,1996,True
499,3505,True
500,2632,True
501,2067,True
502,1760,False
503,2586,True
504,1781,False
505,1847,True
506,1996,True
507,1797,True
508,2947,True
509,1826,True
510,2183,True
511,1950,True
512,1599,False
513,4558,False
514,2391,True
515,3022,False
516,2525,True
517,1959,False
518,2947,True
519,1850,True
520,1658,False
521,2849,False
522,2743,False
523,2147,False
524,2674,True
525,2250,True
526,2028,False
527,2461,True
528,2308,True
529,1688,True
530,3173,False
531,2458,True
532,1839,True
533,2346,False
534,3122,False
535,1358,True
536,2934,False
537,3141,False
538,2244,False
539,3494,True
540,3392,False
541,2177,False
542,1915,False
543,3551,False
544,1805,False
545,3388,True
546,2670,False
547,2227,True
548,2035,True
549,3054,False
550,2342,False
551,2918,True
552,1978,False
553,2150,False
554,1878,True
555,2107,True
556,1964,False
557,3037,False
558,1926,True
559,2319,False
560,1878,False
561,2237,True
562,1936,False
563,1336,True
564,900,False
565,1828,False
566,4103,False
567,2381,False
568,3180,False
569,3851,False
570,1603,True
571,3008,False
572,1653,False
573,2082,False
574,1215,False
575,3141,False
576,2248,False
577,2133,True
578,2714,True
579,2124,False
580,2164,True
581,1896,False
582,3039,True
583,2465,False
584,2848,False
585,2103,False
586,2520,True
587,2480,False
588,2452,False
589,2840,False
590,1764,True
591,3217,False
592,1743,True
593,2814,False
594,1629,True
595,2368,True
596,2447,False
597,3156,False
598,3820,True
599,1871,False
600,3271,False
601,2300,True
602,1622,False
603,2660,False
604,3034,False
605,2985,False
606,2857,True
607,2300,False
608,3189,True
609,2215,False
610,1911,False
611,1860,False
612,1775,True
613,2594,True
614,2373,False
615,1554,True
616,2727,True
617,1225,False
618,2529,False
619,2799,False
620,1095,True
621,2060,False
622,4126,False
623,1651,True
624,2761,False
625,1709,False
626,1842,False
627,1766,True
628,2010,True
629,1831,False
630,2642,False
631,2635,False
632,2790,True
633,1301,False
634,4038,False
635,2155,False
636,3548,False
637,2417,True
638,2142,False
639,3208,True
640,2250,True
641,2057,True
642,3195,False
643,2151,False
644,3180,True
645,2805,False
646,2978,False
647,2115,False
648,2940,False
649,2349,True
650,2485,False
651,2418,True
652,3066,False
653,2550,True
654,3895,True
655,3034,False
656,3506,False
657,2432,False
658,2377,True
659,2581,True
660,3068,False
661,2888,True
662,2401,True
663,3591,True
664,3619,True
665,2527,False
666,2328,True
667,2503,True
668,1976,False
669,1905,True
670,1544,True
671,2075,True
672,2165,True
673,2317,True
674,2636,False
675,2343,True
676,2101,True
677,2808,True
678,2996,True
679,3229,True
680,2757,False
681,3402,False
682,1729,False
683,1763,True
684,2630,True
685,1972,False
686,1909,True
687,2072,True
688,2303,True
689,2855,True
690,3123,True
691,2710,True
692,3544,False
693,2559,False
694,2425,False
695,3630,True
696,2384,True
697,2174,True
698,4300,True
699,3029,False
700,1411,True
701,2825,True
702,2011,True
703,1985,True
704,1755,True
705,1994,True
706,2937,True
707,2517,True
708,2944,True
709,2345,True
710,2922,True
711,1519,True
712,1190,False
713,3235,True
714,4901,True
715,2679,True
716,2271,True
717,2531,False
718,3352,False
719,1519,False
720,2021,False
721,2972,True
722,2463,True
723,2476,False
724,2837,False
725,2475,True
726,2124,False
727,1605,False
728,1712,True
729,2257,True
730,3071,False
731,3187,False
732,3229,True
733,3337,True
734,2891,True
735,1708,True
736,2714,True
737,2032,False
738,2120,False
739,2892,False
740,2287,False
741,2716,False
742,2319,False
743,2326,True
744,2336,False
745,2346,True
746,2808,True
747,1440,True
748,2616,False
749,2201,True
750,2886,True
751,3311,True
752,2174,False
753,3935,False
754,1599,False
755,1670,True
756,2752,False
757,1530,True
758,2754,True
759,2199,False
760,2275,False
761,2598,False
762,2227,False
763,1862,True
764,2244,True
765,1691,True
766,1590,False
767,2523,False
768,1779,False
769,2445,False
770,1185,True
771,3197,False
772,2381,False
773,2675,True
774,4163,False
775,2198,True
776,2390,True
777,2446,False
778,2906,False
779,1283,True
780,1621,False
781,4115,True
782,2799,False
783,3627,True
784,2362,True
785,2248,False
786,2706,True
787,2147,False
788,2165,True
789,2123,True
790,2788,True
791,2271,True
792,2554,False
793,2355,False
794,2402,True
795,2003,True
796,2875,False
797,1422,True
798,2235,False
799,2670,False
800,1801,True
801,3731,False
802,2654,True
803,2353,False
804,1990,True
805,2845,False
806,1443,True
807,2075,False
808,2527,True
809,2212,True
810,1916,False
811,1882,False
812,3178,False
813,1475,True
814,1608,True
815,3941,False
816,1693,False
817,2214,False
818,2417,True
819,4049,False
820,2642,False
821,2560,False
822,2046,False
823,2604,True
824,1775,False
825,2606,False
826,1894,False
827,3376,False
828,3987,True
829,3399,True
830,1831,True
831,2534,False
832,1766,True
833,1664,False
834,3381,False
835,1611,True
836,866,False
837,2494,True
838,2181,False
839,3057,False
840,2451,False
841,2588,True
842,2781,True
843,2217,False
844,1410,True
845,2600,False
846,2717,False
847,1456,True
848,3133,False
849,2896,True
850,1956,True
851,2753,True
852,2232,False
853,1701,False
854,1596,True
855,2966,False
856,2109,True
857,4399,True
858,3550,False
859,1714,True
860,3023,False
861,1868,True
862,2488,False
863,3423,False
864,3282,True
865,2520,True
866,3658,True
867,2141,False
868,2383,False
869,1944,False
870,3013,False
871,2296,False
872,2470,False
873,3178,False
874,2248,False
875,2727,False
876,2273,False
877,2542,False
878,2578,True
879,1819,True
880,2123,False
881,1903,True
882,3533,False
883,1994,True
884,2397,True
885,3135,False
886,2613,False
887,2403,True
888,2840,False
889,2936,True
890,2242,False
891,1589,True
892,2339,True
893,2693,False
894,1947,True
895,2365,True
896,3160,False
897,2906,False
898,2278,False
899,2800,True
900,2747,True
901,3042,False
902,2133,False
903,4319,True
904,2978,False
905,3189,False
906,3127,True
907,1942,True
908,2211,True
909,2496,True
910,2379,False
911,1981,False
912,1643,True
913,1045,True
914,2710,False
915,2670,False
916,1929,True
917,1704,False
918,2269,True
919,1950,True
920,1931,True
921,1802,False
922,2649,True
923,2351,False
924,2453,False
925,2638,True
926,3250,True
927,2635,True
928,2718,False
929,2928,False
930,3121,False
931,4559,True
932,3250,False
933,2526,False
934,2247,False
935,2886,False
936,4388,False
937,2342,False
938,2808,False
939,1864,True
940,2144,False
941,2745,True
942,2253,True
943,2544,False
944,2152,False
945,2168,True
946,2430,True
947,1707,False
948,2748,False
949,2845,True
950,2566,False
951,3266,True
952,1725,False
953,2550,False
954,2375,True
955,3361,True
956,2334,True
957,3059,False
958,2350,True
959,3562,True
960,1808,False
961,1884,True
962,2380,True
963,3158,True
964,2404,True
965,2037,True
966,2454,True
967,2365,False
968,2290,False
969,3528,False
970,2374,True
971,1721,True
972,2652,False
973,1277,True
974,2072,True
975,2174,False
976,3916,False
977,2280,False
978,2905,True
979,2068,False
980,1238,False
981,2356,True
982,2924,True
983,2619,True
984,2331,False
985,2187,True
986,2295,True
987,2372,True
988,2374,True
989,3258,True
990,2832,False
991,2864,True
992,1850,True
993,1878,False
994,1893,True
995,2358,True
996,2062,True
997,1840,True
998,2368,False
999,1718,True
1000,2816,True
1001,2808,False
1002,3773,True
1003,3832,False
1004,1604,False
1005,5103,True
1006,2333,True
1007,2220,True
1008,2348,True
1009,2355,True
1010,2611,True
1011,1531,False
1012,1868,False
1013,3184,True
1014,1526,False
1015,1852,False
1016,2445,True
1017,3076,True
1018,2052,False
1019,2190,False
1020,1939,True
1021,2025,False
1022,2931,False
1023,2608,False
1024,3678,False
1025,2717,False
1026,2947,True
1027,2804,False
1028,3825,False
1029,1606,False
1030,2807,True
1031,2463,False
1032,2358,False
1033,1977,True
1034,3403,True
1035,2201,True
1036,2648,True
1037,2946,False
1038,3113,False
1039,3012,False
1040,2149,True
1041,2148,False
1042,2735,True
1043,1579,False
1044,2638,True
1045,3100,False
1046,3638,False
1047,4142,True
1048,2483,False
1049,2023,True
1050,2701,False
1051,1795,False
1052,2748,False
1053,2945,False
1054,2115,False
1055,3041,False
1056,2605,False
1057,2191,True
1058,4111,True
1059,2600,False
1060,2233,True
1061,2653,True
1062,2075,True
1063,2396,True
1064,2081,False
1065,1572,True
1066,3634,False
1067,2589,False
1068,3604,True
1069,3554,False
1070,4170,False
1071,1949,True
1072,2472,False
1073,3002,False
1074,2499,True
1075,2085,True
1076,2583,False
1077,2609,False
1078,1909,False
1079,3019,False
1080,2704,True
1081,2252,False
1082,2406,False
1083,2535,True
1084,3571,False
1085,1997,False
1086,2127,False
1087,3668,True
1088,1894,True
1089,1565,False
1090,1841,False
1091,2800,False
1092,2112,True
1093,2541,False
1094,2686,True
1095,3205,True
1096,1947,False
1097,2541,False
1098,3017,True
1099,2640,False
1100,3140,True
1101,3560,False
1102,3651,False
1103,1757,True
1104,2157,False
1105,2040,False
1106,2834,True
1107,3242,True
1108,2193,True
1109,2683,False
1110,3453,False
1111,2429,False
1112,2655,True
1113,3248,True
1114,2237,False
1115,3121,False
1116,2150,True
1117,1721,True
1118,1814,True
1119,4157,True
1120,3419,True
1121,2163,True
1122,3530,True
1123,1958,False
1124,2639,True
1125,2804,False
1126,1845,True
1127,2625,False
1128,2412,False
1129,2797,False
1130,3527,True
1131,2363,False
1132,1573,True
1133,2884,False
1134,2426,False
1135,1277,False
1136,2191,True
1137,3111,False
1138,1963,True
1139,4513,False
1140,1976,True
1141,2120,False
1142,2033,False
1143,3304,False
1144,2163,False
1145,2859,False
1146,2281,False
1147,1889,True
1148,1815,True
1149,2587,True
1150,2009,True
1151,1103,False
1152,3430,True
1153,2985,True
1154,1286,True
1155,2450,True
1156,2275,True
1157,2004,True
1158,2067,False
1159,2327,True
1160,1533,False
1161,2408,True
1162,2637,False
1163,2127,True
1164,1834,True
1165,3037,False
1166,1782,True
1167,3010,True
1168,1902,False
1169,2953,False
1170,1537,True
1171,3315,False
1172,2438,True
1173,2095,True
1174,2879,False
1175,2349,False
1176,1878,True
1177,2570,False
1178,2198,False
1179,2922,True
1180,2392,False
1181,2997,False
1182,2512,True
1183,1211,True
1184,1823,False
1185,3238,False
1186,2498,False
1187,3330,False
1188,1959,False
1189,1488,False
1190,3207,False
1191,2100,False
1192,2974,True
1193,1979,False
1194,4039,True
1195,2121,False
1196,1424,True
1197,2149,False
1198,3086,False
1199,2297,True
1200,1585,False
1201,3024,False
1202,3076,False
1203,2617,True
1204,2285,False
1205,2791,True
1206,2763,True
1207,2901,True
1208,2440,True
1209,2354,True
1210,2065,True
1211,2217,False
1212,1965,True
1213,2288,False
1214,2063,True
1215,1920,True
1216,1955,True
1217,2504,True
1218,2062,True
1219,2549,False
1220,2771,True
1221,272,False
1222,3579,True
1223,2902,False
1224,1938,True
1225,2274,False
1226,3076,True
1227,2690,True
1228,2415,True
1229,1752,False
1230,1857,False
1231,3378,True
1232,3557,False
1233,2145,False
1234,2135,False
1235,2002,True
1236,2375,False
1237,2174,True
1238,1746,True
1239,2576,False
1240,2612,False
1241,3251,True
1242,3891,True
1243,2215,False
1244,2406,False
1245,2201,False
1246,2878,False
1247,2029,True
1248,2199,False
1249,2272,True
1250,2965,False
1251,3889,True
1252,2229,False
1253,1220,True
1254,2459,True
1255,2122,False
1256,2483,True
1257,1937,False
1258,2088,True
1259,1951,False
1260,2893,False
1261,2483,True
1262,1917,False
1263,2912,True
1264,1956,False
1265,2448,True
1266,1925,True
1267,2599,False
1268,767,True
1269,2209,True
1270,2558,True
1271,2373,False
1272,1816,True
1273,2165,False
1274,2546,False
1275,2170,False
1276,3063,True
1277,2406,False
1278,2009,False
1279,422,True
1280,3538,False
1281,2741,False
1282,2189,False
1283,2963,False
1284,2041,True
1285,1922,True
1286,3119,True
1287,2848,True
1288,1912,True
1289,3513,False
1290,1676,True
1291,3538,False
1292,2192,False
1293,1597,True
1294,1866,True
1295,3080,False
1296,3484,False
1297,1973,False
1298,3596,True
1299,2431,False
1300,1989,True
1301,2451,True
1302,2675,False
1303,1764,True
1304,2867,False
1305,2353,False
1306,3028,False
1307,2393,True
1308,3145,False
1309,4084,True
1310,1817,True
1311,2811,True
1312,2518,True
1313,2724,False
1314,2938,False
1315,1395,True
1316,2938,False
1317,1773,True
1318,2941,True
1319,1686,True
1320,3056,False
1321,3029,False
1322,1582,True
1323,1682,True
1324,2560,False
1325,2265,False
1326,1612,True
1327,3499,False
1328,2112,True
1329,2331,True
1330,2780,False
1331,2382,True
1332,1893,False
1333,2663,True
1334,1933,True
1335,1818,False
1336,2573,True
1337,2236,True
1338,1595,True
1339,1659,True
1340,2815,False
1341,2131,False
1342,2228,False
1343,2140,True
1344,1982,True
1345,2111,False
1346,1179,True
1347,1930,False
1348,5462,True
1349,3382,False
1350,2647,False
1351,2606,False
1352,2810,True
1353,3354,True
1354,1784,False
1355,3601,True
1356,2176,False
1357,3896,True
1358,2700,False
1359,2425,True
1360,2828,True
1361,2417,False
1362,2002,True
1363,2552,True
1364,2584,True
1365,1160,True
1366,2531,False
1367,2594,True
1368,2296,True
1369,3330,False
1370,1958,True
1371,3775,False
1372,2365,False
1373,2291,True
1374,2231,True
1375,2788,True
1376,2125,False
1377,1911,True
1378,1995,False
1379,2570,True
1380,2056,False
1381,2511,True
1382,2309,True
1383,1851,False
1384,3396,False
1385,3016,True
1386,2284,False
1387,1972,False
1388,1718,False
1389,2407,False
1390,2193,True
1391,3677,False
1392,2675,False
1393,1750,False
1394,2865,True
1395,2639,True
1396,2233,True
1397,2921,False
1398,1826,True
1399,2300,False
1400,3082,False
1401,1616,True
1402,2025,False
1403,2577,False
1404,3236,False
1405,1460,True
1406,2819,False
1407,2627,False
1408,1949,False
1409,1826,True
1410,2986,False
1411,2986,False
1412,2845,True
1413,3250,False
1414,1486,True
1415,3833,True
1416,2120,True
1417,1663,False
1418,3172,False
1419,1469,False
1420,3233,True
1421,2693,True
1422,2627,True
1423,1551,True
1424,3846,True
1425,2362,True
1426,2970,False
1427,3416,True
1428,2640,False
1429,2720,True
1430,2870,True
1431,2153,False
1432,1833,True
1433,2570,False
1434,2849,False
1435,2508,True
1436,1970,True
1437,2278,False
1438,2417,True
1439,1910,True
1440,1195,True
1441,2012,False
1442,2123,True
1443,1757,True
1444,4702,False
1445,2674,True
1446,2519,True
1447,3005,False
1448,1994,True
1449,2699,False
1450,1461,True
1451,2297,False
1452,1964,False
1453,1842,True
1454,2533,True
1455,2150,True
1456,2533,False
1457,3180,True
1458,1837,True
1459,3060,True
1460,3203,True
1461,2758,False
1462,2345,True
1463,1749,False
1464,2181,True
1465,2467,False
1466,2131,False
1467,2480,True
1468,2104,True
1469,1571,True
1470,2105,True
1471,2567,True
1472,3296,True
1473,3695,False
1474,2213,False
1475,3163,True
1476,3218,True
1477,2760,False
1478,1943,False
1479,1842,True
1480,2048,False
1481,1784,True
1482,1584,True
1483,3226,True
1484,1625,True
1485,1791,True
1486,3103,False
1487,3047,True
1488,2541,True
1489,2976,False
1490,2495,True
1491,4271,True
1492,3904,True
1493,1760,True
1494,2555,True
1495,2524,True
1496,2048,False
1497,2414,True
1498,2942,False
1499,2426,False
1500,1790,True
1501,2196,False
1502,4906,False
1503,3159,True
1504,2016,False
1505,1886,True
1506,3250,True
1507,2848,True
1508,3018,False
1509,2894,True
1510,2576,False
1511,3168,True
1512,2063,True
1513,2577,True
1514,3373,True
1515,1972,False
1516,1942,False
1517,2653,True
1518,1896,True
1519,2821,False
1520,4018,False
1521,3020,True
1522,2496,True
1523,1799,True
1524,2163,False
1525,1777,True
1526,2799,True
1527,2204,False
1528,2628,False
1529,2978,True
1530,1461,False
1531,2328,True
1532,2859,True
1533,2686,True
1534,1615,True
1535,2668,False
1536,2370,False
1537,1461,True
1538,1753,False
1539,2573,True
1540,3425,True
1541,1723,True
1542,2355,True
1543,2146,False
1544,2343,False
1545,2751,True
1546,2323,True
1547,2019,True
1548,2946,True
1549,2604,False
1550,2525,False
1551,2905,True
1552,3207,True
1553,2814,True
1554,2546,True
1555,2407,True
1556,1933,False
1557,2986,False
1558,2576,False
1559,3611,False
1560,2660,False
1561,1822,True
1562,2491,True
1563,2126,False
1564,1709,False
1565,2174,True
1566,2541,True
1567,2192,True
1568,2641,True
1569,3863,False
1570,2531,False
1571,1929,True
1572,2110,False
1573,3013,False
1574,3225,True
1575,1562,False
1576,1999,True
1577,3038,True
1578,2612,False
1579,1741,True
1580,3686,False
1581,1448,True
1582,2203,False
1583,2278,False
1584,2212,False
1585,2641,False
1586,3688,True
1587,2347,False
1588,2575,True
1589,1995,True
1590,1928,False
1591,2462,True
1592,1809,False
1593,2354,False
1594,1855,False
1595,3004,True
1596,1448,True
1597,2034,True
1598,3985,True
1599,3178,True
1600,3185,False
1601,2427,False
1602,2533,False
1603,2985,True
1604,2593,False
1605,1944,True
1606,2310,True
1607,1541,True
1608,2783,True
1609,1754,False
1610,6038,False
1611,1578,False
1612,3832,True
1613,2889,False
1614,1639,False
1615,1472,True
1616,3977,False
1617,2073,False
1618,2998,True
1619,2799,False
1620,1799,True
1621,1441,True
1622,2100,True
1623,2389,False
1624,2463,False
1625,4356,True
1626,2477,False
1627,3227,True
1628,1752,False
1629,2609,True
1630,2632,True
1631,2943,False
1632,605,False
1633,2165,True
1634,2817,False
1635,3028,False
1636,2871,False
1637,1930,True
1638,2897,False
1639,2392,False
1640,2061,False
1641,3000,True
1642,2494,True
1643,2210,False
1644,2361,False
1645,2479,True
1646,2069,False
1647,3362,False
1648,3832,False
1649,3472,True
1650,2574,False
1651,2137,True
1652,3007,True
1653,2829,False
1654,3441,False
1655,2694,False
1656,2159,False
1657,1956,False
1658,2336,True
1659,2951,True
1660,3152,False
1661,2373,True
1662,2366,True
1663,1586,True
1664,2308,True
1665,1616,False
1666,1838,True
1667,1657,True
1668,2709,False
1669,2403,False
1670,2393,False
1671,2667,True
1672,1331,False
1673,3058,False
1674,2745,True
1675,2041,False
1676,3638,False
1677,1996,True
1678,2351,True
1679,1672,True
1680,2344,False
1681,2397,False
1682,1499,True
1683,2598,False
1684,1635,False
1685,1643,True
1686,2630,True
1687,1963,True
1688,3733,True
1689,2019,False
1690,2234,False
1691,2058,True
1692,1580,False
1693,2772,True
1694,3014,False
1695,2633,False
1696,1771,True
1697,2268,True
1698,4540,True
1699,3017,False
1700,2322,True
1701,2355,True
1702,1351,True
1703,2723,True
1704,2789,False
1705,2021,True
1706,2217,True
1707,2132,False
1708,1785,True
1709,3050,True
1710,3264,True
1711,3291,False
1712,2222,True
1713,2334,True
1714,1706,True
1715,2220,True
1716,650,False
1717,3810,False
1718,3036,False
1719,1276,False
1720,3417,False
1721,2682,False
1722,2587,True
1723,2584,False
1724,2638,False
1725,2538,True
1726,2126,False
1727,2096,False
1728,2926,True
1729,1691,True
1730,2485,False
1731,2870,True
1732,1311,True
1733,2553,True
1734,2939,True
1735,2941,False
1736,1938,True
1737,2006,False
1738,1896,False
1739,2800,True
1740,2364,False
1741,2134,True
1742,2773,True
1743,1909,False
1744,2280,True
1745,1688,True
1746,2516,True
1747,3224,True
1748,1987,True
1749,2386,False
1750,2292,True
1751,2995,False
1752,3366,False
1753,2179,False
1754,2870,False
1755,2004,False
1756,2512,False
1757,2324,True
1758,2444,False
1759,1964,False
1760,1773,True
1761,1905,False
1762,2216,True
1763,1596,True
1764,2107,False
1765,2184,True
1766,2110,True
1767,2298,False
1768,2169,False
1769,3542,False
1770,1965,True
1771,1910,True
1772,2992,True
1773,2984,False
1774,2080,True
1775,2208,True
1776,2797,False
1777,2258,True
1778,1006,False
1779,2849,True
1780,3737,True
1781,2789,False
1782,2356,False
1783,2515,False
1784,2189,False
1785,1531,True
1786,2768,False
1787,2272,True
1788,2860,False
1789,3640,True
1790,1970,False
1791,4700,True
1792,2334,True
1793,1714,True
1794,2592,False
1795,2103,True
1796,2967,True
1797,2429,False
1798,3242,True
1799,2180,True
1800,2724,True
1801,2578,False
1802,2580,False
1803,1936,True
1804,2220,True
1805,1450,False
1806,2263,True
1807,2812,True
1808,2311,False
1809,2456,False
1810,1852,False
1811,3199,True
1812,2027,True
1813,2866,True
1814,1913,True
1815,3097,False
1816,1996,True
1817,1677,True
1818,2432,False
1819,3535,True
1820,2678,False
1821,3380,True
1822,1868,False
1823,2276,True
1824,3267,True
1825,1801,False
1826,1439,False
1827,2902,True
1828,2402,True
1829,3384,False
1830,2041,True
1831,1907,True
1832,3671,False
1833,2540,False
1834,2360,False
1835,2402,False
1836,2416,True
1837,2088,False
1838,2114,True
1839,2282,False
1840,2733,False
1841,1044,False
1842,2076,True
1843,2061,True
1844,2153,False
1845,1558,True
1846,2329,False
1847,2926,True
1848,2905,True
1849,2424,True
1850,2685,True
1851,3452,True
1852,3511,False
1853,3589,True
1854,2251,False
1855,3399,True
1856,2946,False
1857,1404,True
1858,1731,True
1859,2338,False
1860,1907,True
1861,2885,False
1862,3647,False
1863,2419,True
1864,1924,True
1865,3049,False
1866,3163,False
1867,2108,True
1868,3199,True
1869,2043,True
1870,2245,False
1871,2329,False
1872,2271,False
1873,2339,True
1874,2549,True
1875,2461,True
1876,2396,False
1877,2436,True
1878,2716,False
1879,2032,True
1880,3803,True
1881,2801,True
1882,2190,True
1883,2710,True
1884,2256,True
1885,2969,False
1886,3353,False
1887,1505,False
1888,2350,True
1889,2402,True
1890,1876,True
1891,2794,True
1892,4254,False
1893,2004,True
1894,2173,False
1895,3431,False
1896,2115,True
1897,2060,True
1898,1990,True
1899,3071,False
1900,3643,True
1901,2994,True
1902,1427,False
1903,3314,True
1904,2164,True
1905,2248,False
1906,2194,False
1907,3871,False
1908,1952,False
1909,2216,False
1910,2158,False
1911,4488,True
1912,3375,False
1913,1993,True
1914,2534,True
1915,2175,True
1916,3145,False
1917,2150,True
1918,2157,True
1919,2208,True
1920,2840,True
1921,2574,False
1922,3241,False
1923,2277,False
1924,2901,False
1925,2448,True
1926,2948,False
1927,3228,False
1928,2870,False
1929,2348,True
1930,3408,False
1931,3507,False
1932,2022,True
1933,3349,True
1934,3049,False
1935,2741,False
1936,2783,False
1937,3776,False
1938,1709,False
1939,1470,True
1940,2352,False
1941,3250,True
1942,2713,True
1943,2553,True
1944,2210,True
1945,2572,True
1946,2750,False
1947,4140,True
1948,3436,True
1949,3500,False
1950,4660,True
1951,2956,False
1952,1900,True
1953,2588,True
1954,3487,True
1955,1772,True
1956,2407,True
1957,1635,True
1958,2663,True
1959,1431,False
1960,2398,False
1961,2897,False
1962,1616,True
1963,2434,True
1964,2847,False
1965,2469,False
1966,1645,True
1967,3239,True
1968,2466,True
1969,2787,False
1970,2441,True
1971,2386,True
1972,2314,False
1973,2814,False
1974,1652,True
1975,2631,True
1976,2009,True
1977,2796,False
1978,3277,True
1979,1870,True
1980,2128,True
1981,2048,True
1982,2940,True
1983,2944,False
1984,1448,True
1985,2179,False
1986,2608,True
1987,2444,True
1988,3083,False
1989,2107,True
1990,2157,False
1991,1498,True
1992,1202,True
1993,2025,False
1994,2741,True
1995,1943,True
1996,2092,True
1997,2622,True
1998,1630,True
1999,2764,False
2000,2132,False
2001,2406,True
2002,859,True
2003,1961,True
2004,1874,False
2005,3760,True
2006,2832,True
2007,3257,True
2008,1801,True
2009,1761,True
2010,2586,False
2011,2939,False
2012,2169,True
2013,1699,True
2014,1925,False
2015,1369,True
2016,2754,False
2017,2499,False
2018,1682,False
2019,3536,False
2020,3033,True
2021,1911,True
2022,2053,True
2023,3486,False
2024,3545,False
2025,2861,False
2026,2498,True
2027,1763,True
2028,2332,False
2029,3001,True
2030,2129,True
2031,2586,True
2032,2981,False
2033,2016,False
2034,2836,True
2035,1816,True
2036,1521,False
2037,2187,True
2038,1823,False
2039,1862,False
2040,2808,True
2041,1593,True
2042,1458,False
2043,3753,True
2044,2114,False
2045,2273,True
2046,1696,True
2047,2042,False
2048,2045,True
2049,2436,False
2050,2637,False
2051,2877,False
2052,1856,True
2053,2187,True
2054,3359,False
2055,1750,True
2056,3304,True
2057,3004,False
2058,2049,True
2059,2958,False
2060,1440,True
2061,3851,True
2062,3033,True
2063,2128,True
2064,1959,True
2065,3219,True
2066,2959,True
2067,3473,True
2068,2525,True
2069,3717,True
2070,1521,False
2071,2626,True
2072,3355,False
2073,3006,True
2074,3052,False
2075,1947,True
2076,1452,False
2077,2591,True
2078,3073,False
2079,3624,False
2080,441,True
2081,2610,True
2082,2937,True
2083,1964,True
2084,3828,False
2085,2214,True
2086,1638,False
2087,2928,False
2088,2265,True
2089,3046,False
2090,2716,False
2091,2968,False
2092,2047,False
2093,2701,True
2094,1909,True
2095,1900,False
2096,3603,True
2097,2868,True
2098,2402,True
2099,1528,False
2100,2727,True
2101,2889,True
2102,1765,False
2103,3162,True
2104,2491,True
2105,3186,True
2106,2635,True
2107,3481,False
2108,3015,False
2109,2418,True
2110,1668,True
2111,2647,True
2112,2018,True
2113,3208,False
2114,3031,True
2115,3333,False
2116,2442,False
2117,1541,True
2118,2528,False
2119,3233,True
2120,3569,False
2121,2692,False
2122,4383,False
2123,1998,True
2124,2387,False
2125,1756,False
2126,2740,False
2127,3200,True
2128,1843,True
2129,2296,True
2130,4372,True
2131,2488,False
2132,2316,True
2133,4466,False
2134,485,False
2135,3412,False
2136,1965,False
2137,2239,True
2138,2663,False
2139,1754,True
2140,1140,True
2141,2145,False
2142,3401,False
2143,2403,False
2144,2886,False
2145,2419,False
2146,2271,True
2147,1611,True
2148,2615,True
2149,2554,False
2150,1717,True
2151,2385,True
2152,2143,False
2153,1551,True
2154,2288,False
2155,2518,True
2156,2076,True
2157,1698,True
2158,2208,True
2159,1065,True
2160,2580,True
2161,2729,True
2162,2809,False
2163,2614,False
2164,4905,True
2165,2384,True
2166,2307,False
2167,2909,False
2168,1987,True
2169,2880,True
2170,2794,False
2171,2100,True
2172,2430,True
2173,1417,True
2174,3124,True
2175,1277,False
2176,2209,True
2177,2458,False
2178,2591,False
2179,3109,True
2180,867,True
2181,3469,False
2182,1771,True
2183,2370,False
2184,2514,False
2185,2680,False
2186,2543,False
2187,3740,True
2188,2353,False
2189,2863,False
2190,3100,True
2191,1839,True
2192,2516,True
2193,3437,True
2194,2631,False
2195,1796,True
2196,2539,True
2197,2779,False
2198,1671,True
2199,2920,False
2200,1998,False
2201,3715,True
2202,3299,False
2203,2256,True
2204,2048,True
2205,2065,True
2206,1903,True
2207,1614,False
2208,3500,True
2209,2154,False
2210,2714,False
2211,2804,True
2212,2302,True
2213,1750,True
2214,2742,False
2215,2157,False
2216,2418,False
2217,2231,False
2218,2360,True
2219,2055,False
2220,3747,False
2221,2872,False
2222,3124,True
2223,2601,False
2224,2966,False
2225,1326,True
2226,1537,True
2227,2604,True
2228,3301,True
2229,3361,True
2230,2672,True
2231,1967,True
2232,2342,False
2233,2452,True
2234,4046,False
2235,2060,False
2236,2336,False
2237,1851,True
2238,2061,False
2239,2584,False
2240,2082,False
2241,1948,True
2242,2338,False
2243,2041,True
2244,2446,True
2245,2681,False
2246,3886,False
2247,1761,True
2248,2338,True
2249,3196,True
2250,2210,False
2251,1576,True
2252,2078,True
2253,2801,False
2254,2448,False
2255,2383,True
2256,2049,False
2257,2232,False
2258,2007,False
2259,2629,True
2260,3186,False
2261,1326,True
2262,2053,False
2263,2861,True
2264,2531,False
2265,2438,True
2266,2550,True
2267,3333,False
2268,3306,False
2269,2888,False
2270,3122,True
2271,4046,True
2272,3016,False
2273,2788,False
2274,2874,True
2275,2830,True
2276,3434,False
2277,1990,True
2278,2281,False
2279,1769,False
2280,1935,False
2281,2640,True
2282,2012,True
2283,2132,False
2284,2028,False
2285,3204,False
2286,2420,False
2287,3851,True
2288,2431,True
2289,1874,False
2290,2478,True
2291,2179,False
2292,2790,False
2293,2211,True
2294,2575,True
2295,2573,True
2296,589,True
2297,2753,True
2298,2385,False
2299,3190,True
2300,1941,False
2301,2020,True
2302,2053,True
2303,2829,True
2304,3524,False
2305,3406,True
2306,3243,True
2307,1895,True
2308,2478,False
2309,2158,False
2310,2860,True
2311,2670,True
2312,1101,True
2313,1438,False
2314,2678,True
2315,2250,True
2316,1958,True
2317,2491,True
2318,2170,False
2319,2343,False
2320,2354,True
2321,1847,False
2322,3219,False
2323,1734,False
2324,2560,False
2325,1591,True
2326,3151,False
2327,2355,False
2328,2126,True
2329,3200,False
2330,3218,True
2331,3468,True
2332,2219,False
2333,2330,False
2334,2054,True
2335,2395,False
2336,2455,False
2337,2599,False
2338,3281,True
2339,2525,True
2340,2773,True
2341,2353,False
2342,2035,True
2343,936,False
2344,3445,True
2345,2324,False
2346,3140,True
2347,2701,True
2348,2788,True
2349,1491,True
2350,2097,False
2351,3041,True
2352,1965,True
2353,2510,False
2354,3288,True
2355,2210,True
2356,1944,True
2357,2386,True
2358,2031,True
2359,2999,True
2360,2841,True
2361,2451,True
2362,2319,False
2363,2028,True
2364,2596,False
2365,2964,False
2366,2917,True
2367,2933,False
2368,2380,False
2369,2484,False
2370,2292,False
2371,2072,True
2372,2341,True
2373,2515,False
2374,2377,True
2375,1991,True
2376,2093,False
2377,2037,True
2378,2274,False
2379,1774,True
2380,2667,True
2381,2463,True
2382,2265,False
2383,4104,False
2384,2075,True
2385,3437,False
2386,2972,False
2387,2731,False
2388,2052,True
2389,2306,True
2390,1401,True
2391,1882,True
2392,2607,True
2393,1586,True
2394,2434,True
2395,2388,False
2396,2188,True
2397,2869,False
2398,2492,False
2399,1133,True
2400,3555,False
2401,2759,True
2402,1968,True
2403,1961,True
2404,2156,True
2405,3149,True
2406,3540,False
2407,2571,False
2408,3168,True
2409,3609,True
2410,3054,True
2411,2855,False
2412,3622,False
2413,3191,False
2414,1635,False
2415,2104,True
2416,2544,False
2417,2518,False
2418,1764,False
2419,2678,False
2420,681,True
2421,2752,False
2422,2670,True
2423,2001,False
2424,3050,True
2425,3171,False
2426,2286,False
2427,1608,True
2428,2794,False
2429,2268,False
2430,3093,False
2431,1945,False
2432,1784,True
2433,4416,True
2434,1505,True
2435,2728,True
2436,2448,True
2437,2928,False
2438,2148,False
2439,1994,False
2440,3079,False
2441,1863,False
2442,3516,True
2443,2766,True
2444,1521,True
2445,2698,False
2446,2414,True
2447,2347,True
2448,2742,True
2449,2152,True
2450,1918,False
2451,3169,False
2452,2511,False
2453,1624,True
2454,2250,False
2455,3230,False
2456,2084,True
2457,2478,False
2458,4284,False
2459,1322,True
2460,2203,False
2461,2899,False
2462,2082,True
2463,2548,True
2464,2036,False
2465,2293,False
2466,1835,True
2467,3477,True
2468,2133,True
2469,3230,True
2470,3186,True
2471,2625,False
2472,2756,False
2473,2760,True
2474,2894,True
2475,2725,True
2476,2998,False
2477,3194,False
2478,1916,True
2479,1108,True
2480,3214,False
2481,2835,False
2482,3023,False
2483,2357,True
2484,2489,False
2485,1993,True
2486,1694,True
2487,2620,False
2488,2704,False
2489,2379,True
2490,1349,False
2491,2160,True
2492,1754,False
2493,1586,True
2494,2412,True
2495,2133,True
2496,2199,False
2497,2366,False
2498,2989,False
2499,2409,False
2500,2374,True
2501,3609,True
2502,2203,False
2503,2374,True
2504,2451,False
2505,1840,True
2506,3149,False
2507,3502,False
2508,2314,True
2509,2722,False
2510,1670,False
2511,1666,True
2512,3002,True
2513,2590,False
2514,3140,False
2515,1972,False
2516,2845,False
2517,2380,True
2518,2115,True
2519,2126,True
2520,2018,True
2521,2482,False
2522,2670,False
2523,2468,True
2524,2278,False
2525,3000,True
2526,2763,True
2527,998,True
2528,3174,False
2529,2545,False
2530,2657,False
2531,2243,False
2532,1882,True
2533,2624,True
2534,2491,False
2535,1917,True
2536,2784,True
2537,2976,False
2538,1076,False
2539,1520,True
2540,3530,False
2541,3267,True
2542,2263,True
2543,2157,False
2544,2192,True
2545,3148,False
2546,2059,True
2547,2667,True
2548,2620,False
2549,2174,False
2550,3239,False
2551,2852,True
2552,2162,False
2553,2854,False
2554,1660,True
2555,2475,False
2556,2669,True
2557,3449,False
2558,2859,False
2559,2345,False
2560,2336,False
2561,3202,True
2562,2194,False
2563,2251,False
2564,2234,False
2565,2904,False
2566,1693,True
2567,1709,True
2568,3695,False
2569,2495,True
2570,2145,True
2571,2456,False
2572,2872,True
2573,542,True
2574,2067,False
2575,2125,True
2576,2142,True
2577,2856,True
2578,2190,True
2579,2196,True
2580,2955,False
2581,2368,False
2582,2997,False
2583,3058,True
2584,2962,True
2585,2300,True
2586,1748,False
2587,2332,False
2588,2671,True
2589,2663,False
2590,1666,False
2591,2455,True
2592,1973,True
2593,2184,False
2594,3336,True
2595,1979,True
2596,2470,True
2597,2326,True
2598,4556,True
2599,3432,False
2600,2408,False
2601,2065,False
2602,3097,False
2603,1803,False
2604,2154,True
2605,3006,True
2606,2153,False
2607,2543,False
2608,2999,False
2609,1529,False
2610,2017,True
2611,3317,True
2612,2558,False
2613,1682,True
2614,2316,False
2615,1902,True
2616,1093,True
2617,3216,False
2618,2253,True
2619,2969,True
2620,2557,False
2621,2364,True
2622,2365,False
2623,3464,False
2624,2626,False
2625,2702,False
2626,3204,False
2627,2884,True
2628,2228,False
2629,3207,True
2630,3011,True
2631,2231,False
2632,2176,False
2633,2709,True
2634,2984,False
2635,2996,True
2636,3033,False
2637,2447,False
2638,2594,False
2639,2147,False
2640,1854,False
2641,3060,True
2642,3859,True
2643,2642,True
2644,2578,True
2645,1729,False
2646,2909,True
2647,2469,False
2648,4098,True
2649,2118,False
2650,1834,True
2651,2432,False
2652,1786,True
2653,2590,True
2654,2497,True
2655,2547,False
2656,2834,False
2657,1805,True
2658,1707,False
2659,2271,True
2660,2973,False
2661,3040,False
2662,1773,True
2663,3104,True
2664,3612,True
2665,3080,False
2666,1664,False
2667,2988,True
2668,3272,True
2669,2182,False
2670,1970,False
2671,2840,False
2672,2832,False
2673,2450,False
2674,3212,False
2675,2988,True
2676,3743,False
2677,2423,True
2678,2134,True
2679,2896,True
2680,2417,True
2681,2344,False
2682,2537,False
2683,1537,False
2684,2458,True
2685,2171,True
2686,2844,False
2687,2157,False
2688,2175,False
2689,2590,True
2690,1570,False
2691,2339,False
2692,2821,True
2693,2961,True
2694,2132,True
2695,2543,True
2696,1653,False
2697,2672,False
2698,2316,False
2699,2966,False
2700,2237,True
2701,1606,False
2702,1787,True
2703,2799,False
2704,2599,False
2705,1993,True
2706,2487,False
2707,2653,True
2708,2611,True
2709,1907,False
2710,3060,False
2711,3513,True
2712,2975,True
2713,3177,True
2714,2237,False
2715,2466,True
2716,2154,True
2717,2952,True
2718,2800,True
2719,3159,True
2720,2946,True
2721,2964,True
2722,1917,True
2723,2931,False
2724,1996,True
2725,3073,True
2726,2454,False
2727,3166,False
2728,1853,False
2729,2610,False
2730,2568,True
2731,1356,True
2732,3369,True
2733,2586,True
2734,3293,False
2735,1754,True
2736,2392,True
2737,2897,False
2738,1674,True
2739,3476,False
2740,2759,False
2741,2575,True
2742,2390,False
2743,1943,True
2744,2794,False
2745,2017,True
2746,1810,True
2747,2206,False
2748,2851,True
2749,1731,True
2750,3130,False
2751,1298,True
2752,1574,True
2753,2440,True
2754,2037,False
2755,2633,True
2756,1617,False
2757,1951,True
2758,1665,True
2759,2984,False
2760,2508,False
2761,2205,True
2762,2491,False
2763,2278,True
2764,2199,True
2765,2494,True
2766,2341,False
2767,3086,True
2768,1148,False
2769,1607,True
2770,2401,False
2771,3542,False
2772,2088,False
2773,1084,True
2774,1411,False
2775,1864,True
2776,2046,False
2777,1741,False
2778,2742,False
2779,2174,True
2780,1990,True
2781,2961,True
2782,1824,False
2783,3112,True
2784,3677,True
2785,2776,False
2786,2640,False
2787,2185,True
2788,2739,False
2789,2971,False
2790,1997,False
2791,2187,False
2792,1996,False
2793,4805,False
2794,2601,False
2795,2407,True
2796,1882,False
2797,1976,False
2798,2469,True
2799,3832,False
2800,2390,True
2801,1580,True
2802,2080,True
2803,2833,True
2804,1607,False
2805,3084,True
2806,2412,True
2807,2641,True
2808,4083,False
2809,3052,True
2810,1865,False
2811,3386,True
2812,1605,True
2813,2207,True
2814,2233,True
2815,1615,True
2816,1764,False
2817,2758,False
2818,2629,True
2819,3032,False
2820,2350,False
2821,1915,False
2822,2539,True
2823,2840,True
2824,2127,False
2825,2395,True
2826,2159,True
2827,3105,False
2828,2486,True
2829,2220,True
2830,1542,True
2831,2502,True
2832,2181,True
2833,2482,False
2834,2463,False
2835,1594,True
2836,2097,False
2837,2546,True
2838,1850,False
2839,1945,False
2840,2289,False
2841,3161,False
2842,2202,True
2843,2317,False
2844,1553,False
2845,3014,True
2846,2138,False
2847,3816,True
2848,1936,True
2849,2301,False
2850,2023,True
2851,1739,True
2852,1797,False
2853,2923,False
2854,3391,True
2855,1566,True
2856,1741,True
2857,3294,True
2858,2008,True
2859,2346,False
2860,2835,True
2861,3636,False
2862,2515,True
2863,2026,False
2864,1355,True
2865,1246,False
2866,2150,True
2867,3252,False
2868,2203,False
2869,2474,True
2870,2063,False
2871,2594,False
2872,2708,True
2873,2951,True
2874,1863,False
2875,3326,True
2876,2658,True
2877,2110,False
2878,2160,True
2879,2677,True
2880,1860,True
2881,3122,False
2882,3617,False
2883,3639,False
2884,2605,True
2885,3030,True
2886,2358,False
2887,3906,True
2888,1912,False
2889,3617,False
2890,3423,True
2891,2040,True
2892,2490,True
2893,2204,False
2894,1997,False
2895,2602,True
2896,1312,False
2897,1775,False
2898,1877,False
2899,2575,True
2900,1917,True
2901,3247,True
2902,2047,True
2903,3859,False
2904,2298,True
2905,2823,False
2906,2761,True
2907,2244,False
2908,3570,False
2909,1726,True
2910,1648,False
2911,2181,True
2912,1160,True
2913,1738,True
2914,1489,True
2915,2767,True
2916,2865,False
2917,2494,True
2918,3130,True
2919,1950,False
2920,1940,False
2921,3142,True
2922,2996,True
2923,1915,False
2924,2060,True
2925,1252,True
2926,2081,True
2927,2073,True
2928,1414,True
2929,2146,False
2930,3948,False
2931,1994,True
2932,2418,False
2933,2346,False
2934,2327,True
2935,2319,False
2936,1336,True
2937,2656,False
2938,2010,False
2939,2312,True
2940,2210,True
2941,2212,True
2942,3328,False
2943,3244,True
2944,2664,True
2945,3155,False
2946,2717,True
2947,3423,False
2948,2274,True
2949,2285,True
2950,2183,False
2951,2791,True
2952,1450,True
2953,2266,False
2954,3257,True
2955,3853,True
2956,3631,True
2957,3779,True
2958,2416,True
2959,2554,True
2960,2896,True
2961,2638,True
2962,2384,False
2963,2450,True
2964,2601,False
2965,3000,True
2966,1921,True
2967,2299,False
2968,1307,True
2969,2817,True
2970,4191,True
2971,1554,False
2972,1909,False
2973,1483,True
2974,2207,False
2975,2470,True
2976,2716,True
2977,2235,False
2978,3630,False
2979,2225,False
2980,2972,False
2981,2040,True
2982,2530,True
2983,3213,False
2984,2425,False
2985,3102,True
2986,3858,False
2987,2347,True
2988,1263,True
2989,1972,True
2990,2510,True
2991,2555,True
2992,1978,True
2993,2240,True
2994,2005,True
2995,1653,False
2996,3206,False
2997,3160,True
2998,2173,False
2999,3646,True
3000,2236,False
3001,2678,True
3002,2868,False
3003,1955,True
3004,1686,True
3005,2993,False
3006,1978,True
3007,2318,True
3008,3439,False
3009,2897,True
3010,1978,False
3011,2462,True
3012,2480,False
3013,1641,True
3014,1987,True
3015,3434,False
3016,1971,True
3017,2499,False
3018,2393,False
3019,3089,False
3020,2468,True
3021,2926,False
3022,3001,False
3023,2471,True
3024,2378,True
3025,1624,True
3026,1726,True
3027,1205,True
3028,1845,True
3029,2004,True
3030,2740,True
3031,2148,False
3032,1592,False
3033,2075,False
3034,1294,True
3035,2074,False
3036,2450,True
3037,3386,False
3038,3668,True
3039,2710,True
3040,2208,True
3041,2151,False
3042,2620,True
3043,1710,False
3044,2233,True
3045,2713,True
3046,3250,True
3047,2989,False
3048,2430,True
3049,2961,False
3050,2536,True
3051,3053,False
3052,2589,True
3053,2477,False
3054,1871,False
3055,2246,False
3056,3370,False
3057,2971,False
3058,1612,True
3059,2550,False
3060,3218,True
3061,2529,True
3062,2088,True
3063,2068,True
3064,1816,True
3065,2493,False
3066,3579,True
3067,2485,True
3068,1627,False
3069,2402,True
3070,2434,True
3071,1801,True
3072,2906,False
3073,2015,False
3074,2029,False
3075,2803,True
3076,2032,False
3077,2097,False
3078,1886,True
3079,3772,False
3080,2308,True
3081,2490,False
3082,2688,False
3083,1722,False
3084,2926,True
3085,2865,True
3086,2876,True
3087,2483,False
3088,2581,False
3089,2239,True
3090,1742,False
3091,2309,False
3092,2143,False
3093,1731,True
3094,2148,True
3095,2393,True
3096,2182,True
3097,2474,False
3098,1972,False
3099,2483,False
3100,2323,False
3101,2477,False
3102,1606,True
3103,2480,True
3104,3133,True
3105,3013,False
3106,3343,False
3107,2081,False
3108,2201,False
3109,1898,False
3110,1938,True
3111,983,False
3112,2592,False
3113,1794,False
3114,2908,True
3115,3431,True
3116,2251,False
3117,2783,True
3118,2151,False
3119,2277,True
3120,2149,False
3121,2633,False
3122,1933,True
3123,2180,True
3124,1908,False
3125,2487,False
3126,2986,False
3127,1605,True
3128,2519,True
3129,2084,True
3130,2466,False
3131,2466,True
3132,3834,False
3133,2846,False
3134,2927,True
3135,2208,False
3136,2353,True
3137,3317,True
3138,2383,True
3139,2520,True
3140,2974,False
3141,2234,True
3142,3143,True
3143,5017,True
3144,2331,True
3145,1911,True
3146,2960,True
3147,1822,True
3148,2884,False
3149,2491,False
3150,2716,False
3151,2356,True
3152,3088,False
3153,2000,True
3154,1043,True
3155,3308,False
3156,2104,False
3157,1951,True
3158,2028,True
3159,2345,False
3160,2134,False
3161,2726,True
3162,2150,False
3163,2932,True
3164,3061,True
3165,3053,False
3166,3462,False
3167,1993,False
3168,2252,False
3169,3351,False
3170,2156,False
3171,2934,True
3172,1941,False
3173,2714,False
3174,2290,True
3175,3189,True
3176,2255,False
3177,2674,True
3178,2824,True
3179,2541,False
3180,1749,False
3181,1890,False
3182,2792,False
3183,2042,True
3184,2784,False
3185,2010,False
3186,2054,False
3187,2472,True
3188,2320,True
3189,2526,False
3190,2747,False
3191,2814,True
3192,2420,True
3193,2190,True
3194,2134,True
3195,1711,True
3196,2839,True
3197,3549,False
3198,2935,True
3199,2295,False
3200,4121,False
3201,2439,True
3202,2366,False
3203,1471,True
3204,1122,True
3205,3953,False
3206,2685,False
3207,2947,True
3208,2354,True
3209,1883,True
3210,1427,False
3211,2371,True
3212,2296,True
3213,3275,True
3214,2321,False
3215,3002,False
3216,2793,True
3217,3291,False
3218,2025,False
3219,2098,True
3220,3542,True
3221,1968,False
3222,3120,False
3223,3204,True
3224,2851,False
3225,1635,False
3226,2373,True
3227,1688,False
3228,3025,True
3229,3872,False
3230,2798,True
3231,1865,True
3232,3142,False
3233,2546,True
3234,2339,True
3235,3089,False
3236,1950,True
3237,3114,False
3238,2735,True
3239,2605,False
3240,2197,False
3241,3548,True
3242,2500,False
3243,2371,False
3244,3016,False
3245,3336,True
3246,2689,True
3247,2280,False
3248,2820,True
3249,1895,False
3250,2464,True
3251,2150,True
3252,1777,True
3253,2334,False
3254,2127,True
3255,3885,False
3256,3179,False
3257,2191,True
3258,1614,True
3259,3037,False
3260,2919,False
3261,2622,False
3262,2306,True
3263,2924,False
3264,1700,False
3265,2923,True
3266,1791,False
3267,2781,True
3268,3308,False
3269,2509,False
3270,2711,False
3271,2151,True
3272,2413,False
3273,2361,True
3274,2504,False
3275,2958,True
3276,2077,True
3277,3706,True
3278,2697,False
3279,1820,False
3280,2967,False
3281,2380,True
3282,3878,False
3283,2926,False
3284,3168,True
3285,2181,True
3286,4140,False
3287,1148,False
3288,2017,True
3289,1835,True
3290,2341,True
3291,3453,True
3292,2776,True
3293,2620,False
3294,2017,True
3295,1717,True
3296,3395,False
3297,2767,True
3298,1975,False
3299,2514,True
3300,890,True
3301,1822,False
3302,2687,False
3303,2197,True
3304,2015,True
3305,1864,True
3306,2263,False
3307,3116,True
3308,3063,False
3309,1529,True
3310,3420,True
3311,2699,False
3312,2923,False
3313,3313,True
3314,2982,True
3315,1481,True
3316,2974,True
3317,1878,True
3318,2854,False
3319,3571,False
3320,2968,False
3321,2363,False
3322,2379,False
3323,3133,False
3324,3026,False
3325,2956,True
3326,2223,True
3327,2305,True
3328,2667,False
3329,2532,False
3330,3729,False
3331,2262,False
3332,2126,False
3333,1588,False
3334,1599,True
3335,2219,False
3336,1988,True
3337,2100,False
3338,2515,True
3339,3237,False
3340,2849,False
3341,2314,True
3342,2782,True
3343,2052,True
3344,1929,True
3345,2780,False
3346,1814,False
3347,3027,False
3348,2664,True
3349,2653,False
3350,2421,False
3351,2304,True
3352,1555,False
3353,1966,True
3354,1872,True
3355,2256,True
3356,1599,False
3357,1406,False
3358,1703,True
3359,2335,False
3360,3522,False
3361,2302,False
3362,2018,False
3363,2687,False
3364,2463,False
3365,2850,False
3366,2038,False
3367,2498,False
3368,2112,False
3369,2409,False
3370,1970,False
3371,2023,True
3372,4383,False
3373,2971,False
3374,2437,False
3375,2511,False
3376,3323,False
3377,2254,False
3378,3020,True
3379,2306,False
3380,1551,True
3381,1917,True
3382,2324,True
3383,2436,True
3384,2624,False
3385,2240,True
3386,2098,True
3387,1376,False
3388,2052,True
3389,2975,True
3390,1761,True
3391,2155,True
3392,3199,True
3393,2790,False
3394,1886,True
3395,2151,False
3396,1281,False
3397,2918,True
3398,2305,True
3399,1962,False
3400,2140,True
3401,1108,True
3402,1672,False
3403,1321,False
3404,2840,True
3405,1940,True
3406,1544,False
3407,3079,True
3408,2392,False
3409,1860,True
3410,2370,False
3411,1962,False
3412,2668,False
3413,2531,True
3414,1917,False
3415,2956,False
3416,1998,True
3417,3608,True
3418,2520,False
3419,3077,False
3420,3079,True
3421,2042,True
3422,2889,False
3423,1770,True
3424,1922,True
3425,3302,True
3426,3231,False
3427,2642,True
3428,1961,False
3429,2666,False
3430,2155,True
3431,1360,True
3432,3376,False
3433,2596,True
3434,2604,True
3435,3310,False
3436,2652,False
3437,2646,False
3438,2306,False
3439,2398,True
3440,2152,True
3441,2111,True
3442,2222,True
3443,1779,True
3444,3259,False
3445,2893,True
3446,3305,True
3447,2082,True
3448,2908,True
3449,2618,False
3450,1377,False
3451,1461,False
3452,2046,True
3453,1847,True
3454,2015,True
3455,2856,False
3456,2480,True
3457,2417,False
3458,3074,False
3459,2471,True
3460,1751,False
3461,3218,False
3462,2179,True
3463,3165,False
3464,2286,True
3465,1745,True
3466,1284,False
3467,1801,False
3468,2231,True
3469,1780,True
3470,3730,True
3471,2172,True
3472,3741,False
3473,1613,True
3474,3422,True
3475,2115,False
3476,1790,True
3477,2569,False
3478,1749,False
3479,1973,False
3480,2337,False
3481,1151,True
3482,1931,True
3483,2753,False
3484,1275,False
3485,3628,True
3486,3302,True
3487,2518,False
3488,1953,False
3489,2697,False
3490,3697,False
3491,1615,True
3492,1673,True
3493,3175,True
3494,1787,False
3495,1860,True
3496,3581,True
3497,2457,False
3498,2284,True
3499,2496,True
3500,2910,True
3501,1954,True
3502,2163,True
3503,2774,False
3504,2596,False
3505,1365,True
3506,2766,False
3507,2558,False
3508,2601,True
3509,2077,True
3510,3503,False
3511,1943,False
3512,2259,False
3513,2327,False
3514,3037,False
3515,2099,False
3516,1934,False
3517,1826,True
3518,2755,False
3519,1656,True
3520,2212,False
3521,1524,True
3522,2596,True
3523,3461,False
3524,1977,False
3525,2015,False
3526,3633,False
3527,3293,True
3528,2881,False
3529,2022,True
3530,1913,True
3531,2142,True
3532,2839,True
3533,2975,True
3534,1773,False
3535,1958,True
3536,3694,False
3537,2434,True
3538,2574,False
3539,2818,False
3540,1330,True
3541,2161,False
3542,3423,True
3543,2585,True
3544,2878,True
3545,1565,False
3546,2006,False
3547,2396,True
3548,362,False
3549,3031,True
3550,3376,True
3551,2097,False
3552,2881,False
3553,2417,True
3554,1626,True
3555,2292,True
3556,2438,False
3557,2121,True
3558,3635,False
3559,1600,False
3560,2187,False
3561,2270,True
3562,3288,True
3563,1417,True
3564,2299,False
3565,3603,False
3566,2810,False
3567,3893,True
3568,1731,True
3569,1772,True
3570,1484,True
3571,3507,True
3572,2100,True
3573,1414,False
3574,1701,True
3575,3058,False
3576,2894,True
3577,1902,True
3578,1953,True
3579,2624,True
3580,2573,False
3581,1811,False
3582,1730,True
3583,1675,False
3584,2576,True
3585,2597,False
3586,1796,True
3587,289,True
3588,2944,False
3589,1902,True
3590,3066,True
3591,2310,False
3592,2692,False
3593,2012,True
3594,1650,True
3595,2460,False
3596,2292,True
3597,2993,True
3598,3109,False
3599,2475,False
3600,2588,True
3601,2067,True
3602,3235,False
3603,2214,False
3604,2792,False
3605,3574,True
3606,1642,False
3607,1949,False
3608,3449,False
3609,2915,True
3610,1847,False
3611,2944,True
3612,1625,True
3613,2854,False
3614,2377,False
3615,3013,True
3616,4557,False
3617,2077,False
3618,3837,False
3619,2524,False
3620,2052,False
3621,2394,True
3622,2618,False
3623,2693,False
3624,2121,False
3625,1308,True
3626,3456,True
3627,2557,True
3628,3324,False
3629,2002,False
3630,1483,True
3631,3475,False
3632,2802,True
3633,1808,False
3634,1491,True
3635,4096,False
3636,1994,False
3637,2583,True
3638,2503,True
3639,2791,False
3640,2360,True
3641,2547,True
3642,2137,True
3643,2639,True
3644,1353,True
3645,2514,True
3646,3210,True
3647,2527,False
3648,2223,True
3649,2025,False
3650,2071,False
3651,2124,False
3652,2237,True
3653,3197,False
3654,2327,True
3655,2373,False
3656,3053,False
3657,2896,True
3658,3343,True
3659,1439,True
3660,1946,True
3661,2100,True
3662,2115,True
3663,1465,True
3664,2178,True
3665,2199,False
3666,1960,False
3667,2401,False
3668,1580,False
3669,2873,False
3670,3369,False
3671,2338,True
3672,2868,True
3673,3316,False
3674,2167,True
3675,3087,False
3676,1711,True
3677,2272,False
3678,2200,False
3679,2249,False
3680,2149,True
3681,2156,True
3682,2502,False
3683,2289,False
3684,1963,True
3685,2503,False
3686,3413,True
3687,3072,True
3688,3325,True
3689,2077,True
3690,3227,False
3691,3283,False
3692,2436,False
3693,2526,True
3694,3373,True
3695,2714,True
3696,2904,False
3697,1671,True
3698,2010,True
3699,2967,True
3700,1563,True
3701,2886,True
3702,2329,False
3703,2843,True
3704,4243,False
3705,2076,True
3706,1801,False
3707,1618,True
3708,2514,False
3709,2372,False
3710,3981,False
3711,3184,True
3712,1950,True
3713,2405,True
3714,1499,True
3715,2797,True
3716,2487,False
3717,2397,True
3718,2418,False
3719,1253,False
3720,3192,True
3721,4170,False
3722,1673,True
3723,2280,False
3724,1121,False
3725,1812,True
3726,2180,True
3727,2203,True
3728,1813,False
3729,2353,True
3730,3514,True
3731,1649,False
3732,1967,False
3733,2752,False
3734,1855,False
3735,3357,True
3736,1795,True
3737,2015,False
3738,2562,False
3739,1462,True
3740,2020,True
3741,2522,True
3742,1561,False
3743,1895,False
3744,2171,True
3745,2153,True
3746,1570,False
3747,1433,True
3748,2007,True
3749,1861,False
3750,2253,True
3751,2109,True
3752,1910,False
3753,1816,True
3754,2434,True
3755,3613,True
3756,3310,False
3757,2964,True
3758,2309,True
3759,2570,True
3760,1936,True
3761,1920,True
3762,2522,False
3763,1818,True
3764,2647,True
3765,2651,True
3766,2325,True
3767,1645,False
3768,1736,False
3769,2903,True
3770,1948,False
3771,1956,False
3772,1575,False
3773,2103,False
3774,1414,True
3775,1557,False
3776,2948,True
3777,3674,False
3778,1750,True
3779,3781,False
3780,2788,False
3781,2429,False
3782,2511,False
3783,3447,False
3784,1861,False
3785,2466,False
3786,2176,False
3787,3275,False
3788,1745,True
3789,735,True
3790,2497,False
3791,2354,True
3792,2294,True
3793,3131,False
3794,1764,False
3795,2584,True
3796,3656,True
3797,3531,True
3798,2810,False
3799,3030,False
3800,2732,False
3801,2374,True
3802,3013,False
3803,1914,False
3804,1893,True
3805,1951,True
3806,2061,False
3807,2581,True
3808,3369,False
3809,2265,True
3810,1988,True
3811,1978,False
3812,2868,True
3813,2703,True
3814,2848,False
3815,1706,False
3816,2068,True
3817,2803,True
3818,2651,True
3819,3260,False
3820,2067,False
3821,3209,False
3822,1743,True
3823,2029,True
3824,2617,True
3825,2517,True
3826,2759,True
3827,2682,False
3828,2486,True
3829,3446,True
3830,2905,True
3831,3395,False
3832,2259,True
3833,2311,False
3834,2708,True
3835,2460,False
3836,2868,False
3837,2923,False
3838,2647,True
3839,2624,False
3840,2213,True
3841,2261,True
3842,3831,True
3843,2112,True
3844,2366,True
3845,3554,False
3846,3013,True
3847,1342,False
3848,1996,True
3849,2276,False
3850,3937,False
3851,3419,False
3852,2126,True
3853,3647,True
3854,2134,False
3855,2437,False
3856,3095,False
3857,1926,True
3858,1304,False
3859,3163,True
3860,2190,True
3861,2783,True
3862,2246,False
3863,3733,True
3864,2719,False
3865,2503,False
3866,2622,True
3867,2540,True
3868,3608,False
3869,1933,False
3870,1969,True
3871,1887,True
3872,2163,True
3873,2676,True
3874,2982,False
3875,2810,False
3876,2635,True
3877,1964,True
3878,2294,True
3879,2062,True
3880,2076,True
3881,2729,False
3882,2151,False
3883,2017,True
3884,3261,False
3885,1587,True
3886,2973,True
3887,1969,False
3888,2497,True
3889,574,True
3890,1794,False
3891,2857,True
3892,2210,True
3893,1827,False
3894,1613,False
3895,4087,True
3896,2885,False
3897,2243,True
3898,1369,True
3899,2122,True
3900,2218,False
3901,2372,True
3902,3167,True
3903,2008,True
3904,2084,True
3905,2536,False
3906,1941,True
3907,2371,True
3908,3574,False
3909,2607,True
3910,532,True
3911,3343,True
3912,2145,True
3913,3635,True
3914,2123,False
3915,2856,True
3916,1577,False
3917,2900,False
3918,2765,True
3919,3681,True
3920,1576,False
3921,1386,False
3922,1366,False
3923,2789,False
3924,2060,False
3925,3162,False
3926,3168,False
3927,2624,False
3928,2069,True
3929,3970,True
3930,3771,True
3931,3357,True
3932,2847,False
3933,2673,False
3934,2112,False
3935,3762,False
3936,1649,True
3937,4047,True
3938,2764,False
3939,1799,True
3940,2061,False
3941,1438,True
3942,2731,True
3943,2395,False
3944,2673,True
3945,2775,False
3946,2184,True
3947,2663,False
3948,2973,True
3949,2841,False
3950,2149,True
3951,2829,True
3952,1758,True
3953,3000,False
3954,2651,False
3955,2902,True
3956,2127,True
3957,2927,True
3958,1740,False
3959,2141,True
3960,2936,True
3961,2203,True
3962,2813,False
3963,2136,False
3964,3986,True
3965,2120,True
3966,2445,False
3967,1894,False
3968,3061,True
3969,2217,False
3970,2399,True
3971,2226,False
3972,1826,True
3973,2851,False
3974,1877,False
3975,2476,False
3976,2484,False
3977,2372,True
3978,2181,False
3979,2247,False
3980,1836,False
3981,1435,True
3982,2177,False
3983,3252,False
3984,2049,True
3985,2336,True
3986,1171,False
3987,2073,True
3988,2897,False
3989,1638,False
3990,2591,False
3991,1813,False
3992,1999,False
3993,2389,True
3994,3101,False
3995,3164,False
3996,3524,False
3997,2431,True
3998,2985,False
3999,1579,True
4000,2442,False
4001,3419,False
4002,1510,False
4003,2803,False
4004,2441,False
4005,3114,True
4006,2213,False
4007,1672,True
4008,3004,True
4009,1192,False
4010,3228,True
4011,1588,False
4012,2516,True
4013,2331,True
4014,1723,True
4015,2733,False
4016,1856,True
4017,2078,False
4018,2127,False
4019,3013,False
4020,2656,False
4021,3006,False
4022,3139,False
4023,2402,True
4024,1930,True
4025,2403,False
4026,2295,False
4027,3991,False
4028,2086,False
4029,3011,False
4030,1996,True
4031,1423,False
4032,3662,True
4033,3419,False
4034,1777,False
4035,2249,False
4036,1667,True
4037,2721,True
4038,2613,False
4039,1739,True
4040,2794,True
4041,2105,True
4042,1388,True
4043,2521,True
4044,2537,True
4045,1933,False
4046,2816,False
4047,2719,False
4048,2505,False
4049,2175,False
4050,1710,True
4051,3504,False
4052,2628,False
4053,2538,True
4054,2221,False
4055,2245,False
4056,2751,True
4057,2835,False
4058,1852,False
4059,2145,False
4060,3540,False
4061,2188,False
4062,3684,True
4063,2443,False
4064,3245,True
4065,1962,True
4066,2137,True
4067,2957,False
4068,2093,False
4069,2115,True
4070,1028,True
4071,2420,False
4072,3660,False
4073,2850,True
4074,3366,True
4075,1804,False
4076,3830,False
4077,1740,False
4078,2600,False
4079,2842,False
4080,2875,True
4081,2542,True
4082,1501,True
4083,3660,False
4084,3288,True
4085,2262,False
4086,2855,False
4087,3287,False
4088,2016,True
4089,2323,False
4090,2527,False
4091,2049,False
4092,3580,False
4093,2864,False
4094,1801,True
4095,1882,True
4096,2996,False
4097,1959,True
4098,2221,False
4099,1718,True
4100,3161,True
4101,3254,False
4102,1739,True
4103,2790,True
4104,2159,False
4105,3014,False
4106,2917,False
4107,3222,False
4108,1740,False
4109,2382,True
4110,2314,True
4111,1119,False
4112,1823,True
4113,2573,True
4114,2217,True
4115,1792,True
4116,1651,False
4117,2077,True
4118,2239,False
4119,2524,True
4120,1965,True
4121,3074,True
4122,3538,True
4123,2270,False
4124,1733,True
4125,2775,True
4126,2213,True
4127,3128,False
4128,2166,True
4129,3474,False
4130,1647,True
4131,1599,True
4132,1471,True
4133,2688,False
4134,2706,False
4135,2104,True
4136,4308,True
4137,2487,True
4138,1244,True
4139,2570,True
4140,2404,True
4141,2880,True
4142,2287,False
4143,2756,True
4144,1749,True
4145,2809,False
4146,1725,True
4147,994,False
4148,2953,False
4149,3021,False
4150,306,True
4151,1853,False
4152,3041,False
4153,1355,True
4154,2168,False
4155,2911,True
4156,2594,True
4157,1592,True
4158,1106,True
4159,2095,True
4160,2258,False
4161,2543,False
4162,2660,False
4163,2603,False
4164,2260,False
4165,3358,True
4166,2412,False
4167,1683,True
4168,2375,False
4169,3354,False
4170,2298,True
4171,2671,True
4172,2197,True
4173,2008,True
4174,2181,True
4175,3345,True
4176,2651,False
4177,1925,True
4178,1821,True
4179,1979,False
4180,3662,False
4181,2591,False
4182,1924,False
4183,2825,False
4184,2221,False
4185,2605,True
4186,2603,True
4187,2144,False
4188,2318,False
4189,2939,True
4190,1961,True
4191,3053,True
4192,2033,False
4193,2842,False
4194,3257,False
4195,1763,False
4196,2152,True
4197,2459,True
4198,1652,True
4199,1657,False
4200,1965,False
4201,3374,True
4202,2525,False
4203,2092,True
4204,3078,True
4205,1255,False
4206,2946,False
4207,2717,True
4208,4093,True
4209,2025,True
4210,2764,True
4211,1752,False
4212,2301,True
4213,2368,True
4214,3096,False
4215,3090,True
4216,3513,False
4217,2918,False
4218,1856,True
4219,2849,False
4220,2103,False
4221,2771,False
4222,2948,True
4223,2158,True
4224,2048,False
4225,1874,False
4226,1973,False
4227,1912,True
4228,3021,True
4229,1753,True
4230,1808,True
4231,2203,True
4232,3067,True
4233,2793,True
4234,1395,False
4235,2915,False
4236,2863,False
4237,3446,False
4238,2108,True
4239,2002,True
4240,3692,False
4241,3148,False
4242,1683,False
4243,3023,False
4244,2003,False
4245,3754,True
4246,2034,True
4247,2196,False
4248,1883,False
4249,2389,True
4250,3365,False
4251,3193,True
4252,1989,True
4253,2657,True
4254,2297,True
4255,1517,False
4256,2276,False
4257,2976,False
4258,3380,True
4259,2467,False
4260,3318,True
4261,1405,True
4262,2812,False
4263,2217,True
4264,3520,False
4265,3123,False
4266,2176,True
4267,2176,False
4268,2775,True
4269,2397,True
4270,3453,False
4271,4140,True
4272,4999,True
4273,2055,False
4274,2982,True
4275,2476,False
4276,1772,False
4277,2816,True
4278,2094,False
4279,1766,True
4280,2987,True
4281,1881,False
4282,2008,False
4283,2290,False
4284,2611,True
4285,1706,False
4286,2056,False
4287,2131,True
4288,1977,False
4289,2095,False
4290,1624,True
4291,1788,False
4292,2409,True
4293,2747,True
4294,2359,False
4295,3043,True
4296,2221,False
4297,1631,True
4298,1519,False
4299,2386,False
4300,2026,True
4301,2649,True
4302,2550,True
4303,2146,False
4304,1812,True
4305,2381,True
4306,2001,False
4307,2888,False
4308,1694,False
4309,3231,False
4310,1851,False
4311,2258,True
4312,3326,False
4313,3350,False
4314,2604,True
4315,2928,True
4316,2124,False
4317,2032,True
4318,2918,True
4319,2410,True
4320,2131,False
4321,2765,True
4322,2463,True
4323,3772,True
4324,1750,True
4325,2600,False
4326,2596,True
4327,3942,False
4328,1753,True
4329,2569,False
4330,2787,True
4331,2164,False
4332,2295,True
4333,2162,False
4334,2362,True
4335,1742,False
4336,2608,True
4337,3770,False
4338,2170,True
4339,3760,False
4340,2360,False
4341,2568,True
4342,3368,True
4343,2957,True
4344,2775,False
4345,2162,False
4346,1913,True
4347,1445,True
4348,2179,True
4349,2094,False
4350,2603,True
4351,1593,True
4352,2517,False
4353,2678,False
4354,1697,True
4355,3502,True
4356,2991,True
4357,1755,True
4358,3381,True
4359,2973,True
4360,2322,False
4361,4690,True
4362,4010,False
4363,2183,False
4364,3039,True
4365,1589,False
4366,2014,True
4367,2199,True
4368,3680,True
4369,2076,True
4370,1944,False
4371,3655,False
4372,2472,False
4373,3537,False
4374,3279,False
4375,2625,True
4376,3665,False
4377,1727,False
4378,1679,False
4379,2966,True
4380,2753,False
4381,1964,False
4382,2033,True
4383,1763,True
4384,2441,True
4385,2089,False
4386,1573,True
4387,2189,True
4388,3025,False
4389,3828,False
4390,2345,False
4391,2077,True
4392,2265,True
4393,3344,True
4394,2629,False
4395,2704,True
4396,3339,True
4397,1646,True
4398,3244,False
4399,2125,False
4400,3215,False
4401,2512,True
4402,2268,False
4403,2650,False
4404,2339,True
4405,1514,False
4406,3076,False
4407,3974,False
4408,1793,False
4409,2636,True
4410,2119,True
4411,3165,True
4412,1790,True
4413,2993,False
4414,2668,True
4415,2590,False
4416,3213,False
4417,2222,True
4418,3754,False
4419,2040,True
4420,3675,True
4421,1427,False
4422,2338,True
4423,3830,True
4424,1887,False
4425,2082,False
4426,2780,True
4427,2553,True
4428,2045,False
4429,2604,False
4430,2188,True
4431,1380,False
4432,2023,False
4433,1403,False
4434,1949,True
4435,1942,True
4436,3129,True
4437,2587,True
4438,3364,True
4439,2220,True
4440,1979,True
4441,2335,True
4442,2071,True
4443,2979,False
4444,1889,True
4445,1580,True
4446,2760,True
4447,3015,False
4448,1987,True
4449,1674,True
4450,2405,False
4451,2401,False
4452,2907,False
4453,2686,True
4454,4448,True
4455,2494,False
4456,1697,False
4457,2539,True
4458,3397,False
4459,2261,True
4460,3704,False
4461,1146,True
4462,2667,False
4463,2005,False
4464,2742,True
4465,2424,False
4466,1832,False
4467,2260,True
4468,2075,True
4469,2371,True
4470,2993,False
4471,2499,True
4472,2229,False
4473,1944,True
4474,2386,False
4475,3959,False
4476,2348,True
4477,1948,False
4478,2253,True
4479,1844,False
4480,2522,True
4481,1886,False
4482,2046,False
4483,2322,False
4484,2972,True
4485,2101,True
4486,2300,False
4487,2755,False
4488,2605,True
4489,1989,False
4490,2661,False
4491,1802,False
4492,2989,True
4493,2871,True
4494,1293,False
4495,3918,True
4496,2356,True
4497,2629,False
4498,3434,True
4499,2637,False
4500,3584,True
4501,3223,True
4502,1818,False
4503,1825,False
4504,2619,True
4505,2609,False
4506,2072,True
4507,2321,True
4508,3075,False
4509,2621,False
4510,2217,False
4511,3031,False
4512,2380,True
4513,1897,True
4514,3399,False
4515,1771,False
4516,3148,False
4517,2232,True
4518,1701,False
4519,1582,False
4520,2733,True
4521,1727,False
4522,1544,True
4523,3377,True
4524,4153,False
4525,2428,True
4526,2032,False
4527,2133,False
4528,2242,True
4529,2882,True
4530,3719,False
4531,2029,False
4532,3240,False
4533,2015,True
4534,3921,False
4535,3037,True
4536,2234,True
4537,2448,True
4538,1599,False
4539,2480,False
4540,3121,True
4541,1485,False
4542,2594,False
4543,2241,True
4544,4225,False
4545,2887,False
4546,2577,True
4547,2704,True
4548,2603,True
4549,2358,True
4550,2082,True
4551,2323,False
4552,2597,True
4553,2360,True
4554,2597,True
4555,2125,False
4556,3356,False
4557,3151,False
4558,1801,False
4559,3151,True
4560,2370,True
4561,2628,False
4562,3562,True
4563,1951,False
4564,1738,True
4565,1512,False
4566,2487,False
4567,1636,False
4568,1976,True
4569,2383,False
4570,2290,False
4571,2240,True
4572,3353,True
4573,1540,True
4574,2163,True
4575,2696,True
4576,2151,False
4577,2532,True
4578,2459,False
4579,2201,False
4580,1929,True
4581,3228,True
4582,3008,False
4583,1670,False
4584,2585,False
4585,2619,True
4586,3419,True
4587,2238,True
4588,2135,False
4589,2875,True
4590,1665,True
4591,1862,True
4592,1604,True
4593,2495,True
4594,3206,True
4595,2933,True
4596,2760,False
4597,2896,False
4598,2972,False
4599,2669,False
4600,3267,True
4601,2058,True
4602,2477,False
4603,2640,False
4604,2155,False
4605,2930,True
4606,2250,False
4607,1678,False
4608,3900,False
4609,1426,True
4610,2029,True
4611,2285,False
4612,1740,False
4613,2587,False
4614,2896,False
4615,2699,True
4616,514,True
4617,2310,False
4618,2329,False
4619,2994,False
4620,2137,True
4621,3176,False
4622,3562,False
4623,3026,True
4624,1985,False
4625,1794,True
4626,1996,False
4627,2407,True
4628,1925,False
4629,2621,False
4630,3868,False
4631,2181,True
4632,1952,False
4633,2242,True
4634,1717,True
4635,2095,True
4636,2181,False
4637,2813,True
4638,3382,True
4639,2064,True
4640,2655,True
4641,1621,True
4642,3424,False
4643,2779,False
4644,3514,False
4645,2952,True
4646,4528,True
4647,2739,True
4648,2315,True
4649,3235,False
4650,2781,True
4651,2901,True
4652,1965,True
4653,2619,True
4654,1331,True
4655,2026,False
4656,2818,False
4657,2799,False
4658,2979,False
4659,3547,True
4660,2341,False
4661,2792,False
4662,2372,False
4663,1973,False
4664,1851,True
4665,2155,True
4666,2564,False
4667,1758,True
4668,2336,False
4669,1952,True
4670,2763,False
4671,2244,False
4672,2352,True
4673,1520,True
4674,1928,True
4675,3309,True
4676,1640,True
4677,2641,True
4678,3322,True
4679,3038,False
4680,2563,True
4681,2628,True
4682,1634,True
4683,4131,True
4684,2379,False
4685,2691,True
4686,3174,False
4687,3232,False
4688,1861,True
4689,2159,False
4690,2114,True
4691,3382,True
4692,2143,False
4693,1837,False
4694,3138,True
4695,3247,False
4696,2421,False
4697,2798,True
4698,2364,True
4699,2317,True
4700,2691,True
4701,2011,False
4702,1962,False
4703,1984,True
4704,2341,True
4705,3151,True
4706,2846,True
4707,1594,True
4708,1391,False
4709,3266,False
4710,2301,False
4711,1606,False
4712,3070,True
4713,3876,True
4714,2604,False
4715,1819,False
4716,1661,False
4717,3786,True
4718,2834,False
4719,2430,True
4720,1892,False
4721,3061,True
4722,2376,False
4723,1800,False
4724,3101,True
4725,2468,False
4726,3239,False
4727,4118,True
4728,2240,False
4729,2224,True
4730,2457,False
4731,2164,False
4732,2294,False
4733,2031,False
4734,2360,True
4735,2860,False
4736,2177,False
4737,1974,False
4738,3186,True
4739,2006,True
4740,4144,False
4741,4700,False
4742,1595,True
4743,1681,False
4744,2899,False
4745,2961,False
4746,1909,True
4747,1594,True
4748,3606,True
4749,2876,False
4750,1702,True
4751,1461,False
4752,2291,True
4753,2524,False
4754,1712,False
4755,2736,True
4756,3830,False
4757,2221,True
4758,1695,True
4759,1638,True
4760,2321,False
4761,2088,False
4762,2195,True
4763,1622,False
4764,2576,False
4765,3245,True
4766,1953,True
4767,2738,False
4768,1822,False
4769,3022,False
4770,2525,True
4771,1654,True
4772,1776,True
4773,2327,True
4774,1751,True
4775,2739,True
4776,2626,False
4777,2179,False
4778,3405,False
4779,1291,False
4780,2991,False
4781,2163,True
4782,2312,True
4783,1540,True
4784,2988,True
4785,2337,True
4786,2005,False
4787,2438,True
4788,2483,False
4789,2498,True
4790,3250,False
4791,3257,True
4792,2374,False
4793,1953,False
4794,1606,False
4795,1908,True
4796,2861,True
4797,1873,False
4798,3349,True
4799,2907,False
4800,2442,False
4801,2841,True
4802,2677,False
4803,2060,True
4804,2640,True
4805,2810,True
4806,2299,False
4807,2609,True
4808,1536,False
4809,2286,True
4810,2184,False
4811,765,True
4812,1522,False
4813,4750,False
4814,2055,True
4815,1768,False
4816,2729,True
4817,2265,True
4818,2992,False
4819,5180,False
4820,2678,False
4821,1865,True
4822,1912,False
4823,2542,False
4824,1737,True
4825,2918,True
4826,1803,True
4827,2025,False
4828,2134,False
4829,3557,True
4830,3089,False
4831,2998,True
4832,1539,True
4833,2393,False
4834,2225,True
4835,1944,False
4836,2510,False
4837,2686,False
4838,2333,False
4839,2953,False
4840,1941,True
4841,2893,False
4842,3060,True
4843,2473,True
4844,2009,False
4845,3518,False
4846,2197,True
4847,2395,False
4848,2271,False
4849,1601,True
4850,2181,False
4851,2607,False
4852,1804,True
4853,2772,True
4854,2513,False
4855,2345,False
4856,1324,False
4857,2185,False
4858,3015,False
4859,2650,False
4860,1740,False
4861,3583,True
4862,2362,False
4863,1557,False
4864,3815,True
4865,2573,False
4866,1824,True
4867,1922,True
4868,1996,True
4869,2001,False
4870,2151,False
4871,2604,False
4872,2633,True
4873,1966,True
4874,4548,True
4875,2698,False
4876,1721,True
4877,2810,True
4878,2673,True
4879,2765,False
4880,2336,False
4881,1983,True
4882,2750,True
4883,2669,False
4884,2505,False
4885,1989,False
4886,2076,True
4887,2011,False
4888,2263,True
4889,1983,False
4890,3000,True
4891,2007,True
4892,1904,True
4893,2242,False
4894,3052,False
4895,2575,True
4896,904,True
4897,2822,True
4898,1739,False
4899,2528,True
4900,2818,True
4901,2262,True
4902,2393,False
4903,2695,True
4904,2240,False
4905,3517,False
4906,2452,False
4907,2308,False
4908,3245,False
4909,2970,False
4910,3183,True
4911,2569,False
4912,1535,False
4913,1690,False
4914,3883,False
4915,3008,True
4916,2461,False
4917,1989,False
4918,2012,True
4919,2363,False
4920,2395,False
4921,2485,True
4922,2270,True
4923,2889,False
4924,2316,True
4925,2093,True
4926,1569,False
4927,1699,False
4928,2316,True
4929,1171,True
4930,2145,True
4931,4378,False
4932,2315,False
4933,1766,True
4934,2626,False
4935,2852,False
4936,3372,True
4937,2917,True
4938,3608,False
4939,3125,False
4940,2590,True
4941,2907,True
4942,2544,False
4943,2972,False
4944,1529,True
4945,2328,True
4946,3414,False
4947,2365,True
4948,2439,False
4949,2472,False
4950,2090,False
4951,1971,False
4952,4610,True
4953,2963,True
4954,1955,True
4955,1239,True
4956,2051,True
4957,2542,False
4958,2637,True
4959,1390,True
4960,2431,False
4961,2756,True
4962,1873,True
4963,3170,True
4964,1478,False
4965,1776,True
4966,2674,False
4967,1862,False
4968,2415,True
4969,2360,False
4970,2854,True
4971,2158,False
4972,1580,True
4973,3330,False
4974,1910,True
4975,3728,True
4976,2168,True
4977,2255,True
4978,2114,False
4979,2346,True
4980,4315,False
4981,3325,False
4982,2467,True
4983,2445,False
4984,2890,True
4985,2593,False
4986,2301,False
4987,1681,True
4988,2272,True
4989,1615,True
4990,2719,False
4991,1758,True
4992,2408,True
4993,2286,True
4994,2494,True
4995,1785,True
4996,3831,False
4997,3129,True
4998,2500,False
4999,2250,True
5000,4138,False
5001,1545,False
5002,2375,False
5003,2668,True
5004,2640,False
5005,2102,True
5006,2555,False
5007,2097,False
5008,1926,False
5009,2532,True
5010,2236,False
5011,2310,True
5012,2725,False
5013,2288,True
5014,2458,False
5015,3259,False
5016,2971,True
5017,3196,True
5018,1835,True
5019,4124,True
5020,1726,False
5021,1686,True
5022,2206,False
5023,2120,True
5024,2734,False
5025,2527,True
5026,2582,False
5027,2829,True
5028,2447,True
5029,2122,False
5030,3123,False
5031,1920,True
5032,3233,False
5033,2518,True
5034,2618,False
5035,2649,False
5036,1978,False
5037,2169,False
5038,3248,True
5039,2750,False
5040,3388,True
5041,2273,True
5042,3620,False
5043,1884,True
5044,3315,False
5045,2723,False
5046,2530,True
5047,2856,False
5048,2186,True
5049,2622,True
5050,1413,True
5051,3228,True
5052,3008,True
5053,2453,False
5054,2481,False
5055,2866,True
5056,1934,False
5057,2940,False
5058,1334,True
5059,2364,False
5060,2966,True
5061,2503,True
5062,1721,True
5063,2577,True
5064,2358,False
5065,2108,False
5066,2238,True
5067,2185,True
5068,3001,True
5069,2965,False
5070,2885,False
5071,3142,True
5072,2523,False
5073,2601,False
5074,2442,False
5075,2647,True
5076,2604,False
5077,1668,True
5078,2590,False
5079,1805,True
5080,2127,False
5081,3224,False
5082,2629,True
5083,2601,False
5084,2816,True
5085,1544,True
5086,2450,True
5087,2015,True
5088,2659,True
5089,3696,True
5090,2846,False
5091,2280,False
5092,2654,True
5093,1604,False
5094,3596,False
5095,2431,True
5096,2157,False
5097,2571,False
5098,1488,True
5099,2925,True
5100,2784,True
5101,2402,True
5102,2494,True
5103,1871,True
5104,2630,False
5105,2313,False
5106,2222,True
5107,2505,False
5108,1906,False
5109,3443,False
5110,2855,True
5111,2854,False
5112,2574,False
5113,2787,True
5114,2331,True
5115,2061,False
5116,1727,False
5117,1621,True
5118,2014,False
5119,3002,False
5120,1701,False
5121,1302,False
5122,3549,True
5123,2034,False
5124,2364,False
5125,2350,True
5126,2335,True
5127,3911,True
5128,2532,True
5129,1956,True
5130,2396,False
5131,2369,False
5132,2525,False
5133,2674,False
5134,2003,True
5135,1545,True
5136,2459,False
5137,2040,False
5138,2008,False
5139,3399,True
5140,3001,False
5141,1724,True
5142,3184,True
5143,3119,True
5144,3177,True
5145,2396,False
5146,2453,True
5147,3073,True
5148,1722,True
5149,3371,False
5150,2429,True
5151,2310,False
5152,2980,False
5153,1995,True
5154,2955,False
5155,2161,True
5156,2476,True
5157,3031,False
5158,2166,True
5159,2180,False
5160,2207,False
5161,2208,True
5162,2402,True
5163,3008,False
5164,2986,False
5165,3228,False
5166,1572,False
5167,2485,False
5168,2235,False
5169,1889,False
5170,2811,True
5171,3598,True
5172,1888,True
5173,3032,True
5174,3000,False
5175,2651,True
5176,1685,True
5177,2837,False
5178,2129,True
5179,2301,False
5180,2467,False
5181,3065,True
5182,3189,True
5183,2334,True
5184,1883,False
5185,2353,True
5186,3242,True
5187,2154,True
5188,2016,True
5189,2246,True
5190,3462,False
5191,2649,True
5192,3528,False
5193,3591,True
5194,1091,True
5195,2288,True
5196,3735,False
5197,1964,False
5198,2876,False
5199,3493,False
5200,2153,False
5201,2701,False
5202,2076,False
5203,2869,False
5204,3019,True
5205,3451,False
5206,1885,True
5207,2595,False
5208,1936,False
5209,2752,False
5210,2630,False
5211,2010,False
5212,2270,False
5213,1880,True
5214,2512,True
5215,3938,False
5216,2001,True
5217,3558,False
5218,2031,False
5219,960,False
5220,2578,True
5221,2031,False
5222,1892,True
5223,3197,False
5224,2088,False
5225,2465,True
5226,2414,False
5227,1847,True
5228,2118,False
5229,3411,False
5230,2375,False
5231,2845,True
5232,2701,True
5233,2175,True
5234,2494,True
5235,1752,False
5236,2316,False
5237,2425,False
5238,2636,True
5239,2000,True
5240,2742,False
5241,2933,True
5242,1879,False
5243,2688,False
5244,1931,False
5245,2253,True
5246,2051,False
5247,2327,True
5248,1513,False
5249,2585,True
5250,2996,True
5251,3226,True
5252,1767,True
5253,2260,True
5254,2183,True
5255,3637,True
5256,2191,True
5257,2114,True
5258,2336,False
5259,2795,False
5260,2388,True
5261,1617,True
5262,2729,False
5263,2672,False
5264,2762,True
5265,3573,True
5266,2227,True
5267,2422,False
5268,2375,False
5269,2403,True
5270,2326,False
5271,2001,True
5272,2374,True
5273,1741,False
5274,2499,True
5275,2948,True
5276,2426,True
5277,1345,False
5278,2562,True
5279,2125,True
5280,1554,True
5281,1517,True
5282,1904,True
5283,2778,True
5284,1929,False
5285,1693,False
5286,3617,False
5287,2091,False
5288,1794,False
5289,2250,True
5290,2849,False
5291,2589,True
5292,2288,True
5293,2776,False
5294,3297,True
5295,2402,False
5296,3430,True
5297,3071,False
5298,3418,False
5299,2448,True
5300,2239,True
5301,2472,True
5302,2682,False
5303,3449,True
5304,2305,True
5305,2126,True
5306,3422,True
5307,1994,True
5308,3376,True
5309,1593,False
5310,2142,True
5311,1688,False
5312,2377,True
5313,1682,False
5314,1679,True
5315,3299,True
5316,3265,True
5317,2814,False
5318,1708,True
5319,2128,False
5320,2563,False
5321,3324,True
5322,2610,False
5323,2263,True
5324,2968,False
5325,2262,True
5326,2910,True
5327,3077,False
5328,2535,False
5329,1883,False
5330,3697,True
5331,1865,True
5332,2093,True
5333,2465,True
5334,3008,False
5335,2477,True
5336,2289,True
5337,2447,True
5338,2350,False
5339,2098,False
5340,2494,True
5341,2187,True
5342,2541,False
5343,2401,True
5344,2533,False
5345,1395,True
5346,2139,False
5347,3866,False
5348,2538,True
5349,2421,False
5350,4007,False
5351,2019,True
5352,2588,False
5353,1880,True
5354,2732,False
5355,2690,True
5356,2302,False
5357,2528,True
5358,1263,False
5359,1524,True
5360,2231,True
5361,1952,False
5362,3843,True
5363,1995,False
5364,2423,False
5365,2720,True
5366,2420,True
5367,3237,True
5368,3056,False
5369,2004,True
5370,3278,False
5371,3197,False
5372,2711,True
5373,3605,True
5374,3724,True
5375,2804,False
5376,2492,False
5377,2153,True
5378,2442,False
5379,2017,True
5380,3585,True
5381,3598,False
5382,1798,False
5383,2200,True
5384,2747,False
5385,2875,False
5386,2829,False
5387,2986,False
5388,2070,True
5389,2258,False
5390,2271,True
5391,2066,True
5392,3828,False
5393,2950,True
5394,2120,False
5395,2300,True
5396,3861,True
5397,3233,True
5398,2173,True
5399,2181,False
5400,2544,False
5401,2604,True
5402,2694,False
5403,2610,True
5404,2224,True
5405,2370,True
5406,1721,True
5407,1885,False
5408,1858,True
5409,2684,True
5410,2652,False
5411,3268,False
5412,3742,False
5413,2520,False
5414,3091,True
5415,2410,False
5416,2876,False
5417,2061,True
5418,1951,False
5419,2030,True
5420,2598,True
5421,2985,False
5422,2008,True
5423,3634,True
5424,1099,True
5425,2726,True
5426,2851,False
5427,2470,False
5428,1362,True
5429,2988,True
5430,3505,True
5431,1972,False
5432,1948,True
5433,3037,True
5434,1581,False
5435,1714,False
5436,2055,False
5437,2315,True
5438,2291,False
5439,3296,True
5440,3308,False
5441,2737,False
5442,2985,False
5443,4190,True
5444,1846,False
5445,3680,True
5446,3450,True
5447,2696,False
5448,2938,False
5449,2374,False
5450,1919,True
5451,1904,True
5452,1828,True
5453,1535,False
5454,2185,True
5455,2184,False
5456,2316,False
5457,1313,True
5458,864,False
5459,3498,False
5460,2562,False
5461,1592,True
5462,2526,False
5463,2974,True
5464,2100,True
5465,1822,False
5466,3716,False
5467,2592,True
5468,1969,True
5469,2099,False
5470,2376,True
5471,2056,False
5472,1550,True
5473,1645,True
5474,2030,False
5475,2363,True
5476,2593,False
5477,2402,False
5478,2512,False
5479,2453,False
5480,1735,True
5481,2212,True
5482,1980,False
5483,1733,True
5484,2782,False
5485,1631,False
5486,2454,False
5487,1880,True
5488,1521,True
5489,2366,False
5490,2572,True
5491,2401,True
5492,2143,True
5493,2296,False
5494,2383,False
5495,2548,True
5496,2364,False
5497,2438,False
5498,2033,True
5499,1493,False
5500,1972,False
5501,2162,False
5502,2751,True
5503,1996,False
5504,1971,True
5505,2076,True
5506,1606,True
5507,1379,True
5508,2907,False
5509,3065,True
5510,2483,True
5511,2834,False
5512,3988,False
5513,2142,True
5514,2546,True
5515,1821,True
5516,1569,False
5517,2865,False
5518,2488,False
5519,2164,False
5520,1677,True
5521,2589,True
5522,2967,False
5523,2931,True
5524,2958,True
5525,1761,True
5526,1913,True
5527,2768,False
5528,2830,False
5529,3091,True
5530,2506,False
5531,2123,True
5532,2862,True
5533,2629,False
5534,2549,False
5535,1571,False
5536,1729,True
5537,2227,True
5538,2458,False
5539,2208,True
5540,2466,False
5541,2889,True
5542,3132,False
5543,2661,False
5544,3617,True
5545,2893,True
5546,2955,True
5547,3177,True
5548,3971,True
5549,3632,True
5550,2374,True
5551,1893,True
5552,3575,True
5553,1909,True
5554,2772,False
5555,1878,False
5556,1212,True
5557,2769,False
5558,2973,True
5559,714,True
5560,2166,True
5561,2377,False
5562,1070,True
5563,3261,True
5564,2040,False
5565,3204,False
5566,2193,False
5567,1812,False
5568,2205,False
5569,1654,True
5570,2811,True
5571,1928,False
5572,1747,True
5573,3834,False
5574,3349,True
5575,3248,False
5576,2408,False
5577,3309,True
5578,2183,False
5579,4888,True
5580,2914,True
5581,2042,False
5582,3192,False
5583,2171,True
5584,1791,False
5585,2908,False
5586,3220,True
5587,2380,False
5588,1798,True
5589,3437,False
5590,2342,True
5591,2190,True
5592,3182,True
5593,3177,False
5594,3315,True
5595,3569,False
5596,1831,True
5597,1757,False
5598,1709,False
5599,1933,True
5600,3066,False
5601,3906,False
5602,3121,False
5603,2874,False
5604,2712,False
5605,2616,False
5606,2566,True
5607,2643,True
5608,1868,False
5609,2820,False
5610,2506,False
5611,2763,True
5612,3188,True
5613,1999,True
5614,3010,True
5615,2463,False
5616,3465,True
5617,2212,False
5618,4177,False
5619,1551,True
5620,1998,False
5621,2491,True
5622,2951,True
5623,1481,True
5624,2775,False
5625,2406,True
5626,1323,True
5627,1736,True
5628,2578,True
5629,2235,False
5630,1958,True
5631,2432,False
5632,3578,False
5633,2914,True
5634,3208,True
5635,2987,False
5636,2012,False
5637,1428,True
5638,2807,False
5639,1706,True
5640,3212,True
5641,2684,True
5642,2653,True
5643,2238,True
5644,3115,False
5645,2329,False
5646,2602,False
5647,1465,True
5648,3597,False
5649,2208,True
5650,1945,False
5651,2936,False
5652,2774,True
5653,2577,False
5654,1763,False
5655,2230,False
5656,2901,False
5657,2790,True
5658,1962,True
5659,2814,False
5660,2886,False
5661,2471,False
5662,2776,True
5663,1974,True
5664,4522,False
5665,2118,True
5666,2029,False
5667,1661,True
5668,1806,True
5669,2787,False
5670,2437,False
5671,1284,True
5672,2761,False
5673,2450,False
5674,1926,True
5675,2144,True
5676,2649,False
5677,3062,True
5678,2518,True
5679,2221,False
5680,2062,True
5681,2361,False
5682,1680,False
5683,2041,True
5684,2279,False
5685,2593,False
5686,1179,False
5687,2596,True
5688,3107,False
5689,3252,False
5690,1753,True
5691,3179,False
5692,1917,True
5693,1821,True
5694,2304,True
5695,2328,True
5696,3802,True
5697,1587,False
5698,2128,False
5699,2493,True
5700,2877,False
5701,2167,False
5702,1932,True
5703,2809,False
5704,2533,False
5705,2729,True
5706,1925,False
5707,2624,True
5708,2084,False
5709,2275,True
5710,2828,False
5711,1802,False
5712,1686,True
5713,2341,False
5714,1793,True
5715,2475,False
5716,2880,False
5717,2099,False
5718,2666,True
5719,2411,True
5720,2854,True
5721,3805,True
5722,2580,False
5723,1949,False
5724,2910,False
5725,4782,False
5726,2259,False
5727,3022,True
5728,1652,True
5729,2461,True
5730,2257,True
5731,1958,False
5732,3867,True
5733,3550,False
5734,1709,False
5735,2573,True
5736,3862,True
5737,2817,True
5738,2383,False
5739,2290,True
5740,2565,False
5741,3187,True
5742,3402,True
5743,2452,True
5744,1866,True
5745,2992,True
5746,2162,True
5747,2013,True
5748,1555,False
5749,2535,False
5750,1797,False
5751,2604,False
5752,2705,True
5753,1766,True
5754,1579,True
5755,1949,True
5756,3716,False
5757,3554,True
5758,2120,True
5759,1513,True
5760,3323,False
5761,1552,False
5762,1820,True
5763,2041,True
5764,3734,False
5765,1633,True
5766,1756,False
5767,3024,False
5768,2719,True
5769,2894,True
5770,2242,False
5771,1890,False
5772,2345,True
5773,1934,True
5774,1867,True
5775,2548,False
5776,2648,False
5777,3371,True
5778,2341,False
5779,1972,False
5780,1973,False
5781,1739,False
5782,2897,True
5783,2390,True
5784,1079,False
5785,2193,False
5786,2560,True
5787,3327,False
5788,2274,False
5789,1630,True
5790,2727,False
5791,3121,True
5792,2489,True
5793,1525,True
5794,2944,True
5795,3040,False
5796,2614,False
5797,3429,True
5798,2480,False
5799,3324,False
5800,1791,False
5801,3477,True
5802,2115,False
5803,2218,False
5804,2077,True
5805,2695,True
5806,2940,False
5807,2872,True
5808,2070,True
5809,1650,False
5810,2681,False
5811,1715,False
5812,1935,False
5813,1820,False
5814,3237,True
5815,1942,True
5816,2229,False
5817,2892,False
5818,1960,False
5819,1843,False
5820,3037,False
5821,425,False
5822,2449,True
5823,2885,False
5824,2289,True
5825,2989,False
5826,3014,False
5827,2988,False
5828,2893,False
5829,2728,False
5830,2827,False
5831,2224,True
5832,2133,True
5833,1969,True
5834,2673,True
5835,2211,False
5836,2861,True
5837,2355,False
5838,1805,True
5839,3309,False
5840,2018,True
5841,2489,True
5842,2781,False
5843,3117,False
5844,1829,True
5845,2566,False
5846,2917,True
5847,2247,False
5848,2173,False
5849,1683,False
5850,2161,False
5851,2076,False
5852,3489,True
5853,3740,True
5854,1997,True
5855,2970,False
5856,3370,False
5857,1968,True
5858,2693,True
5859,2972,False
5860,2227,False
5861,2258,False
5862,2001,False
5863,3563,False
5864,2498,False
5865,1313,True
5866,2463,True
5867,1783,True
5868,3250,True
5869,1874,True
5870,3348,False
5871,2804,True
5872,3260,True
5873,2333,True
5874,1700,True
5875,2610,False
5876,1395,True
5877,1964,True
5878,1694,True
5879,3005,True
5880,1457,True
5881,2488,True
5882,2124,True
5883,1669,True
5884,2529,False
5885,2060,False
5886,3377,False
5887,1478,True
5888,1800,True
5889,4144,True
5890,2045,False
5891,2064,False
5892,3880,False
5893,2533,False
5894,1646,True
5895,1969,True
5896,2665,False
5897,2443,True
5898,1983,False
5899,1820,False
5900,2105,False
5901,2019,False
5902,3418,False
5903,2915,True
5904,2057,False
5905,2129,True
5906,1569,True
5907,2081,False
5908,1989,False
5909,1693,True
5910,2078,False
5911,2109,False
5912,1708,True
5913,3184,False
5914,3956,False
5915,2316,False
5916,3851,True
5917,2760,False
5918,2074,True
5919,2163,True
5920,3416,True
5921,3270,False
5922,2947,True
5923,1995,False
5924,2363,True
5925,3278,True
5926,1537,True
5927,2136,False
5928,3484,False
5929,1527,True
5930,2077,True
5931,3923,True
5932,3208,True
5933,1300,False
5934,2133,False
5935,2406,False
5936,2091,True
5937,2082,True
5938,3119,False
5939,1558,False
5940,1946,True
5941,1829,False
5942,3612,False
5943,2041,False
5944,2072,True
5945,2126,True
5946,2541,True
5947,2959,False
5948,1519,True
5949,3137,True
5950,3861,True
5951,3591,True
5952,3634,False
5953,2338,True
5954,2297,True
5955,3475,True
5956,3726,False
5957,1561,False
5958,2196,False
5959,2539,False
5960,2107,False
5961,3084,False
5962,3147,False
5963,2068,False
5964,1981,True
5965,3714,True
5966,2849,False
5967,2377,True
5968,2572,False
5969,3028,True
5970,3610,False
5971,3792,True
5972,1650,True
5973,1495,False
5974,2863,True
5975,1446,True
5976,1629,False
5977,3240,True
5978,1795,False
5979,1584,False
5980,3544,False
5981,2003,False
5982,2026,True
5983,2588,False
5984,2097,True
5985,4122,True
5986,2591,True
5987,3487,True
5988,3031,False
5989,1683,False
5990,1941,False
5991,2625,True
5992,1415,True
5993,1534,True
5994,3213,False
5995,2343,True
5996,1389,True
5997,1659,True
5998,3051,False
5999,3525,True
6000,2533,False
6001,3519,True
6002,1818,False
6003,1749,True
6004,2591,False
6005,2710,True
6006,3376,True
6007,2919,True
6008,2853,True
6009,2840,False
6010,1595,False
6011,3482,False
6012,2612,True
6013,3409,False
6014,2604,False
6015,2415,False
6016,2936,True
6017,1650,True
6018,2087,True
6019,3244,True
6020,2476,False
6021,2420,False
6022,1985,True
6023,2782,True
6024,1849,False
6025,2729,False
6026,2535,True
6027,1109,True
6028,2005,True
6029,2699,False
6030,2634,True
6031,1913,True
6032,2045,False
6033,1931,True
6034,2720,False
6035,2739,True
6036,2260,True
6037,1889,True
6038,2398,False
6039,1731,True
6040,1784,True
6041,3480,False
6042,1971,True
6043,1821,False
6044,3384,False
6045,2475,False
6046,2135,True
6047,1741,False
6048,2576,True
6049,2241,False
6050,1984,False
6051,2456,False
6052,2442,True
6053,3227,False
6054,2768,True
6055,2790,False
6056,2056,True
6057,3557,False
6058,2876,True
6059,1948,False
6060,2408,True
6061,3509,False
6062,2207,True
6063,2901,False
6064,2764,True
6065,1362,True
6066,2267,False
6067,2829,False
6068,3050,False
6069,2700,True
6070,2496,True
6071,2594,True
6072,1953,False
6073,2692,True
6074,1431,True
6075,2481,True
6076,2133,True
6077,2712,True
6078,4155,True
6079,2423,True
6080,3413,False
6081,2124,False
6082,2206,True
6083,1778,True
6084,1651,True
6085,2481,False
6086,2201,True
6087,1907,True
6088,1994,False
6089,2997,True
6090,2700,True
6091,3223,False
6092,2369,False
6093,1801,True
6094,1295,True
6095,2354,True
6096,1877,True
6097,2888,False
6098,2219,False
6099,2147,False
6100,1596,False
6101,1762,False
6102,2889,False
6103,2516,True
6104,1167,True
6105,2303,True
6106,2455,True
6107,2865,False
6108,2452,True
6109,1929,True
6110,2676,False
6111,2079,False
6112,2574,True
6113,2562,True
6114,1969,False
6115,1992,True
6116,1389,True
6117,2396,False
6118,2529,True
6119,2778,True
6120,2855,True
6121,2704,True
6122,3177,True
6123,2684,True
6124,2987,False
6125,2090,False
6126,1731,False
6127,2060,False
6128,2139,False
6129,1868,True
6130,2537,True
6131,2813,True
6132,4063,False
6133,3032,True
6134,2458,True
6135,1973,False
6136,1937,False
6137,3617,True
6138,1954,True
6139,3800,True
6140,3055,False
6141,2655,True
6142,2056,True
6143,2311,False
6144,4047,True
6145,2120,False
6146,2636,True
6147,2884,True
6148,2369,True
6149,4251,True
6150,2202,False
6151,2277,False
6152,2212,True
6153,2053,True
6154,2174,False
6155,2454,True
6156,2453,False
6157,2526,True
6158,1869,False
6159,2270,False
6160,2726,True
6161,2516,True
6162,2126,True
6163,2605,True
6164,2311,True
6165,2094,True
6166,2538,True
6167,2868,True
6168,2886,True
6169,2529,True
6170,3218,False
6171,2425,False
6172,1831,True
6173,2583,True
6174,1959,False
6175,3366,True
6176,2442,False
6177,2673,True
6178,2593,True
6179,2879,False
6180,2148,True
6181,1981,True
6182,1590,True
6183,2780,False
6184,3170,False
6185,2714,False
6186,1712,True
6187,1906,True
6188,1790,False
6189,2129,False
6190,2327,True
6191,2466,False
6192,1231,False
6193,1674,True
6194,2183,True
6195,2142,True
6196,3389,False
6197,2951,False
6198,1639,False
6199,2425,False
6200,2479,False
6201,2941,False
6202,2276,False
6203,3974,True
6204,2420,True
6205,2630,False
6206,1342,True
6207,2321,False
6208,2153,False
6209,4223,True
6210,2578,False
6211,2239,True
6212,2192,False
6213,148,True
6214,4035,False
6215,2132,False
6216,2996,True
6217,2403,True
6218,3109,True
6219,2242,False
6220,2774,True
6221,1707,True
6222,3400,False
6223,2909,True
6224,3123,True
6225,1640,True
6226,1962,True
6227,1138,False
6228,3037,True
6229,2443,False
6230,3509,True
6231,2286,True
6232,2047,True
6233,1826,True
6234,2878,False
6235,2122,True
6236,2027,False
6237,3482,False
6238,2229,False
6239,2476,True
6240,3414,True
6241,3619,False
6242,1824,False
6243,2116,True
6244,2182,False
6245,1764,False
6246,1236,False
6247,1049,True
6248,3256,True
6249,2711,True
6250,1585,True
6251,2148,False
6252,2059,False
6253,3021,True
6254,2549,False
6255,1155,True
6256,2282,True
6257,2511,False
6258,2148,False
6259,3335,False
6260,2405,False
6261,3776,True
6262,2023,False
6263,2015,False
6264,3008,True
6265,3209,True
6266,2492,True
6267,1829,True
6268,1993,False
6269,2287,True
6270,2491,True
6271,2104,True
6272,2183,False
6273,1883,False
6274,2932,True
6275,2680,False
6276,1885,False
6277,2693,True
6278,2401,True
6279,1570,False
6280,2149,False
6281,2432,True
6282,2060,True
6283,2114,True
6284,2967,False
6285,2042,False
6286,2605,False
6287,1109,False
6288,2350,False
6289,3822,False
6290,3167,True
6291,2406,True
6292,2945,True
6293,2068,False
6294,1486,False
6295,4068,True
6296,3939,False
6297,2917,False
6298,1624,True
6299,2477,True
6300,4307,True
6301,1423,True
6302,2988,False
6303,3636,False
6304,2638,False
6305,3528,True
6306,1956,False
6307,3126,False
6308,2866,True
6309,2393,False
6310,2178,True
6311,2960,False
6312,3413,False
6313,1643,False
6314,2154,True
6315,2452,False
6316,1601,False
6317,2159,True
6318,2337,True
6319,2971,True
6320,2636,True
6321,2229,False
6322,3341,True
6323,2269,False
6324,1941,True
6325,1767,False
6326,2568,False
6327,3199,True
6328,2380,False
6329,2531,False
6330,3296,False
6331,2721,True
6332,2117,False
6333,2023,True
6334,2564,False
6335,1720,False
6336,3362,False
6337,2800,True
6338,2080,False
6339,2098,True
6340,2040,True
6341,3153,False
6342,2318,True
6343,3097,False
6344,2500,True
6345,1900,True
6346,2173,True
6347,2490,True
6348,3076,True
6349,1671,False
6350,1968,False
6351,2681,False
6352,2051,True
6353,2423,False
6354,2104,True
6355,3512,False
6356,2697,True
6357,2622,False
6358,2742,True
6359,2785,False
6360,1853,True
6361,1986,True
6362,1655,True
6363,2269,False
6364,1802,True
6365,2458,False
6366,2539,False
6367,2569,False
6368,2129,False
6369,2372,False
6370,2345,False
6371,3178,True
6372,2071,False
6373,2003,True
6374,2465,True
6375,2420,True
6376,2861,False
6377,2802,False
6378,1995,False
6379,2627,True
6380,2103,True
6381,3053,True
6382,1519,True
6383,1544,True
6384,2812,False
6385,3256,True
6386,2274,False
6387,2266,True
6388,2472,True
6389,1336,False
6390,2808,False
6391,2200,False
6392,1930,True
6393,2130,True
6394,3512,True
6395,2996,False
6396,2187,False
6397,1947,True
6398,2776,False
6399,2106,False
6400,1867,True
6401,2801,True
6402,2492,True
6403,1764,False
6404,2233,True
6405,2963,True
6406,2199,True
6407,2837,True
6408,1516,True
6409,2156,True
6410,2224,False
6411,2124,False
6412,1779,False
6413,2445,False
6414,2817,True
6415,4133,False
6416,2195,False
6417,2466,True
6418,1756,False
6419,2301,True
6420,1886,True
6421,2091,True
6422,3315,True
6423,2006,True
6424,1852,False
6425,2441,True
6426,1877,False
6427,3002,True
6428,3089,False
6429,2584,False
6430,1770,True
6431,3364,True
6432,1953,False
6433,1694,False
6434,3735,False
6435,2266,False
6436,2523,False
6437,2743,False
6438,2837,False
6439,3198,False
6440,2803,False
6441,1563,True
6442,2785,False
6443,2993,True
6444,3958,False
6445,2421,False
6446,2145,False
6447,2504,False
6448,2189,False
6449,2054,False
6450,1515,False
6451,2457,False
6452,2704,False
6453,2597,True
6454,2506,False
6455,2668,False
6456,3619,True
6457,2307,False
6458,2118,True
6459,2008,True
6460,3176,False
6461,2211,True
6462,2208,False
6463,2157,True
6464,2189,True
6465,2007,False
6466,3596,False
6467,2818,True
6468,3603,True
6469,2601,True
6470,2932,True
6471,1645,True
6472,3106,False
6473,1635,True
6474,2181,True
6475,3290,True
6476,2740,False
6477,1866,False
6478,1592,True
6479,2734,False
6480,2998,True
6481,2754,False
6482,2178,False
6483,2911,True
6484,2353,True
6485,1852,True
6486,2560,True
6487,1997,True
6488,2672,True
6489,1162,True
6490,2022,True
6491,3595,False
6492,1434,True
6493,2165,True
6494,1477,True
6495,2546,True
6496,2820,True
6497,1895,True
6498,3370,False
6499,1879,False
6500,2050,False
6501,2950,False
6502,3234,True
6503,1494,False
6504,2090,False
6505,1709,True
6506,3551,True
6507,3137,False
6508,2371,True
6509,2691,False
6510,2240,False
6511,1871,True
6512,2595,False
6513,2304,True
6514,2427,True
6515,2065,False
6516,1767,False
6517,3316,True
6518,2673,True
6519,2484,False
6520,3398,True
6521,1800,False
6522,2168,True
6523,2392,False
6524,3452,True
6525,2665,False
6526,1939,True
6527,2161,True
6528,2817,True
6529,2606,True
6530,3717,False
6531,2634,True
6532,1424,True
6533,3016,True
6534,2673,True
6535,3312,True
6536,2119,True
6537,2371,True
6538,3072,True
6539,2213,False
6540,2648,True
6541,3157,True
6542,2574,True
6543,2330,True
6544,3126,True
6545,2061,False
6546,2522,False
6547,2574,False
6548,1939,False
6549,2109,True
6550,3480,True
6551,1804,False
6552,1733,False
6553,2552,True
6554,2334,True
6555,1710,True
6556,2646,True
6557,1801,False
6558,2505,False
6559,2184,True
6560,2826,True
6561,2088,True
6562,2479,False
6563,2430,True
6564,3256,True
6565,2676,True
6566,3076,False
6567,2459,False
6568,3196,False
6569,2416,False
6570,1928,False
6571,3321,True
6572,2126,False
6573,2688,False
6574,2286,True
6575,2897,True
6576,1787,False
6577,2558,True
6578,1690,True
6579,1828,True
6580,2755,True
6581,2545,False
6582,1784,False
6583,1987,True
6584,1563,True
6585,2719,True
6586,2469,True
6587,1737,False
6588,1998,False
6589,3477,False
6590,1971,True
6591,2357,True
6592,3804,False
6593,4142,True
6594,2885,True
6595,1451,True
6596,2179,False
6597,3739,True
6598,3268,True
6599,2341,False
6600,1365,True
6601,2256,False
6602,3361,True
6603,1686,False
6604,2775,True
6605,2241,True
6606,2173,False
6607,4353,False
6608,3164,False
6609,2577,True
6610,1910,False
6611,2004,False
6612,1890,True
6613,2317,True
6614,1668,True
6615,3202,False
6616,2835,False
6617,2175,False
6618,1620,True
6619,1681,False
6620,3972,True
6621,1744,False
6622,2419,True
6623,2529,True
6624,2431,True
6625,3104,True
6626,2182,False
6627,3741,False
6628,2457,True
6629,2199,True
6630,2005,False
6631,2488,True
6632,3295,False
6633,2384,False
6634,2163,True
6635,3526,False
6636,2630,True
6637,2939,True
6638,2150,False
6639,2638,True
6640,3335,True
6641,1984,False
6642,2300,False
6643,3092,False
6644,3073,True
6645,1831,True
6646,2220,True
6647,2276,True
6648,1974,False
6649,2865,False
6650,1737,False
6651,2978,True
6652,2090,False
6653,1264,False
6654,2150,True
6655,2037,False
6656,1676,False
6657,2255,True
6658,2305,True
6659,3121,True
6660,2660,True
6661,2961,False
6662,2366,False
6663,1844,False
6664,3023,False
6665,1991,True
6666,1939,False
6667,2154,False
6668,1915,True
6669,2870,False
6670,3516,True
6671,2352,True
6672,2076,False
6673,3342,True
6674,2432,False
6675,2645,True
6676,2977,True
6677,2762,True
6678,1910,True
6679,2726,False
6680,3506,True
6681,3061,True
6682,2463,True
6683,1628,True
6684,2928,True
6685,3128,False
6686,3865,True
6687,2504,True
6688,3000,True
6689,2494,True
6690,1877,False
6691,3651,True
6692,2343,False
6693,1671,True
6694,2360,False
6695,1993,False
6696,1681,True
6697,2425,False
6698,2222,True
6699,1861,True
6700,1291,False
6701,1713,True
6702,3418,False
6703,2183,True
6704,2554,False
6705,1943,False
6706,1015,True
6707,3016,False
6708,3411,False
6709,3625,False
6710,1917,False
6711,3224,False
6712,2322,True
6713,2311,True
6714,2596,True
6715,1766,False
6716,2506,True
6717,2531,False
6718,2529,True
6719,2011,True
6720,2840,False
6721,2496,False
6722,2576,False
6723,2369,False
6724,3642,False
6725,2096,False
6726,1916,False
6727,1368,False
6728,2685,True
6729,2850,False
6730,2545,False
6731,2062,False
6732,3275,True
6733,1981,False
6734,1905,False
6735,4868,True
6736,3064,False
6737,3621,False
6738,3120,False
6739,2457,True
6740,2034,False
6741,2136,False
6742,2148,True
6743,2708,True
6744,2955,False
6745,2003,True
6746,2516,False
6747,3799,True
6748,2701,False
6749,2161,True
6750,2839,True
6751,3198,True
6752,3586,True
6753,2667,False
6754,3430,False
6755,1552,False
6756,1508,False
6757,2346,True
6758,2427,True
6759,2652,False
6760,3415,False
6761,2997,True
6762,1920,True
6763,2688,False
6764,2029,True
6765,1628,True
6766,2008,False
6767,1625,True
6768,2093,False
6769,2978,True
6770,3111,True
6771,1736,False
6772,2339,True
6773,2617,True
6774,1964,False
6775,2588,True
6776,1740,True
6777,3220,False
6778,2607,False
6779,1819,True
6780,2708,True
6781,2279,True
6782,3746,True
6783,3286,True
6784,1687,True
6785,2803,True
6786,2403,True
6787,3038,False
6788,3139,True
6789,2110,False
6790,2720,False
6791,2155,False
6792,2563,False
6793,2997,False
6794,2953,False
6795,2359,False
6796,1843,True
6797,2283,False
6798,2982,True
6799,3089,False
6800,2014,False
6801,3190,False
6802,1742,False
6803,2398,False
6804,2750,True
6805,3379,True
6806,2706,False
6807,2561,True
6808,1791,False
6809,2199,True
6810,2835,True
6811,1806,True
6812,3932,False
6813,2787,False
6814,2004,False
6815,1757,False
6816,2517,False
6817,1864,False
6818,2009,True
6819,2003,True
6820,2171,True
6821,2321,True
6822,2481,True
6823,2949,False
6824,2719,False
6825,2014,True
6826,2455,True
6827,3998,True
6828,2374,True
6829,3533,True
6830,2775,True
6831,2278,True
6832,2595,True
6833,1909,True
6834,1754,False
6835,3126,True
6836,1909,True
6837,2465,True
6838,2751,False
6839,2356,False
6840,2442,True
6841,1951,False
6842,1592,True
6843,2966,True
6844,1826,True
6845,2900,True
6846,2212,False
6847,2738,False
6848,1363,True
6849,2751,False
6850,2508,False
6851,2322,False
6852,1574,False
6853,2653,False
6854,3093,False
6855,2697,False
6856,2268,True
6857,1795,False
6858,2225,False
6859,2371,True
6860,2665,True
6861,2732,False
6862,2124,False
6863,3500,True
6864,1800,False
6865,2085,True
6866,1652,False
6867,2990,True
6868,2671,True
6869,3012,True
6870,2469,False
6871,2550,True
6872,2842,True
6873,3209,True
6874,2135,True
6875,3025,False
6876,3022,True
6877,1913,True
6878,2574,True
6879,2660,True
6880,1492,False
6881,2137,True
6882,2283,False
6883,3751,True
6884,2166,False
6885,2197,False
6886,3283,True
6887,2089,False
6888,2402,True
6889,2191,False
6890,2366,False
6891,2169,True
6892,2039,True
6893,1655,True
6894,3049,True
6895,2641,False
6896,1826,False
6897,2894,False
6898,1526,False
6899,2472,False
6900,2184,True
6901,2897,False
6902,2786,False
6903,2641,False
6904,3305,False
6905,3334,False
6906,2361,False
6907,2591,False
6908,2408,True
6909,1232,True
6910,2016,True
6911,2457,False
6912,1381,True
6913,2202,False
6914,2751,True
6915,3168,False
6916,1943,False
6917,2544,False
6918,2941,True
6919,2253,True
6920,2117,False
6921,2002,False
6922,2551,False
6923,1959,True
6924,2531,True
6925,2623,False
6926,3905,False
6927,3757,True
6928,2889,True
6929,2048,True
6930,2433,True
6931,2342,False
6932,2390,False
6933,2225,False
6934,2930,True
6935,2276,False
6936,1850,False
6937,2072,False
6938,2354,False
6939,2806,False
6940,1978,True
6941,1987,True
6942,3307,False
6943,1177,False
6944,2989,False
6945,2316,False
6946,2575,True
6947,2920,True
6948,2002,True
6949,2883,True
6950,2512,True
6951,3222,False
6952,1958,True
6953,2384,True
6954,3316,True
6955,3313,False
6956,3910,False
6957,2180,False
6958,1922,True
6959,3324,False
6960,1936,True
6961,2887,True
6962,2350,True
6963,2527,False
6964,2587,False
6965,3507,False
6966,3469,False
6967,1987,False
6968,2109,True
6969,2616,True
6970,2445,True
6971,2342,False
6972,2931,False
6973,2909,True
6974,1400,False
6975,1943,True
6976,2514,False
6977,1818,False
6978,2222,False
6979,3150,False
6980,1982,True
6981,2119,False
6982,2519,False
6983,3957,True
6984,1388,True
6985,2835,True
6986,2255,True
6987,2703,True
6988,3233,False
6989,2851,False
6990,2384,True
6991,1426,False
6992,2078,True
6993,1420,False
6994,2634,True
6995,2364,False
6996,1981,False
6997,2409,False
6998,2509,True
6999,2438,True
7000,2831,False
7001,1710,False
7002,1869,True
7003,2204,True
7004,1784,False
7005,2544,True
7006,2034,True
7007,1724,True
7008,3350,True
7009,1938,True
7010,2912,True
7011,3237,False
7012,2588,True
7013,1268,True
7014,3358,False
7015,2243,False
7016,2950,True
7017,3035,False
7018,3160,True
7019,1718,True
7020,2050,False
7021,1482,True
7022,2386,False
7023,1922,True
7024,2364,True
7025,3730,False
7026,3810,True
7027,2440,True
7028,2000,True
7029,2196,True
7030,1479,True
7031,1614,True
7032,2102,True
7033,2411,False
7034,2678,False
7035,3987,False
7036,1701,True
7037,1830,True
7038,1846,True
7039,2584,True
7040,2841,True
7041,2732,True
7042,2000,True
7043,2400,True
7044,2248,True
7045,1650,True
7046,1783,True
7047,2877,False
7048,3458,False
7049,3277,False
7050,2240,False
7051,2319,True
7052,2102,False
7053,2958,True
7054,1864,True
7055,1437,True
7056,2433,True
7057,1974,False
7058,1804,False
7059,2135,True
7060,2457,True
7061,3004,True
7062,2545,False
7063,2302,True
7064,1378,True
7065,2148,False
7066,2376,True
7067,2608,True
7068,2029,True
7069,2192,True
7070,2415,False
7071,2848,False
7072,2989,True
7073,1598,True
7074,2592,False
7075,1741,False
7076,3406,True
7077,2330,True
7078,2713,False
7079,2686,True
7080,2827,True
7081,2429,False
7082,1314,True
7083,2919,True
7084,2138,True
7085,2600,False
7086,2795,True
7087,2146,False
7088,2161,False
7089,1575,False
7090,2123,True
7091,1921,True
7092,3737,False
7093,3001,True
7094,3428,False
7095,2517,True
7096,1430,True
7097,2505,True
7098,2156,False
7099,1934,False
7100,2459,False
7101,1409,True
7102,2804,False
7103,2340,False
7104,2518,False
7105,2221,True
7106,1964,True
7107,1763,True
7108,3210,False
7109,3433,True
7110,2209,False
7111,2463,True
7112,2471,True
7113,3215,True
7114,2007,True
7115,2087,False
7116,3319,True
7117,2090,False
7118,3121,True
7119,4166,False
7120,2059,True
7121,2303,True
7122,1187,True
7123,2996,False
7124,2684,True
7125,1957,True
7126,2053,False
7127,2449,True
7128,3390,False
7129,2117,False
7130,1667,True
7131,3759,True
7132,1685,True
7133,2819,True
7134,2985,True
7135,3471,False
7136,1962,True
7137,3709,False
7138,2028,True
7139,3618,False
7140,2995,False
7141,1648,False
7142,2397,True
7143,2134,True
7144,2557,True
7145,2026,True
7146,2452,False
7147,1726,False
7148,2106,False
7149,3051,True
7150,3580,True
7151,2593,False
7152,2352,True
7153,3201,False
7154,1908,True
7155,2879,False
7156,2716,True
7157,2639,False
7158,2713,False
7159,1475,True
7160,2193,False
7161,2151,True
7162,2682,True
7163,2781,False
7164,1760,True
7165,2144,False
7166,2326,False
7167,2879,False
7168,2395,True
7169,2209,True
7170,2587,True
7171,2293,True
7172,2399,True
7173,3066,True
7174,2875,True
7175,2470,True
7176,2625,True
7177,2940,False
7178,2389,False
7179,2234,False
7180,2983,False
7181,2846,False
7182,2565,True
7183,3387,False
7184,2650,False
7185,1925,True
7186,2181,False
7187,2012,True
7188,1326,True
7189,1671,True
7190,1603,False
7191,3561,False
7192,2078,False
7193,1987,False
7194,2385,True
7195,1760,True
7196,2555,True
7197,3329,True
7198,2066,True
7199,2336,True
7200,3543,True
7201,2676,False
7202,1530,False
7203,3175,True
7204,2211,False
7205,2398,False
7206,2750,False
7207,2344,True
7208,2821,True
7209,2483,True
7210,2359,True
7211,1989,True
7212,1725,False
7213,3302,False
7214,2957,True
7215,1996,False
7216,735,True
7217,2030,False
7218,2491,False
7219,2450,True
7220,3526,False
7221,1781,True
7222,2253,True
7223,1818,True
7224,2565,False
7225,1978,True
7226,2804,False
7227,3057,False
7228,3714,False
7229,2602,False
7230,2824,True
7231,4275,True
7232,2507,False
7233,2302,True
7234,2051,True
7235,2268,False
7236,1468,True
7237,1976,True
7238,1650,True
7239,1770,True
7240,1986,False
7241,2969,True
7242,4177,True
7243,2874,False
7244,1978,True
7245,2907,False
7246,2510,False
7247,2987,True
7248,2053,True
7249,2261,False
7250,3558,False
7251,3657,False
7252,2939,False
7253,2150,True
7254,2246,True
7255,1885,True
7256,3915,False
7257,2450,True
7258,2664,False
7259,2870,True
7260,3058,False
7261,1943,False
7262,2435,True
7263,2198,False
7264,2656,False
7265,1636,False
7266,1990,False
7267,1811,False
7268,2242,False
7269,1863,False
7270,2457,True
7271,2822,False
7272,2505,False
7273,2348,False
7274,277,False
7275,3257,False
7276,3245,False
7277,3068,True
7278,2061,False
7279,4363,True
7280,1092,True
7281,2304,False
7282,2113,True
7283,1313,True
7284,2610,True
7285,1606,True
7286,3774,True
7287,2539,True
7288,2597,True
7289,1644,True
7290,2231,False
7291,3095,False
7292,2168,True
7293,2283,True
7294,3590,False
7295,2627,True
7296,3949,False
7297,2465,True
7298,2196,True
7299,2094,False
7300,2748,True
7301,1450,False
7302,1875,True
7303,1881,True
7304,2952,True
7305,2551,False
7306,2040,True
7307,2310,False
7308,1929,True
7309,2879,False
7310,2133,True
7311,2093,False
7312,1538,False
7313,2288,True
7314,1636,True
7315,3329,False
7316,2357,False
7317,2022,False
7318,3663,True
7319,3342,True
7320,2912,True
7321,1786,True
7322,2776,False
7323,1964,True
7324,2768,False
7325,2214,False
7326,2450,False
7327,3449,False
7328,2872,False
7329,3279,False
7330,3147,False
7331,2566,False
7332,1526,False
7333,3189,False
7334,3680,False
7335,4236,True
7336,1814,True
7337,2431,False
7338,3316,True
7339,2791,True
7340,2557,True
7341,2548,True
7342,3086,True
7343,3300,True
7344,2392,True
7345,2852,True
7346,2959,False
7347,1441,False
7348,3864,True
7349,2069,False
7350,2469,True
7351,1782,True
7352,2400,False
7353,2766,False
7354,2725,False
7355,2241,True
7356,2896,True
7357,3582,False
7358,3385,False
7359,1884,False
7360,2340,False
7361,2480,True
7362,2923,False
7363,2873,False
7364,3019,False
7365,1608,True
7366,2158,True
7367,4504,True
7368,2511,False
7369,3471,False
7370,2368,False
7371,3561,False
7372,2436,True
7373,2414,False
7374,2558,False
7375,2756,True
7376,2160,True
7377,1742,True
7378,1571,True
7379,3226,True
7380,2146,True
7381,2417,False
7382,2156,False
7383,2359,True
7384,2241,False
7385,1795,True
7386,3021,True
7387,1128,True
7388,3686,True
7389,2776,False
7390,1392,True
7391,2490,True
7392,2469,True
7393,2223,False
7394,1760,True
7395,2819,False
7396,1908,False
7397,2837,False
7398,2468,False
7399,2969,False
7400,1924,True
7401,2504,True
7402,2515,True
7403,1795,True
7404,2368,False
7405,1422,True
7406,2976,True
7407,2195,True
7408,2709,False
7409,2011,True
7410,3779,False
7411,2216,True
7412,1120,True
7413,2022,True
7414,2518,True
7415,2165,True
7416,3414,True
7417,2963,False
7418,2552,True
7419,2674,False
7420,1597,True
7421,2764,True
7422,3251,False
7423,2303,False
7424,1974,True
7425,2697,False
7426,2432,True
7427,2869,False
7428,2949,False
7429,2112,False
7430,1834,True
7431,2090,True
7432,2277,True
7433,3004,False
7434,1969,True
7435,4364,True
7436,2348,False
7437,1739,False
7438,3695,False
7439,1310,True
7440,2654,False
7441,1798,False
7442,2107,True
7443,2816,False
7444,1644,False
7445,2017,True
7446,1963,True
7447,2188,False
7448,3030,False
7449,2969,False
7450,2701,False
7451,2193,False
7452,1444,True
7453,2111,True
7454,3460,True
7455,4215,True
7456,2074,True
7457,3111,False
7458,3414,False
7459,2028,False
7460,2335,False
7461,3563,True
7462,2360,False
7463,3012,False
7464,2197,False
7465,2467,True
7466,2564,False
7467,2803,True
7468,1500,False
7469,2801,False
7470,2744,True
7471,1917,True
7472,1882,False
7473,2575,True
7474,2956,False
7475,2730,True
7476,1792,True
7477,922,True
7478,1934,True
7479,2304,True
7480,2973,True
7481,2787,False
7482,2690,False
7483,2515,True
7484,2972,False
7485,2376,True
7486,3068,True
7487,2620,False
7488,2709,False
7489,895,True
7490,2961,True
7491,1848,False
7492,2184,False
7493,2310,False
7494,3170,True
7495,2823,False
7496,2260,False
7497,2650,True
7498,2450,False
7499,1974,True
7500,2312,False
7501,2685,True
7502,2252,True
7503,3632,True
7504,2084,True
7505,3195,True
7506,4387,False
7507,3259,False
7508,4053,True
7509,3373,False
7510,3112,False
7511,2311,False
7512,2906,True
7513,2741,False
7514,2460,False
7515,2917,True
7516,2655,True
7517,2661,True
7518,2914,False
7519,1653,True
7520,2169,True
7521,3476,True
7522,2196,True
7523,2864,True
7524,1802,True
7525,2166,True
7526,3367,True
7527,3618,False
7528,3013,True
7529,2421,True
7530,2099,False
7531,2338,True
7532,1708,False
7533,1227,False
7534,1851,True
7535,3390,True
7536,3214,False
7537,2060,False
7538,2622,False
7539,2428,False
7540,3120,False
7541,2306,False
7542,1814,True
7543,2884,False
7544,3183,False
7545,2799,True
7546,2032,True
7547,2262,True
7548,3054,True
7549,4250,False
7550,1943,True
7551,2242,True
7552,1828,True
7553,2000,False
7554,1954,True
7555,2270,False
7556,1479,False
7557,3049,True
7558,2152,False
7559,2833,True
7560,1191,True
7561,2202,True
7562,2694,True
7563,2491,True
7564,2305,False
7565,2189,True
7566,3067,True
7567,2282,False
7568,1919,True
7569,1938,False
7570,2192,True
7571,3442,True
7572,2402,False
7573,1406,False
7574,2256,True
7575,2493,False
7576,2142,True
7577,2324,True
7578,2323,True
7579,1634,False
7580,1809,True
7581,1901,False
7582,1959,True
7583,3344,True
7584,1777,False
7585,2870,True
7586,2750,True
7587,2055,False
7588,1623,True
7589,1800,False
7590,2391,True
7591,2143,False
7592,2965,False
7593,2507,False
7594,2368,False
7595,1791,False
7596,1773,True
7597,2888,True
7598,3568,True
7599,3059,False
7600,2502,False
7601,3295,False
7602,2117,False
7603,2954,True
7604,972,False
7605,2462,True
7606,2120,True
7607,2600,False
7608,2679,True
7609,2670,True
7610,3012,False
7611,3878,True
7612,1593,True
7613,1200,False
7614,2784,True
7615,2718,True
7616,2306,False
7617,2260,True
7618,2840,True
7619,2001,True
7620,3546,True
7621,2223,False
7622,2546,False
7623,2507,True
7624,956,True
7625,2959,False
7626,2967,False
7627,2190,True
7628,1979,False
7629,1987,True
7630,3240,True
7631,2440,True
7632,2026,True
7633,2101,False
7634,2723,True
7635,1908,True
7636,1263,True
7637,2441,True
7638,3025,False
7639,2259,False
7640,2159,False
7641,1686,False
7642,1875,True
7643,2065,False
7644,2817,True
7645,1382,True
7646,2531,False
7647,1516,False
7648,2408,False
7649,2072,True
7650,1677,True
7651,2860,False
7652,4030,True
7653,2237,False
7654,2145,True
7655,3412,True
7656,2595,True
7657,3348,True
7658,2021,False
7659,2563,True
7660,1639,True
7661,2910,True
7662,2042,False
7663,1557,False
7664,1620,False
7665,2640,False
7666,2412,False
7667,1571,True
7668,2913,True
7669,1547,False
7670,4012,True
7671,2341,True
7672,2075,False
7673,3894,False
7674,2593,True
7675,1789,False
7676,2398,False
7677,2703,False
7678,1581,True
7679,2832,True
7680,2032,False
7681,2168,True
7682,2743,False
7683,2155,True
7684,2434,True
7685,3450,True
7686,1824,False
7687,2958,False
7688,2283,False
7689,3597,False
7690,3902,False
7691,3038,False
7692,3032,True
7693,2832,False
7694,2378,True
7695,2246,False
7696,2340,False
7697,1446,False
7698,3666,False
7699,3522,True
7700,2618,False
7701,2854,True
7702,2132,False
7703,1787,True
7704,2231,True
7705,2648,True
7706,3246,False
7707,3114,True
7708,3020,True
7709,2166,False
7710,2481,True
7711,1459,False
7712,2536,True
7713,2691,True
7714,1320,True
7715,2755,False
7716,3022,False
7717,3295,False
7718,3978,False
7719,2720,False
7720,2557,False
7721,2747,False
7722,2635,True
7723,2626,True
7724,2611,False
7725,1816,False
7726,2313,False
7727,3241,False
7728,2593,False
7729,1715,True
7730,2327,True
7731,3904,False
7732,2467,True
7733,1957,True
7734,2099,False
7735,1813,True
7736,1996,True
7737,1979,True
7738,1558,True
7739,2773,False
7740,2321,False
7741,2112,False
7742,2524,False
7743,3877,True
7744,3870,False
7745,2010,False
7746,1489,True
7747,2547,False
7748,1955,True
7749,1729,True
7750,2743,False
7751,2349,False
7752,3066,False
7753,2152,False
7754,2675,True
7755,1921,False
7756,2444,False
7757,1951,False
7758,2022,True
7759,1782,True
7760,3220,False
7761,2607,True
7762,2711,False
7763,1550,False
7764,1816,False
7765,2183,False
7766,2498,False
7767,2225,True
7768,3945,False
7769,2496,True
7770,2664,True
7771,1747,False
7772,1402,False
7773,2139,True
7774,1913,True
7775,3123,False
7776,2421,False
7777,2608,False
7778,2244,False
7779,2428,False
7780,1821,True
7781,2858,True
7782,3605,False
7783,2407,False
7784,2936,True
7785,2034,True
7786,2940,False
7787,2868,False
7788,2135,True
7789,1525,True
7790,2491,False
7791,2525,False
7792,2190,False
7793,3276,True
7794,2184,False
7795,2040,True
7796,2520,False
7797,2828,True
7798,2432,False
7799,3103,True
7800,1685,True
7801,3764,True
7802,2506,True
7803,2101,False
7804,1690,True
7805,2544,True
7806,1963,False
7807,2979,True
7808,2861,True
7809,2844,False
7810,2817,False
7811,3659,False
7812,3327,False
7813,2688,True
7814,3265,False
7815,1689,True
7816,1378,False
7817,3054,False
7818,1326,True
7819,2966,False
7820,1838,True
7821,2691,False
7822,2284,False
7823,3127,False
7824,2445,True
7825,2681,True
7826,2192,False
7827,2665,False
7828,2979,False
7829,2327,False
7830,2012,False
7831,1321,False
7832,2720,True
7833,3023,False
7834,1669,False
7835,2918,True
7836,1599,True
7837,2420,False
7838,3194,False
7839,1796,True
7840,2943,False
7841,2029,True
7842,1861,True
7843,2595,True
7844,521,False
7845,1601,True
7846,2673,False
7847,3034,True
7848,2854,True
7849,2120,False
7850,2382,True
7851,2869,False
7852,3373,False
7853,1961,True
7854,1957,True
7855,2284,True
7856,1891,False
7857,3158,True
7858,2181,True
7859,2340,False
7860,2985,False
7861,2309,True
7862,2390,False
7863,1659,False
7864,2833,True
7865,1821,False
7866,2356,True
7867,2600,False
7868,2603,False
7869,2743,True
7870,2249,True
7871,2278,False
7872,2845,True
7873,2240,True
7874,2391,False
7875,1885,True
7876,2043,True
7877,3449,True
7878,3426,False
7879,1821,False
7880,2813,True
7881,2132,False
7882,1768,False
7883,2871,False
7884,1801,False
7885,3239,False
7886,1614,False
7887,2538,False
7888,2507,False
7889,2746,True
7890,2816,True
7891,2658,False
7892,2511,False
7893,2723,True
7894,2364,True
7895,1340,False
7896,1624,False
7897,3413,False
7898,1531,False
7899,1707,True
7900,2138,False
7901,3504,False
7902,2229,True
7903,2099,True
7904,2363,False
7905,3032,False
7906,2621,True
7907,2232,True
7908,2931,False
7909,3095,True
7910,1691,True
7911,2506,False
7912,1598,True
7913,2546,True
7914,2606,False
7915,2918,True
7916,2343,False
7917,2738,False
7918,3654,False
7919,1980,False
7920,2989,True
7921,2957,False
7922,1619,True
7923,2005,True
7924,2795,True
7925,2062,False
7926,2655,False
7927,3032,True
7928,2423,False
7929,4391,True
7930,1295,True
7931,2466,False
7932,1991,True
7933,1532,False
7934,1602,False
7935,1873,True
7936,2647,False
7937,1903,False
7938,1822,True
7939,2929,True
7940,2717,True
7941,3234,False
7942,2289,True
7943,1328,True
7944,2937,True
7945,2683,True
7946,2484,False
7947,2736,False
7948,2602,True
7949,1831,True
7950,2677,True
7951,2883,True
7952,1546,False
7953,2481,False
7954,3031,False
7955,1481,True
7956,1966,False
7957,2575,True
7958,2007,True
7959,2862,False
7960,2984,True
7961,1618,False
7962,2907,False
7963,3878,True
7964,2685,True
7965,2171,False
7966,2818,False
7967,2761,False
7968,2369,True
7969,2053,False
7970,2661,True
7971,1551,True
7972,3064,False
7973,2568,False
7974,2601,True
7975,3057,False
7976,1514,True
7977,1727,False
7978,2732,False
7979,1476,True
7980,1750,False
7981,2187,True
7982,2775,True
7983,2154,False
7984,2020,True
7985,2881,True
7986,3055,True
7987,2154,False
7988,3201,False
7989,2251,False
7990,3019,True
7991,1705,True
7992,2016,False
7993,3207,False
7994,1961,True
7995,1405,True
7996,2699,True
7997,1925,True
7998,1887,False
7999,2539,True
8000,2535,True
8001,2216,False
8002,3859,True
8003,2313,False
8004,1791,False
8005,2118,True
8006,2532,True
8007,2287,False
8008,2101,False
8009,3612,True
8010,1850,False
8011,3417,True
8012,2560,True
8013,1921,False
8014,2541,False
8015,2226,False
8016,2595,False
8017,2437,False
8018,2240,True
8019,2142,False
8020,2320,True
8021,1854,False
8022,2416,False
8023,2273,True
8024,3027,False
8025,3384,False
8026,1588,True
8027,1738,True
8028,2381,True
8029,3645,True
8030,2051,True
8031,3520,False
8032,2613,True
8033,2564,True
8034,2905,False
8035,2774,False
8036,1723,False
8037,2294,True
8038,964,True
8039,2968,True
8040,2006,False
8041,2941,False
8042,2286,False
8043,1818,False
8044,3543,True
8045,2509,True
8046,3049,True
8047,3029,False
8048,2012,True
8049,3593,True
8050,3441,False
8051,3144,False
8052,2438,True
8053,2707,True
8054,1372,True
8055,1605,True
8056,2840,False
8057,2265,False
8058,1774,False
8059,2297,False
8060,2565,True
8061,2437,False
8062,1959,True
8063,3835,False
8064,1959,False
8065,3639,False
8066,3863,True
8067,2825,False
8068,1300,True
8069,4049,False
8070,2103,False
8071,3199,False
8072,3152,True
8073,2058,True
8074,1988,False
8075,2230,True
8076,2643,False
8077,2396,False
8078,3557,True
8079,2218,True
8080,1968,True
8081,2132,True
8082,2347,True
8083,1646,False
8084,1998,True
8085,2690,False
8086,1587,True
8087,2161,True
8088,2558,False
8089,2422,False
8090,2446,False
8091,1961,False
8092,3477,False
8093,2615,True
8094,2190,False
8095,2372,False
8096,3425,True
8097,2752,True
8098,1418,False
8099,2012,True
8100,1942,True
8101,2952,False
8102,2674,True
8103,2006,True
8104,2400,False
8105,2390,True
8106,2895,True
8107,3058,True
8108,2099,True
8109,2363,False
8110,2972,True
8111,1382,True
8112,2571,True
8113,2958,False
8114,2416,False
8115,3085,False
8116,3552,False
8117,2286,True
8118,3781,True
8119,3702,False
8120,1715,True
8121,1853,False
8122,2635,False
8123,2809,True
8124,2255,False
8125,1688,False
8126,2133,False
8127,1876,True
8128,3087,True
8129,3126,False
8130,2269,True
8131,1847,False
8132,1776,False
8133,2273,True
8134,2549,False
8135,3522,True
8136,2686,False
8137,2189,True
8138,1717,True
8139,2359,False
8140,3559,False
8141,1666,False
8142,2861,False
8143,2208,True
8144,2760,False
8145,1758,True
8146,2852,True
8147,4133,False
8148,2196,False
8149,2930,False
8150,1750,False
8151,2383,True
8152,1757,True
8153,2825,True
8154,2723,True
8155,2268,True
8156,1771,True
8157,2660,True
8158,2188,False
8159,3784,False
8160,4553,False
8161,2636,False
8162,1797,False
8163,2589,False
8164,1649,False
8165,3294,True
8166,2509,False
8167,2863,True
8168,2455,True
8169,2106,False
8170,2499,True
8171,1178,True
8172,1229,True
8173,3127,True
8174,2581,False
8175,2817,False
8176,2219,True
8177,3128,False
8178,1994,True
8179,1733,False
8180,2468,False
8181,2829,True
8182,2846,True
8183,2327,True
8184,2638,True
8185,3038,True
8186,2177,True
8187,2305,True
8188,2101,True
8189,2469,True
8190,1606,False
8191,2292,True
8192,4514,True
8193,2442,False
8194,2129,False
8195,1743,True
8196,2553,False
8197,3423,True
8198,2437,True
8199,2937,False
8200,2449,False
8201,2558,False
8202,2506,True
8203,1695,False
8204,3169,False
8205,2264,True
8206,2119,False
8207,2635,True
8208,2741,True
8209,2353,False
8210,2304,True
8211,2145,True
8212,1374,True
8213,2316,True
8214,2918,True
8215,2123,True
8216,2481,False
8217,4337,False
8218,1915,True
8219,3127,False
8220,2870,True
8221,3461,False
8222,3586,False
8223,1559,True
8224,1647,False
8225,2239,True
8226,1772,True
8227,2168,True
8228,2579,True
8229,2770,False
8230,3504,True
8231,2242,True
8232,1916,False
8233,2198,True
8234,2047,True
8235,2458,True
8236,2146,True
8237,2727,True
8238,4672,False
8239,3105,False
8240,1995,True
8241,2154,True
8242,2455,True
8243,2125,False
8244,1864,True
8245,2175,True
8246,2720,True
8247,3466,False
8248,3267,False
8249,1565,True
8250,3902,False
8251,1835,True
8252,1921,False
8253,1764,True
8254,2948,False
8255,2905,True
8256,3244,True
8257,1381,False
8258,2258,False
8259,2077,True
8260,2205,False
8261,2336,True
8262,2790,True
8263,2055,False
8264,1456,False
8265,3468,False
8266,2655,False
8267,1110,False
8268,1978,True
8269,3048,True
8270,2233,True
8271,1859,False
8272,2006,True
8273,2606,False
8274,2529,False
8275,2661,True
8276,2607,True
8277,1713,True
8278,2613,True
8279,1936,True
8280,2881,False
8281,2054,False
8282,2903,False
8283,2340,True
8284,2402,True
8285,2161,False
8286,3101,False
8287,2601,False
8288,3144,True
8289,1546,False
8290,1801,False
8291,1888,False
8292,2853,False
8293,2275,False
8294,1750,True
8295,2804,True
8296,2671,False
8297,2735,True
8298,2906,False
8299,3701,False
8300,3160,True
8301,1756,False
8302,1136,True
8303,2385,True
8304,2535,True
8305,2694,True
8306,2348,False
8307,3895,True
8308,1704,True
8309,2933,False
8310,1937,True
8311,1794,True
8312,2160,False
8313,2462,False
8314,2525,False
8315,2313,True
8316,2987,False
8317,1733,False
8318,3090,True
8319,3350,True
8320,2332,True
8321,2497,True
8322,2647,False
8323,3618,True
8324,2729,True
8325,1194,False
8326,1975,False
8327,1758,False
8328,3155,False
8329,3059,True
8330,2464,True
8331,2358,True
8332,2069,True
8333,4299,True
8334,1879,True
8335,2544,False
8336,2530,False
8337,2805,True
8338,2422,False
8339,2576,False
8340,2802,False
8341,2471,False
8342,3347,False
8343,3218,True
8344,3978,False
8345,2033,False
8346,2290,False
8347,2040,True
8348,2331,False
8349,1832,True
8350,3322,True
8351,3008,False
8352,2521,False
8353,2247,False
8354,2724,False
8355,2132,True
8356,2968,False
8357,1665,True
8358,1763,True
8359,1957,True
8360,1554,False
8361,2470,False
8362,3389,False
8363,2428,False
8364,3993,True
8365,2867,False
8366,1680,False
8367,1762,True
8368,3012,False
8369,2214,False
8370,2872,False
8371,3118,True
8372,1893,False
8373,2019,True
8374,1121,False
8375,2352,True
8376,2386,False
8377,1714,True
8378,2207,True
8379,3421,True
8380,1969,False
8381,3309,True
8382,2161,True
8383,1468,False
8384,3092,True
8385,3241,False
8386,2356,False
8387,2879,True
8388,3432,False
8389,2788,False
8390,2602,False
8391,2104,True
8392,1942,False
8393,2188,True
8394,1591,True
8395,3136,True
8396,1827,False
8397,1304,True
8398,2376,True
8399,2181,True
8400,1794,True
8401,1219,True
8402,2982,True
8403,2368,True
8404,2526,False
8405,2017,True
8406,1546,True
8407,2009,True
8408,2674,False
8409,2965,False
8410,1970,True
8411,2762,False
8412,3036,True
8413,2092,True
8414,1322,True
8415,2327,True
8416,2161,False
8417,2769,False
8418,2596,True
8419,2496,False
8420,2506,True
8421,1218,False
8422,1835,False
8423,2501,True
8424,2018,False
8425,1702,False
8426,3046,False
8427,2857,True
8428,1877,True
8429,2611,True
8430,1863,True
8431,2184,True
8432,2612,False
8433,4441,False
8434,2633,False
8435,2142,True
8436,2150,False
8437,2332,False
8438,2982,True
8439,3356,False
8440,3874,False
8441,2204,True
8442,2554,False
8443,2314,True
8444,1921,True
8445,2340,True
8446,2311,True
8447,2274,False
8448,2281,False
8449,2786,True
8450,2090,True
8451,3002,False
8452,2547,False
8453,3049,True
8454,3533,False
8455,1758,True
8456,2705,True
8457,1722,False
8458,2278,False
8459,3197,False
8460,2003,False
8461,2463,True
8462,2092,True
8463,1979,True
8464,3264,False
8465,2394,False
8466,2361,True
8467,2475,False
8468,1749,True
8469,3960,True
8470,2501,False
8471,2520,False
8472,1965,True
8473,2716,False
8474,2272,False
8475,2786,True
8476,3122,False
8477,4131,False
8478,2465,False
8479,3282,False
8480,2433,False
8481,2311,True
8482,1660,True
8483,2921,True
8484,2541,True
8485,1952,True
8486,3892,True
8487,1965,False
8488,2880,True
8489,1965,True
8490,2274,False
8491,2150,False
8492,2499,True
8493,1959,False
8494,2423,False
8495,2523,True
8496,2851,True
8497,3088,False
8498,2159,True
8499,2013,False
8500,2169,True
8501,2355,True
8502,2334,False
8503,2875,False
8504,2132,True
8505,3022,True
8506,3116,False
8507,3504,True
8508,3726,False
8509,1603,True
8510,2150,False
8511,2284,True
8512,2920,True
8513,2865,False
8514,3332,False
8515,2719,True
8516,2203,False
8517,1954,True
8518,1993,False
8519,2296,False
8520,2015,True
8521,1883,True
8522,2025,True
8523,2630,True
8524,1904,True
8525,2163,False
8526,2541,False
8527,3405,False
8528,2155,True
8529,2135,False
8530,2789,False
8531,2331,True
8532,1847,False
8533,3951,False
8534,2440,True
8535,1341,False
8536,2631,False
8537,1741,False
8538,2191,False
8539,3291,False
8540,2475,False
8541,4749,True
8542,2738,True
8543,2902,False
8544,3124,False
8545,2491,True
8546,2871,True
8547,2913,False
8548,2741,False
8549,1187,False
8550,2053,True
8551,2611,False
8552,2061,True
8553,2222,True
8554,3842,False
8555,2287,True
8556,3590,True
8557,1624,False
8558,1838,True
8559,2229,True
8560,2647,True
8561,3205,False
8562,3826,False
8563,2154,True
8564,1855,False
8565,2197,False
8566,2433,False
8567,3205,True
8568,3017,False
8569,2199,True
8570,2719,False
8571,2892,False
8572,3508,False
8573,3394,False
8574,1986,False
8575,1841,False
8576,1482,True
8577,2216,False
8578,3414,True
8579,1720,True
8580,3227,False
8581,2915,True
8582,2514,False
8583,1574,False
8584,1968,False
8585,2124,True
8586,2572,False
8587,3285,False
8588,2981,True
8589,2557,False
8590,1719,True
8591,1768,True
8592,2762,False
8593,2272,False
8594,3044,True
8595,3189,True
8596,2726,True
8597,1947,False
8598,1749,True
8599,2337,False
8600,3441,True
8601,2103,False
8602,1837,False
8603,2395,True
8604,3157,True
8605,2066,True
8606,2280,False
8607,1907,True
8608,2135,True
8609,2384,False
8610,1192,False
8611,2584,True
8612,2804,True
8613,2149,True
8614,2365,False
8615,2908,True
8616,2690,False
8617,2358,False
8618,2164,False
8619,2552,False
8620,2157,True
8621,3326,False
8622,3104,False
8623,2031,False
8624,3336,False
8625,2568,False
8626,3042,False
8627,1886,False
8628,2492,True
8629,1824,False
8630,2713,True
8631,3300,False
8632,2054,True
8633,3470,True
8634,2511,True
8635,2752,False
8636,2509,False
8637,3439,False
8638,3171,False
8639,3057,True
8640,3675,True
8641,4050,False
8642,3522,True
8643,1557,False
8644,3385,False
8645,2994,True
8646,2268,True
8647,2021,True
8648,3717,True
8649,2632,True
8650,1583,True
8651,1694,True
8652,2641,True
8653,1812,False
8654,2505,True
8655,2243,False
8656,2215,True
8657,1511,False
8658,2618,False
8659,3161,True
8660,2353,False
8661,3002,True
8662,3092,False
8663,2663,True
8664,2009,False
8665,2492,True
8666,2373,True
8667,1997,False
8668,2032,True
8669,2280,False
8670,2808,False
8671,2317,True
8672,1962,True
8673,1556,True
8674,2619,True
8675,3166,False
8676,2726,False
8677,2404,True
8678,2147,True
8679,1924,False
8680,1791,False
8681,1597,True
8682,1951,True
8683,2123,False
8684,2690,True
8685,3147,False
8686,1971,False
8687,1422,False
8688,2873,False
8689,2283,False
8690,1710,True
8691,1789,True
8692,2293,True
8693,2622,False
8694,2170,False
8695,3418,True
8696,3448,True
8697,1302,True
8698,2178,True
8699,2258,True
8700,2391,True
8701,2909,True
8702,2434,True
8703,1367,False
8704,2246,False
8705,1737,True
8706,1560,True
8707,1789,False
8708,1999,True
8709,2285,True
8710,2065,False
8711,2387,True
8712,3025,False
8713,2622,True
8714,1930,False
8715,2893,False
8716,2334,False
8717,1010,False
8718,2988,False
8719,2763,True
8720,2734,True
8721,1954,True
8722,2044,True
8723,2430,False
8724,2483,True
8725,2731,False
8726,2279,True
8727,2375,False
8728,3091,True
8729,2398,True
8730,2591,False
8731,1077,False
8732,1434,True
8733,1944,False
8734,2459,False
8735,2953,True
8736,3140,False
8737,4317,False
8738,2762,False
8739,2103,True
8740,2200,True
8741,3703,True
8742,1696,True
8743,2872,False
8744,2908,False
8745,584,False
8746,2389,True
8747,2125,True
8748,2346,False
8749,2405,False
8750,2432,False
8751,2544,False
8752,2784,False
8753,2074,False
8754,2601,False
8755,2144,False
8756,2869,False
8757,3199,True
8758,3415,True
8759,1427,True
8760,3352,False
8761,2945,False
8762,3102,False
8763,2207,False
8764,2092,False
8765,2204,True
8766,2979,False
8767,3098,False
8768,2493,False
8769,2095,False
8770,2067,False
8771,3573,True
8772,1814,True
8773,2990,False
8774,1967,True
8775,2512,True
8776,3261,True
8777,2009,False
8778,2291,False
8779,2062,False
8780,3022,True
8781,3628,True
8782,1700,True
8783,2279,False
8784,2490,True
8785,2280,False
8786,2409,False
8787,2155,True
8788,1974,False
8789,2523,True
8790,2041,True
8791,2515,False
8792,2324,True
8793,1643,True
8794,2260,True
8795,1843,False
8796,2618,True
8797,2251,False
8798,2436,False
8799,2368,True
8800,1933,True
8801,2444,False
8802,2781,False
8803,2208,True
8804,3319,False
8805,2469,False
8806,2356,True
8807,2568,False
8808,1746,False
8809,3263,False
8810,2673,True
8811,3918,True
8812,2654,False
8813,2865,True
8814,2046,True
8815,2283,True
8816,2819,True
8817,3105,True
8818,2488,False
8819,2826,True
8820,3678,False
8821,1964,False
8822,1979,True
8823,2850,False
8824,2124,True
8825,2519,True
8826,2475,True
8827,2145,False
8828,3024,True
8829,2266,True
8830,2311,True
8831,1889,True
8832,2802,True
8833,2946,False
8834,2533,True
8835,4002,False
8836,1950,False
8837,1624,False
8838,3644,False
8839,2281,False
8840,2261,False
8841,2221,True
8842,3186,False
8843,2562,True
8844,2087,True
8845,2389,True
8846,1419,True
8847,1592,True
8848,1823,False
8849,3070,True
8850,1940,True
8851,2324,False
8852,3427,False
8853,2081,False
8854,1810,False
8855,1871,True
8856,2973,False
8857,1941,False
8858,3200,True
8859,2031,False
8860,3164,True
8861,2503,False
8862,3168,False
8863,2402,False
8864,1335,True
8865,1952,True
8866,1833,True
8867,2997,False
8868,3030,True
8869,2692,False
8870,1531,True
8871,3734,True
8872,2057,True
8873,2338,False
8874,2841,False
8875,2971,False
8876,1990,False
8877,2058,False
8878,2871,False
8879,1757,False
8880,3020,True
8881,2543,False
8882,2460,True
8883,1932,True
8884,2613,False
8885,2535,True
8886,3386,True
8887,1577,True
8888,4692,False
8889,1786,False
8890,2479,False
8891,2215,False
8892,1941,False
8893,2281,True
8894,3133,True
8895,2843,False
8896,2937,False
8897,2602,False
8898,2393,False
8899,2675,True
8900,1335,False
8901,1096,False
8902,2111,False
8903,2412,True
8904,2143,True
8905,2904,False
8906,2285,True
8907,2117,True
8908,2705,False
8909,2399,False
8910,3056,True
8911,2552,True
8912,2374,False
8913,2745,False
8914,3209,True
8915,2530,False
8916,4266,True
8917,3230,True
8918,3895,True
8919,1919,True
8920,2573,False
8921,2520,False
8922,2527,False
8923,3334,False
8924,1194,True
8925,2638,False
8926,1988,False
8927,3032,False
8928,2104,True
8929,2284,False
8930,2145,True
8931,3738,True
8932,2767,True
8933,2574,True
8934,2358,False
8935,2910,False
8936,2808,True
8937,2158,True
8938,1888,True
8939,2034,True
8940,1839,True
8941,1739,True
8942,3239,False
8943,1978,True
8944,2627,False
8945,2224,True
8946,2025,True
8947,2404,False
8948,1829,True
8949,3181,True
8950,2278,False
8951,1638,True
8952,1959,False
8953,3226,True
8954,1921,False
8955,2028,True
8956,3192,True
8957,1348,False
8958,2464,True
8959,2702,True
8960,2760,False
8961,2576,False
8962,1668,False
8963,2477,True
8964,1753,False
8965,2029,True
8966,2458,False
8967,3330,True
8968,3595,True
8969,2864,True
8970,2750,False
8971,2603,True
8972,2117,False
8973,2913,False
8974,2939,True
8975,2645,True
8976,2564,False
8977,1976,True
8978,2885,False
8979,3188,False
8980,2253,False
8981,2389,True
8982,2494,False
8983,2213,True
8984,2825,True
8985,1999,True
8986,2231,True
8987,2272,True
8988,3063,False
8989,2655,True
8990,1463,False
8991,2684,True
8992,2613,True
8993,1993,True
8994,1539,False
8995,1926,True
8996,3231,False
8997,3771,True
8998,2703,True
8999,2355,False
9000,2441,False
9001,2766,False
9002,3452,False
9003,1219,True
9004,2519,False
9005,1761,True
9006,3173,False
9007,2755,True
9008,2060,False
9009,1658,True
9010,2878,False
9011,2243,True
9012,1648,True
9013,1976,True
9014,2594,False
9015,3442,True
9016,2364,True
9017,1855,False
9018,2287,True
9019,2924,False
9020,1922,True
9021,2109,True
9022,3102,False
9023,2111,True
9024,2261,False
9025,2702,False
9026,1364,True
9027,2982,False
9028,1947,True
9029,2572,True
9030,1569,False
9031,2066,False
9032,2573,False
9033,2652,True
9034,1499,True
9035,2877,True
9036,3508,True
9037,2847,True
9038,2021,True
9039,2107,False
9040,1734,False
9041,3147,False
9042,2215,True
9043,1424,False
9044,2734,True
9045,2797,False
9046,1925,True
9047,3118,True
9048,2062,True
9049,2677,False
9050,2539,False
9051,1795,False
9052,3570,True
9053,2525,True
9054,2464,False
9055,3015,False
9056,2161,True
9057,2630,False
9058,2632,True
9059,2321,False
9060,2090,False
9061,2444,True
9062,2011,True
9063,2167,True
9064,1747,False
9065,2396,True
9066,1647,True
9067,2756,True
9068,2357,False
9069,2588,True
9070,2020,False
9071,3064,False
9072,2554,False
9073,1617,True
9074,3335,True
9075,2471,True
9076,2910,True
9077,1844,True
9078,2842,False
9079,1282,False
9080,3436,False
9081,1728,True
9082,2663,True
9083,3747,True
9084,2299,False
9085,2854,False
9086,2803,False
9087,3139,True
9088,1718,True
9089,1997,True
9090,1887,False
9091,3138,True
9092,3200,False
9093,2667,True
9094,1966,True
9095,1524,False
9096,3256,True
9097,2180,True
9098,2323,True
9099,1979,False
9100,3112,False
9101,2228,False
9102,1929,True
9103,2064,True
9104,2669,True
9105,2309,False
9106,2275,True
9107,2908,False
9108,2153,True
9109,2195,True
9110,2402,False
9111,1974,False
9112,2840,True
9113,2337,True
9114,2620,False
9115,2906,True
9116,3417,True
9117,1494,True
9118,2835,False
9119,2140,False
9120,1925,True
9121,2234,False
9122,1943,False
9123,3589,False
9124,2251,True
9125,3204,False
9126,2550,False
9127,3022,False
9128,4040,False
9129,2216,False
9130,2893,False
9131,2261,False
9132,2494,False
9133,2550,True
9134,3371,False
9135,4203,False
9136,2467,True
9137,2567,False
9138,2337,True
9139,3957,False
9140,2736,False
9141,2303,False
9142,2586,False
9143,2283,False
9144,2439,False
9145,1765,True
9146,1621,True
9147,3520,False
9148,3359,False
9149,1896,False
9150,1787,True
9151,1851,True
9152,2312,True
9153,1928,True
9154,2889,True
9155,2018,False
9156,2297,False
9157,3647,False
9158,2997,False
9159,3650,False
9160,2856,False
9161,2618,True
9162,2226,False
9163,2869,False
9164,3027,False
9165,2827,False
9166,2599,False
9167,2402,False
9168,2180,False
9169,2560,False
9170,2741,False
9171,2501,True
9172,1480,True
9173,2929,True
9174,1105,True
9175,1593,True
9176,1776,True
9177,2188,True
9178,3644,False
9179,1943,False
9180,3215,False
9181,2669,False
9182,2696,False
9183,3079,False
9184,2308,True
9185,2597,False
9186,2578,False
9187,2409,True
9188,2280,True
9189,1664,True
9190,3468,False
9191,2331,False
9192,2456,True
9193,3042,True
9194,2423,True
9195,3036,False
9196,3374,False
9197,1359,False
9198,1826,False
9199,2376,False
9200,2258,False
9201,1640,True
9202,3057,True
9203,3125,False
9204,2757,False
9205,1961,False
9206,2254,False
9207,1342,False
9208,2435,True
9209,2488,False
9210,2108,False
9211,2842,True
9212,2499,False
9213,4118,True
9214,1352,True
9215,1372,True
9216,2047,True
9217,3300,True
9218,1798,False
9219,2516,True
9220,1835,True
9221,1455,True
9222,1725,False
9223,1949,True
9224,2477,False
9225,3974,False
9226,2553,True
9227,2712,False
9228,2664,False
9229,3079,True
9230,1982,True
9231,2219,True
9232,2647,True
9233,2088,False
9234,2580,False
9235,2837,True
9236,2801,True
9237,2403,True
9238,3448,False
9239,1871,False
9240,1118,True
9241,2040,False
9242,2334,True
9243,1092,True
9244,1967,True
9245,3039,True
9246,2809,True
9247,2004,False
9248,2171,False
9249,3169,False
9250,2186,True
9251,3755,False
9252,1993,True
9253,1894,False
9254,2279,True
9255,1580,False
9256,4248,False
9257,2182,False
9258,2822,False
9259,2754,True
9260,2391,False
9261,1834,False
9262,1950,False
9263,1860,True
9264,2029,True
9265,1619,True
9266,2975,True
9267,2913,True
9268,2286,True
9269,2126,True
9270,2166,True
9271,2604,False
9272,1714,False
9273,983,False
9274,3653,True
9275,1864,True
9276,3096,False
9277,1929,True
9278,2452,False
9279,2220,False
9280,2032,False
9281,2539,True
9282,1288,False
9283,3478,False
9284,2217,True
9285,2228,True
9286,3758,False
9287,2443,False
9288,1688,True
9289,2911,True
9290,2472,True
9291,3300,True
9292,2740,True
9293,2809,False
9294,2050,True
9295,1746,False
9296,2567,False
9297,1442,False
9298,2281,True
9299,1586,False
9300,2413,False
9301,2415,True
9302,2454,False
9303,1992,True
9304,1912,True
9305,1336,False
9306,1939,True
9307,2636,False
9308,2866,False
9309,2369,True
9310,2260,True
9311,1520,True
9312,2512,False
9313,3771,True
9314,1853,False
9315,1895,True
9316,1653,True
9317,2666,False
9318,1584,False
9319,1749,True
9320,2139,True
9321,2965,True
9322,2320,True
9323,2300,True
9324,1572,True
9325,2352,False
9326,3199,False
9327,3485,True
9328,2042,True
9329,2146,False
9330,2572,True
9331,2323,False
9332,1209,True
9333,1588,True
9334,2679,True
9335,3463,False
9336,2608,False
9337,2547,False
9338,3394,False
9339,2628,True
9340,3117,True
9341,2372,False
9342,2199,True
9343,3049,False
9344,2517,False
9345,2552,False
9346,2586,True
9347,1435,True
9348,2295,False
9349,2011,True
9350,2849,True
9351,2273,False
9352,2147,True
9353,2752,False
9354,1820,True
9355,1773,True
9356,2647,True
9357,2621,True
9358,3180,True
9359,3402,False
9360,3610,True
9361,2791,True
9362,2152,True
9363,2369,False
9364,2544,False
9365,3469,False
9366,2668,True
9367,2448,True
9368,2913,False
9369,2281,False
9370,1750,False
9371,1797,True
9372,1641,False
9373,2549,True
9374,2296,False
9375,2366,True
9376,1098,True
9377,2617,False
9378,1803,True
9379,1564,True
9380,1669,True
9381,3170,True
9382,3072,False
9383,2567,True
9384,3901,True
9385,2043,False
9386,1978,True
9387,2487,False
9388,2133,True
9389,3393,False
9390,4159,False
9391,1453,False
9392,2191,True
9393,1675,False
9394,2402,False
9395,2055,False
9396,2250,False
9397,2885,True
9398,1676,True
9399,1673,True
9400,2144,True
9401,2524,False
9402,4521,True
9403,1515,False
9404,3333,False
9405,2240,False
9406,2368,False
9407,2647,False
9408,2840,True
9409,3340,True
9410,2083,True
9411,2270,True
9412,1965,False
9413,3363,True
9414,1966,False
9415,2578,True
9416,1684,True
9417,1854,True
9418,3070,False
9419,2220,True
9420,2267,True
9421,3388,True
9422,2866,True
9423,2769,True
9424,3231,True
9425,2822,False
9426,2805,False
9427,2747,False
9428,2219,False
9429,2102,True
9430,2404,True
9431,2274,True
9432,1990,True
9433,1509,True
9434,2372,False
9435,1649,False
9436,2033,False
9437,1860,False
9438,2153,False
9439,2382,True
9440,2699,True
9441,2695,False
9442,2246,False
9443,1709,False
9444,2206,True
9445,3786,True
9446,2379,True
9447,3012,True
9448,3090,False
9449,2323,True
9450,2959,False
9451,3836,False
9452,3972,True
9453,2008,False
9454,2241,True
9455,2221,True
9456,4068,False
9457,2070,True
9458,2595,True
9459,2566,True
9460,1488,False
9461,3113,True
9462,3111,False
9463,2277,False
9464,1979,True
9465,2417,False
9466,3795,True
9467,3101,False
9468,1965,True
9469,898,True
9470,2755,True
9471,2402,False
9472,3011,False
9473,2117,False
9474,2057,True
9475,1948,True
9476,2691,True
9477,2017,True
9478,2706,True
9479,2255,False
9480,2761,False
9481,1741,False
9482,2092,True
9483,1996,True
9484,2309,False
9485,2465,False
9486,2872,True
9487,2092,False
9488,1746,True
9489,2498,True
9490,3902,False
9491,3339,False
9492,3212,True
9493,1500,True
9494,3859,False
9495,2398,True
9496,1977,True
9497,2063,False
9498,3155,True
9499,3027,False
9500,2447,True
9501,2087,True
9502,1923,False
9503,1820,True
9504,3118,True
9505,2028,True
9506,3202,False
9507,2197,False
9508,2493,True
9509,2988,True
9510,2581,True
9511,2037,False
9512,1956,True
9513,2414,False
9514,2229,False
9515,2366,False
9516,1376,True
9517,1685,True
9518,2227,False
9519,2267,False
9520,2082,True
9521,1974,True
9522,1735,True
9523,1461,True
9524,2658,True
9525,2988,True
9526,2524,True
9527,2264,False
9528,3520,True
9529,1771,True
9530,1972,True
9531,1476,True
9532,2566,True
9533,1718,True
9534,3402,True
9535,2123,False
9536,1665,True
9537,2257,False
9538,3121,True
9539,1943,False
9540,2211,True
9541,2149,True
9542,2248,False
9543,3106,True
9544,1172,False
9545,2250,False
9546,2324,True
9547,2465,False
9548,2101,True
9549,1753,True
9550,1535,False
9551,3027,False
9552,1892,True
9553,2064,False
9554,1764,True
9555,2260,False
9556,3169,False
9557,2550,False
9558,1928,True
9559,2196,False
9560,3871,False
9561,2369,False
9562,2880,False
9563,3483,True
9564,2843,True
9565,2274,False
9566,2693,False
9567,2052,True
9568,3607,True
9569,795,False
9570,2462,True
9571,2059,False
9572,2202,True
9573,1642,False
9574,2082,False
9575,2856,True
9576,2036,False
9577,2071,False
9578,1937,True
9579,3594,False
9580,2399,False
9581,2004,True
9582,1938,True
9583,2669,True
9584,2817,False
9585,2855,False
9586,1786,True
9587,2631,True
9588,2745,False
9589,2986,True
9590,2373,False
9591,3041,False
9592,2410,False
9593,2542,True
9594,2570,True
9595,2499,True
9596,883,True
9597,2632,True
9598,3578,False
9599,1951,False
9600,3228,False
9601,2691,True
9602,3017,True
9603,2131,False
9604,1892,True
9605,2356,False
9606,1435,True
9607,2863,False
9608,2367,True
9609,2840,False
9610,2127,True
9611,2216,True
9612,2028,False
9613,2899,False
9614,1800,True
9615,2842,True
9616,2573,False
9617,2750,False
9618,3617,False
9619,2988,False
9620,1172,True
9621,2145,False
9622,2757,True
9623,2288,False
9624,3009,False
9625,3671,True
9626,2611,True
9627,2419,True
9628,2125,False
9629,1910,True
9630,3022,True
9631,3026,True
9632,2076,True
9633,3712,False
9634,1657,True
9635,2104,False
9636,1979,True
9637,3319,False
9638,1831,False
9639,2462,True
9640,2973,False
9641,2858,False
9642,3386,True
9643,1929,True
9644,2832,True
9645,2912,True
9646,3340,False
9647,1994,True
9648,3296,False
9649,1784,False
9650,3009,False
9651,2438,True
9652,3368,False
9653,1985,True
9654,4418,True
9655,1749,True
9656,2818,True
9657,1923,True
9658,1999,True
9659,2880,True
9660,3397,False
9661,2413,True
9662,2955,False
9663,2131,True
9664,1976,False
9665,4497,True
9666,1887,True
9667,2923,True
9668,2298,True
9669,2611,False
9670,2782,False
9671,1877,True
9672,1561,True
9673,2145,False
9674,2322,True
9675,2534,True
9676,2920,False
9677,3115,False
9678,3167,True
9679,2748,False
9680,2782,False
9681,3009,True
9682,2608,True
9683,2660,True
9684,2684,False
9685,1983,True
9686,2520,False
9687,1966,True
9688,3601,True
9689,2897,True
9690,2166,True
9691,1369,True
9692,3020,False
9693,3614,False
9694,2703,False
9695,1874,False
9696,1928,True
9697,1759,False
9698,2773,True
9699,1777,True
9700,2018,False
9701,1935,False
9702,1290,False
9703,2465,True
9704,2783,True
9705,1904,True
9706,1874,True
9707,2811,True
9708,1218,True
9709,1733,False
9710,3338,True
9711,1766,False
9712,2318,True
9713,3319,True
9714,3008,False
9715,2377,True
9716,2397,True
9717,3257,False
9718,1959,False
9719,2546,True
9720,2830,True
9721,2531,True
9722,2383,True
9723,1655,True
9724,1673,True
9725,2457,False
9726,2280,True
9727,1659,True
9728,1734,True
9729,2352,True
9730,1637,True
9731,2668,True
9732,2760,True
9733,1879,True
9734,2332,False
9735,1374,False
9736,2625,False
9737,2954,True
9738,3407,True
9739,2037,False
9740,2726,False
9741,1741,False
9742,2129,True
9743,2530,False
9744,1952,True
9745,1675,True
9746,1559,True
9747,1401,True
9748,1758,False
9749,2074,False
9750,1402,True
9751,1331,True
9752,1981,False
9753,2866,False
9754,1818,True
9755,2467,True
9756,2425,True
9757,3601,False
9758,2330,False
9759,2998,True
9760,1935,True
9761,3383,False
9762,2676,False
9763,2627,False
9764,3518,True
9765,3319,True
9766,2582,True
9767,2902,False
9768,2741,True
9769,2367,True
9770,3296,True
9771,1288,True
9772,2235,False
9773,2278,True
9774,1633,False
9775,1441,True
9776,2207,False
9777,2341,False
9778,2272,True
9779,2569,True
9780,2442,True
9781,1758,False
9782,1809,False
9783,3148,False
9784,3070,False
9785,1978,True
9786,2933,True
9787,2873,False
9788,3037,False
9789,1871,True
9790,3148,False
9791,3100,False
9792,2393,True
9793,2174,True
9794,2412,True
9795,2183,True
9796,2363,True
9797,3025,False
9798,2546,True
9799,2957,False
9800,2458,True
9801,1786,True
9802,3834,False
9803,3037,False
9804,2151,True
9805,2077,True
9806,2905,True
9807,2875,True
9808,3179,False
9809,2332,False
9810,2148,False
9811,2076,True
9812,2707,False
9813,2634,True
9814,2853,False
9815,3245,False
9816,2295,False
9817,1680,True
9818,2158,True
9819,2826,True
9820,2124,True
9821,2575,False
9822,2702,False
9823,2716,False
9824,2336,False
9825,2741,False
9826,1697,False
9827,2248,True
9828,3031,False
9829,2060,True
9830,1287,True
9831,2673,True
9832,3010,False
9833,2688,False
9834,1846,False
9835,3182,True
9836,2161,False
9837,2317,True
9838,2554,True
9839,2251,True
9840,1193,True
9841,2077,True
9842,2209,True
9843,2881,False
9844,2933,False
9845,2040,True
9846,2736,True
9847,1881,False
9848,2235,False
9849,2565,False
9850,3213,True
9851,2355,True
9852,2427,False
9853,1742,True
9854,2647,False
9855,2266,False
9856,2090,True
9857,3104,False
9858,1436,False
9859,2493,True
9860,2108,True
9861,2452,True
9862,3450,True
9863,2034,True
9864,2575,True
9865,3266,False
9866,2888,True
9867,1834,False
9868,2120,False
9869,2455,False
9870,1778,True
9871,1801,False
9872,2311,True
9873,2769,True
9874,2042,False
9875,1814,True
9876,1971,False
9877,2443,True
9878,2363,True
9879,1767,True
9880,4123,False
9881,2023,True
9882,3108,False
9883,2923,False
9884,2636,False
9885,3700,False
9886,2940,False
9887,1868,True
9888,1638,True
9889,3206,True
9890,2510,False
9891,2243,False
9892,1731,False
9893,3217,False
9894,2995,False
9895,2105,False
9896,2448,True
9897,2235,False
9898,2178,False
9899,2599,False
9900,2946,True
9901,1311,True
9902,2555,True
9903,2092,True
9904,2862,False
9905,2484,True
9906,2212,False
9907,3109,True
9908,2073,False
9909,1685,True
9910,3018,False
9911,1243,False
9912,1720,True
9913,2998,True
9914,2270,True
9915,2112,False
9916,2786,True
9917,2330,False
9918,2131,False
9919,2338,True
9920,2026,True
9921,3311,False
9922,1954,True
9923,2690,True
9924,3357,False
9925,3056,False
9926,2963,True
9927,2405,False
9928,1528,False
9929,2393,True
9930,2561,False
9931,3080,True
9932,1892,False
9933,2411,True
9934,2173,True
9935,2962,False
9936,3376,True
9937,3325,True
9938,2828,False
9939,3211,False
9940,1986,True
9941,2178,False
9942,2756,True
9943,2939,True
9944,2176,True
9945,2669,False
9946,16037,False
9947,2929,False
9948,1980,False
9949,2253,False
9950,3232,True
9951,2916,True
9952,1843,True
9953,2010,False
9954,2067,True
9955,2519,True
9956,3088,False
9957,2045,False
9958,2391,False
9959,2722,False
9960,2437,True
9961,2911,True
9962,1497,True
9963,2476,True
9964,2004,True
9965,3318,False
9966,2593,False
9967,2780,False
9968,2270,False
9969,3349,False
9970,2470,True
9971,2181,False
9972,2454,True
9973,2557,True
9974,2108,False
9975,3660,False
9976,3058,True
9977,1609,True
9978,2464,True
9979,1793,False
9980,2098,False
9981,2428,False
9982,1726,True
9983,2965,True
9984,3404,False
9985,2456,False
9986,3467,True
9987,2972,False
9988,2416,False
9989,3198,False
9990,3204,True
9991,2424,True
9992,2064,True
9993,1833,True
9994,2813,True
9995,3262,False
9996,3174,True
9997,3044,True
9998,1816,False
9999,2494,True
10000,2393,True
10001,1704,False
10002,2892,True
10003,1898,False
10004,2447,True
10005,1854,True
10006,2409,True
10007,1649,True
10008,3926,False
10009,2294,True
10010,3374,False
10011,2064,False
10012,3449,True
10013,1357,True
10014,2800,True
10015,2834,True
10016,2756,True
10017,2590,True
10018,3275,True
10019,3041,False
10020,1696,True
10021,2418,True
10022,2832,True
10023,3602,False
10024,1891,True
10025,2576,False
10026,2500,True
10027,3209,False
10028,2492,True
10029,2623,True
10030,2603,False
10031,2716,True
10032,1675,False
10033,3434,False
10034,2062,True
10035,2705,True
10036,2070,True
10037,1288,True
10038,1628,True
10039,2839,True
10040,2689,True
10041,1986,True
10042,1770,False
10043,2388,False
10044,2121,False
10045,2792,True
10046,2203,False
10047,1654,False
10048,1323,True
10049,2307,True
10050,2323,False
10051,2179,True
10052,1584,True
10053,2560,True
10054,1479,False
10055,3871,True
10056,2742,False
10057,1705,True
10058,3059,False
10059,1859,False
10060,2298,False
10061,2497,False
10062,2235,False
10063,2533,False
10064,3081,True
10065,2114,True
10066,3240,False
10067,1864,True
10068,2666,False
10069,2417,False
10070,2337,True
10071,2426,False
10072,2342,True
10073,2230,True
10074,2291,True
10075,3006,True
10076,2220,False
10077,2209,False
10078,3591,False
10079,3185,True
10080,2709,True
10081,1969,True
10082,3945,True
10083,1833,True
10084,1786,False
10085,3388,False
10086,2285,False
10087,2389,True
10088,1881,False
10089,1783,False
10090,2256,True
10091,2806,True
10092,1836,True
10093,2769,True
10094,3839,False
10095,2085,True
10096,2164,True
10097,2166,False
10098,1517,True
10099,2327,False
10100,2535,True
10101,3296,True
10102,2686,False
10103,1841,True
10104,1715,True
10105,3541,True
10106,2672,True
10107,2017,False
10108,2865,True
10109,1655,False
10110,2024,False
10111,2665,False
10112,2067,False
10113,2518,False
10114,1871,True
10115,2639,True
10116,2571,False
10117,2904,False
10118,1922,True
10119,2044,True
10120,1996,True
10121,3219,False
10122,2099,False
10123,3242,False
10124,1780,True
10125,3057,True
10126,3435,False
10127,2383,True
10128,3117,False
10129,2526,False
10130,2400,True
10131,2038,True
10132,3469,True
10133,2460,False
10134,2111,True
10135,2272,True
10136,2535,False
10137,1878,False
10138,3430,False
10139,2953,True
10140,2191,True
10141,2188,True
10142,2154,True
10143,3090,False
10144,1684,False
10145,2065,False
10146,2797,True
10147,2355,True
10148,2856,False
10149,2357,False
10150,3371,False
10151,2365,False
10152,2202,False
10153,2670,False
10154,708,True
10155,2494,True
10156,3777,False
10157,3044,False
10158,2315,True
10159,5930,True
10160,2836,False
10161,2890,True
10162,2212,False
10163,1991,False
10164,2545,True
10165,2111,True
10166,1701,True
10167,3220,False
10168,3439,True
10169,2609,False
10170,2360,False
10171,2604,False
10172,2670,True
10173,2495,False
10174,2337,True
10175,2510,True
10176,2042,False
10177,2675,False
10178,2276,True
10179,2408,False
10180,1550,False
10181,1766,True
10182,1872,True
10183,2274,True
10184,1903,True
10185,1756,False
10186,2383,True
10187,1640,False
10188,2097,True
10189,2101,False
10190,2631,True
10191,2972,False
10192,2264,False
10193,2257,True
10194,2702,True
10195,4010,True
10196,1840,False
10197,2034,True
10198,2641,False
10199,1585,True
10200,1535,False
10201,1934,True
10202,1963,True
10203,2099,False
10204,2884,False
10205,2508,True
10206,2565,False
10207,2773,False
10208,3088,True
10209,2531,True
10210,2668,True
10211,2908,False
10212,2020,False
10213,2314,True
10214,1517,False
10215,2169,False
10216,2317,False
10217,1652,True
10218,2437,True
10219,1687,True
10220,1890,True
10221,1180,True
10222,1937,False
10223,1801,True
10224,2343,True
10225,1741,False
10226,2609,False
10227,2340,False
10228,2457,False
10229,2468,False
10230,1514,True
10231,2910,True
10232,2700,False
10233,3287,True
10234,2368,False
10235,1709,False
10236,2804,False
10237,2838,True
10238,2707,False
10239,2419,False
10240,3027,True
10241,1082,False
10242,2484,True
10243,2386,False
10244,1522,True
10245,1829,True
10246,2421,False
10247,1464,False
10248,3738,False
10249,2997,False
10250,2624,False
10251,3629,False
10252,1913,True
10253,3417,True
10254,2131,True
10255,3091,True
10256,3051,True
10257,2196,True
10258,1198,False
10259,1909,False
10260,2307,True
10261,1650,True
10262,2535,True
10263,2458,True
10264,1579,False
10265,1867,True
10266,1757,False
10267,2390,True
10268,1947,True
10269,2505,False
10270,2905,False
10271,2195,False
10272,2216,False
10273,2777,False
10274,2361,False
10275,2441,False
10276,2209,False
10277,2281,True
10278,3049,False
10279,3456,False
10280,2785,False
10281,2146,False
10282,2610,False
10283,2350,True
10284,2288,True
10285,2052,True
10286,2210,True
10287,3054,True
10288,1820,False
10289,2366,True
10290,1781,False
10291,2633,False
10292,2635,False
10293,2373,True
10294,2916,True
10295,1450,True
10296,2765,False
10297,1513,False
10298,3965,False
10299,2268,False
10300,2550,False
10301,1965,False
10302,2825,True
10303,2447,False
10304,1904,True
10305,3295,True
10306,2425,False
10307,2397,True
10308,2626,False
10309,2594,False
10310,1944,True
10311,2379,False
10312,2761,True
10313,1787,False
10314,2134,False
10315,2796,True
10316,3243,True
10317,2028,True
10318,2894,True
10319,1570,True
10320,2597,True
10321,1457,False
10322,2377,False
10323,1161,False
10324,2732,True
10325,2271,True
10326,1829,False
10327,3263,False
10328,2658,True
10329,3062,True
10330,1795,True
10331,1745,True
10332,2036,True
10333,2969,True
10334,1866,True
10335,2221,True
10336,2087,True
10337,4394,False
10338,2322,True
10339,3720,False
10340,2514,True
10341,3211,True
10342,2586,True
10343,3210,True
10344,3050,False
10345,1380,True
10346,3136,True
10347,2271,True
10348,2194,True
10349,2681,True
10350,2324,False
10351,2374,False
10352,3147,True
10353,3382,False
10354,3660,True
10355,2452,False
10356,2173,True
10357,1953,True
10358,2106,True
10359,2359,True
10360,2626,True
10361,4142,True
10362,2226,True
10363,2078,True
10364,2110,False
10365,2283,True
10366,2029,False
10367,3002,True
10368,1680,True
10369,2717,False
10370,2033,True
10371,2810,False
10372,3325,True
10373,2981,False
10374,2284,True
10375,1759,True
10376,2081,True
10377,1935,False
10378,2125,True
10379,3227,True
10380,3174,False
10381,2551,True
10382,2621,True
10383,1720,False
10384,2548,False
10385,3316,True
10386,3843,False
10387,3012,False
10388,1969,False
10389,2073,False
10390,2021,False
10391,2545,False
10392,2263,False
10393,2417,True
10394,1914,True
10395,2232,True
10396,2063,False
10397,1454,False
10398,2141,True
10399,1942,False
10400,2650,True
10401,2438,False
10402,2169,True
10403,2239,False
10404,2194,False
10405,3443,True
10406,2660,True
10407,2706,False
10408,2371,True
10409,2338,False
10410,1812,False
10411,1785,False
10412,2884,False
10413,2351,True
10414,1594,False
10415,1774,False
10416,2973,False
10417,2527,True
10418,2262,False
10419,2032,False
10420,2218,False
10421,1539,False
10422,2391,True
10423,3065,True
10424,2988,False
10425,1548,False
10426,2751,True
10427,3690,True
10428,1679,True
10429,3172,False
10430,2685,True
10431,2996,False
10432,2367,False
10433,2525,False
10434,3890,True
10435,2027,True
10436,2633,False
10437,2882,False
10438,1618,True
10439,1606,False
10440,1539,True
10441,1854,True
10442,3820,True
10443,2644,False
10444,1881,True
10445,2165,True
10446,1838,True
10447,1630,True
10448,2263,True
10449,1848,True
10450,2374,True
10451,3540,True
10452,1661,True
10453,2048,True
10454,3496,True
10455,1817,True
10456,537,True
10457,2108,False
10458,3015,True
10459,2218,False
10460,2264,False
10461,1533,True
10462,4031,False
10463,2489,False
10464,2083,False
10465,1499,True
10466,2422,False
10467,2161,True
10468,2851,True
10469,1996,False
10470,2543,False
10471,1928,True
10472,1346,False
10473,2607,False
10474,3412,False
10475,1576,True
10476,2406,False
10477,2247,True
10478,2228,True
10479,1565,True
10480,3333,False
10481,1834,True
10482,2585,True
10483,2972,False
10484,3220,True
10485,2134,True
10486,2396,False
10487,1950,False
10488,2052,True
10489,1475,True
10490,2608,False
10491,1461,False
10492,2484,False
10493,2833,True
10494,2278,False
10495,3802,True
10496,2030,True
10497,2586,True
10498,1683,False
10499,1978,True
10500,3000,False
10501,2960,True
10502,1147,True
10503,1429,True
10504,1241,True
10505,1521,True
10506,1353,True
10507,3021,False
10508,1749,True
10509,1906,False
10510,3180,False
10511,2738,True
10512,1554,True
10513,2881,True
10514,2537,False
10515,2050,True
10516,2410,True
10517,1637,True
10518,3148,False
10519,3165,False
10520,2503,True
10521,2129,True
10522,3046,True
10523,1434,True
10524,2141,False
10525,2186,True
10526,2239,False
10527,3276,False
10528,4003,False
10529,1198,False
10530,2599,True
10531,2372,True
10532,2926,True
10533,2938,True
10534,2158,False
10535,2192,True
10536,2871,True
10537,2543,False
10538,1923,True
10539,3063,True
10540,2267,True
10541,2252,False
10542,3241,True
10543,3081,True
10544,1404,False
10545,2356,True
10546,2402,False
10547,2548,True
10548,2584,True
10549,1818,True
10550,2676,True
10551,2663,False
10552,1360,True
10553,3178,False
10554,2772,False
10555,3405,True
10556,2412,True
10557,2603,False
10558,2391,False
10559,1742,True
10560,2173,True
10561,1757,True
10562,2177,False
10563,2175,False
10564,2987,False
10565,2044,True
10566,2337,False
10567,1729,True
10568,2229,False
10569,2178,True
10570,1925,True
10571,1737,False
10572,1448,True
10573,2972,True
10574,1747,True
10575,1612,True
10576,1687,True
10577,2137,True
10578,4167,True
10579,3166,False
10580,2543,True
10581,3057,False
10582,2368,False
10583,1756,False
10584,3181,False
10585,3043,True
10586,2091,False
10587,1478,True
10588,2404,True
10589,2989,False
10590,2204,True
10591,2713,True
10592,2344,False
10593,2545,False
10594,2741,True
10595,2568,False
10596,2329,False
10597,3022,True
10598,1391,True
10599,2042,True
10600,3749,False
10601,3098,True
10602,2880,True
10603,3357,True
10604,1691,True
10605,2290,False
10606,2318,True
10607,2035,True
10608,2869,True
10609,2590,True
10610,1890,False
10611,2648,True
10612,4200,False
10613,1968,False
10614,2075,True
10615,2156,True
10616,3015,False
10617,2660,False
10618,2053,True
10619,1667,True
10620,1296,True
10621,2653,False
10622,2637,False
10623,2457,True
10624,2274,False
10625,2967,False
10626,3583,True
10627,2698,True
10628,2397,True
10629,1970,False
10630,1549,True
10631,1602,False
10632,2718,True
10633,2583,True
10634,1831,False
10635,2415,False
10636,2374,False
10637,2503,False
10638,2918,True
10639,1748,False
10640,2059,False
10641,1555,False
10642,2263,True
10643,2488,False
10644,3322,True
10645,1766,False
10646,3243,True
10647,3009,False
10648,2781,True
10649,3418,True
10650,2170,False
10651,1722,True
10652,2983,True
10653,1731,False
10654,2955,False
10655,2222,False
10656,2628,True
10657,2429,False
10658,3109,False
10659,2562,True
10660,2403,False
10661,2971,False
10662,2921,True
10663,1993,False
10664,2873,False
10665,2331,True
10666,1802,False
10667,3861,True
10668,2402,False
10669,2497,True
10670,1882,True
10671,2027,False
10672,2527,False
10673,3059,True
10674,3036,False
10675,2108,True
10676,1995,False
10677,2455,False
10678,2248,True
10679,2506,True
10680,2963,False
10681,2211,False
10682,2152,False
10683,2936,False
10684,3493,False
10685,2226,True
10686,3021,False
10687,2151,True
10688,2828,False
10689,3015,False
10690,3723,False
10691,2285,True
10692,2784,False
10693,2212,False
10694,1849,True
10695,2943,False
10696,1981,False
10697,1618,True
10698,3786,False
10699,2105,False
10700,3084,True
10701,1627,True
10702,1308,True
10703,2093,False
10704,2154,False
10705,2474,True
10706,3145,True
10707,1503,True
10708,2522,True
10709,1915,False
10710,2828,True
10711,2185,False
10712,1940,False
10713,1342,True
10714,2026,True
10715,2642,False
10716,1944,True
10717,1755,True
10718,2662,False
10719,3379,False
10720,2910,False
10721,2610,True
10722,3218,False
10723,4557,True
10724,2680,True
10725,3214,True
10726,2514,False
10727,2320,True
10728,3769,False
10729,1559,True
10730,3548,False
10731,2653,True
10732,3190,True
10733,1879,False
10734,2206,True
10735,2200,False
10736,1333,False
10737,2568,False
10738,2783,False
10739,2315,True
10740,3252,True
10741,2589,True
10742,2324,True
10743,2169,True
10744,1697,False
10745,2365,True
10746,1761,True
10747,1846,True
10748,2300,False
10749,3451,True
10750,2341,True
10751,1615,False
10752,2324,True
10753,2636,True
10754,2591,False
10755,2597,True
10756,2874,False
10757,2125,True
10758,1645,True
10759,2179,False
10760,2204,False
10761,2598,True
10762,2168,False
10763,2383,False
10764,1979,True
10765,2668,False
10766,2479,True
10767,2363,False
10768,1787,False
10769,2411,True
10770,1907,False
10771,2183,True
10772,2716,True
10773,1601,True
10774,4054,False
10775,1909,True
10776,2761,True
10777,1941,False
10778,1547,False
10779,1937,True
10780,1951,False
10781,1701,True
10782,3625,True
10783,2211,False
10784,3073,False
10785,2548,False
10786,2988,True
10787,2618,False
10788,1692,True
10789,2812,True
10790,2875,False
10791,2128,False
10792,2180,True
10793,2691,True
10794,2740,False
10795,1795,False
10796,1750,True
10797,3257,True
10798,1906,False
10799,1756,True
10800,1933,False
10801,1899,True
10802,2405,True
10803,1698,True
10804,2535,True
10805,3031,False
10806,3090,True
10807,2825,True
10808,1741,True
10809,2276,False
10810,1640,False
10811,2070,True
10812,3147,False
10813,2083,True
10814,2562,True
10815,3866,False
10816,1840,False
10817,2272,False
10818,2028,True
10819,4269,False
10820,1973,False
10821,1822,True
10822,2957,True
10823,1720,True
10824,2718,True
10825,2724,True
10826,1942,True
10827,2300,True
10828,3181,False
10829,3369,False
10830,2608,True
10831,4481,True
10832,2103,True
10833,1984,False
10834,3533,False
10835,2190,True
10836,2396,True
10837,1423,False
10838,1601,False
10839,2602,True
10840,2317,True
10841,2736,False
10842,3903,True
10843,3742,False
10844,1919,True
10845,2961,False
10846,2176,True
10847,2277,False
10848,1945,False
10849,2203,True
10850,2911,True
10851,1975,True
10852,1697,True
10853,2091,True
10854,3135,True
10855,2862,False
10856,2126,False
10857,2282,True
10858,2451,True
10859,2067,False
10860,2125,False
10861,3238,False
10862,1739,False
10863,2174,False
10864,1841,True
10865,2217,False
10866,2708,True
10867,2919,True
10868,3169,True
10869,1616,False
10870,3177,False
10871,1881,True
10872,3148,False
10873,3737,True
10874,2647,True
10875,2091,True
10876,2517,True
10877,2798,True
10878,446,False
10879,3382,False
10880,2596,True
10881,1736,True
10882,1145,True
10883,1464,True
10884,1357,True
10885,1986,False
10886,2708,False
10887,2948,False
10888,3285,True
10889,1729,True
10890,2250,True
10891,2510,False
10892,3290,True
10893,3418,False
10894,2334,False
10895,1867,True
10896,1845,False
10897,2771,True
10898,2993,False
10899,2368,False
10900,2366,False
10901,2583,False
10902,2723,False
10903,3374,False
10904,4259,True
10905,1689,True
10906,2504,True
10907,2272,False
10908,4327,False
10909,2079,True
10910,2828,False
10911,2162,True
10912,3115,True
10913,3120,False
10914,2885,True
10915,2037,True
10916,1906,False
10917,2100,True
10918,1968,True
10919,3389,True
10920,2835,False
10921,2839,True
10922,1604,True
10923,2365,False
10924,2758,True
10925,2047,True
10926,2271,True
10927,2250,True
10928,3353,False
10929,3569,False
10930,2216,False
10931,2218,False
10932,2543,True
10933,2788,False
10934,2002,False
10935,3437,False
10936,1915,False
10937,3648,True
10938,3067,True
10939,2671,False
10940,2364,False
10941,2477,False
10942,2205,True
10943,2046,False
10944,2572,False
10945,1738,True
10946,1793,False
10947,2902,False
10948,2731,True
10949,1401,True
10950,3169,True
10951,2173,False
10952,2653,False
10953,2117,True
10954,1937,False
10955,2292,False
10956,2362,True
10957,2694,True
10958,1831,False
10959,2340,False
10960,2365,False
10961,3820,True
10962,3443,False
10963,3807,True
10964,2161,True
10965,1769,True
10966,2023,True
10967,3229,True
10968,2262,True
10969,1722,False
10970,1956,True
10971,2218,True
10972,3332,False
10973,2487,False
10974,2030,True
10975,2498,False
10976,2487,False
10977,2080,True
10978,2302,False
10979,2431,False
10980,2578,False
10981,1918,False
10982,1929,True
10983,1525,True
10984,2448,False
10985,2360,True
10986,1681,True
10987,2627,True
10988,2710,True
10989,3343,True
10990,1791,False
10991,1968,False
10992,3045,True
10993,1528,False
10994,3024,True
10995,1915,True
10996,3230,False
10997,3307,False
10998,2071,False
10999,2171,False
11000,2166,True
11001,2652,False
11002,3596,False
11003,2748,True
11004,2394,False
11005,2570,True
11006,2650,True
11007,2036,False
11008,2804,False
11009,1947,False
11010,2959,False
11011,2845,False
11012,1927,False
11013,2389,False
11014,2764,True
11015,2436,True
11016,3651,False
11017,3087,True
11018,2788,False
11019,2179,True
11020,2042,True
11021,1836,True
11022,2679,True
11023,2056,False
11024,2489,False
11025,2876,True
11026,3391,True
11027,1982,False
11028,2037,True
11029,2409,True
11030,2187,True
11031,2340,False
11032,2527,True
11033,2078,True
11034,3092,False
11035,2768,True
11036,1557,True
11037,1779,False
11038,1916,True
11039,3837,True
11040,2461,False
11041,1967,True
11042,2455,False
11043,2254,True
11044,2245,False
11045,3142,True
11046,2151,False
11047,2926,True
11048,2117,False
11049,3087,True
11050,2956,False
11051,2309,False
11052,2759,True
11053,3581,True
11054,2154,False
11055,1929,True
11056,3316,True
11057,3440,False
11058,2340,False
11059,4379,True
11060,3661,False
11061,2070,False
11062,2418,True
11063,2193,True
11064,3005,True
11065,1952,True
11066,2377,True
11067,2032,True
11068,1957,True
11069,2289,False
11070,1638,True
11071,1618,True
11072,2264,True
11073,1513,False
11074,2264,False
11075,3101,False
11076,1795,True
11077,1862,True
11078,1848,False
11079,1776,True
11080,2110,False
11081,1582,True
11082,2002,True
11083,1937,True
11084,1879,False
11085,3411,True
11086,1928,True
11087,2257,True
11088,3926,True
11089,1521,False
11090,2224,True
11091,3659,True
11092,2524,False
11093,1911,False
11094,2442,True
11095,2866,False
11096,2780,True
11097,3306,True
11098,1739,True
11099,2633,True
11100,2794,False
11101,2073,True
11102,1887,False
11103,1720,True
11104,1400,False
11105,2076,True
11106,2103,True
11107,2016,True
11108,2770,True
11109,2519,True
11110,3824,False
11111,2519,False
11112,1875,False
11113,2297,True
11114,2590,True
11115,2335,False
11116,1412,True
11117,2756,False
11118,2455,False
11119,1678,False
11120,2338,False
11121,3203,True
11122,2290,True
11123,3797,True
11124,2843,True
11125,2222,True
11126,1988,True
11127,3609,False
11128,1586,False
11129,2648,True
11130,3051,True
11131,2478,False
11132,2330,True
11133,2262,True
11134,2380,True
11135,1993,True
11136,2477,True
11137,2095,True
11138,3967,True
11139,2369,True
11140,2676,False
11141,2650,True
11142,2155,True
11143,1742,True
11144,3978,True
11145,2420,True
11146,2555,False
11147,1704,False
11148,1896,True
11149,1587,True
11150,2064,True
11151,2183,True
11152,2460,False
11153,2566,False
11154,2581,True
11155,2891,False
11156,1200,True
11157,3001,False
11158,1895,False
11159,1979,True
11160,2604,True
11161,1271,True
11162,1731,True
11163,2878,True
11164,3146,True
11165,3739,False
11166,2965,False
11167,1779,False
11168,2188,False
11169,2147,True
11170,3288,True
11171,2880,True
11172,3258,False
11173,2484,False
11174,1663,True
11175,3501,False
11176,1750,True
11177,2288,True
11178,2456,True
11179,2575,True
11180,2282,False
11181,2862,True
11182,2665,True
11183,2585,True
11184,2108,False
11185,1314,True
11186,3903,False
11187,2794,False
11188,2721,True
11189,1568,False
11190,1946,False
11191,1782,True
11192,3132,True
11193,2020,False
11194,2218,True
11195,2935,True
11196,2486,True
11197,2438,True
11198,2932,True
11199,2839,False
11200,3068,False
11201,3031,True
11202,1700,True
11203,1699,True
11204,2183,True
11205,2892,False
11206,2201,True
11207,3009,False
11208,2330,False
11209,4151,False
11210,2661,True
11211,2367,False
11212,2167,False
11213,2890,True
11214,1974,False
11215,2866,True
11216,2370,False
11217,2088,True
11218,786,False
11219,2330,False
11220,2788,True
11221,1919,True
11222,2647,False
11223,3431,True
11224,2840,False
11225,2827,True
11226,1614,True
11227,2886,True
11228,2572,True
11229,1744,True
11230,1934,True
11231,2992,False
11232,1736,False
11233,1287,False
11234,2515,True
11235,2656,True
11236,2253,True
11237,2023,True
11238,1832,True
11239,1530,True
11240,2742,True
11241,2116,True
11242,2932,True
11243,2029,False
11244,2797,False
11245,2025,True
11246,2642,True
11247,2519,False
11248,3207,False
11249,2093,True
11250,2579,False
11251,3637,False
11252,1772,True
11253,2477,False
11254,2634,False
11255,2248,True
11256,2651,True
11257,2064,True
11258,2014,True
11259,4319,True
11260,3588,True
11261,2041,True
11262,2585,False
11263,3814,True
11264,1928,True
11265,1170,False
11266,2023,False
11267,2337,True
11268,1865,True
11269,2417,True
11270,2249,False
11271,3529,True
11272,2186,False
11273,1407,True
11274,2225,True
11275,2329,False
11276,2659,False
11277,2592,True
11278,2308,False
11279,1888,False
11280,2222,True
11281,3734,True
11282,3281,False
11283,2085,False
11284,1707,False
11285,1770,False
11286,1653,False
11287,2708,True
11288,2988,False
11289,2873,True
11290,2967,False
11291,2602,True
11292,2442,True
11293,2958,False
11294,2033,False
11295,3845,False
11296,3297,True
11297,1665,True
11298,1701,True
11299,2386,False
11300,2631,False
11301,2998,True
11302,2370,False
11303,2013,True
11304,2028,False
11305,2197,True
11306,2439,True
11307,3031,True
11308,2119,False
11309,1937,False
11310,2353,False
11311,3090,False
11312,2029,True
11313,1735,False
11314,3076,False
11315,3062,True
11316,3408,True
11317,3360,False
11318,1557,False
11319,2386,True
11320,2156,True
11321,1826,False
11322,2187,False
11323,3487,True
11324,2054,True
11325,2386,False
11326,3535,True
11327,1940,True
11328,1206,True
11329,2025,False
11330,1975,True
11331,2604,True
11332,2847,True
11333,2307,False
11334,1754,False
11335,2148,True
11336,1760,True
11337,1427,True
11338,2141,True
11339,3841,False
11340,2181,True
11341,2132,False
11342,2644,True
11343,2088,False
11344,3662,False
11345,864,False
11346,2121,False
11347,2910,True
11348,2724,True
11349,2603,False
11350,2809,False
11351,2472,True
11352,2467,True
11353,2742,False
11354,2619,True
11355,2927,True
11356,2321,False
11357,2030,False
11358,3049,True
11359,3703,False
11360,1962,True
11361,2178,True
11362,1789,True
11363,3723,True
11364,1859,True
11365,1591,True
11366,2134,False
11367,2632,False
11368,2235,False
11369,2975,False
11370,1494,False
11371,1595,False
11372,3062,False
11373,772,True
11374,2309,False
11375,2403,False
11376,1793,False
11377,2886,False
11378,2359,False
11379,2482,False
11380,2694,True
11381,2555,True
11382,1992,True
11383,2967,False
11384,1348,False
11385,2082,True
11386,2727,True
11387,1851,True
11388,1740,False
11389,2753,False
11390,2849,True
11391,1814,True
11392,1280,True
11393,1829,True
11394,1797,False
11395,2724,True
11396,3474,True
11397,2026,True
11398,1756,True
11399,1704,False
11400,2029,True
11401,2173,False
11402,1982,True
11403,1916,False
11404,2907,True
11405,4276,False
11406,1667,True
11407,3865,False
11408,1892,True
11409,3986,True
11410,2578,True
11411,2485,True
11412,2723,False
11413,1849,False
11414,2533,True
11415,2243,False
11416,3615,True
11417,2531,True
11418,3339,False
11419,2771,True
11420,2111,False
11421,2355,True
11422,2199,False
11423,2200,True
11424,2968,False
11425,2107,False
11426,1731,True
11427,1993,True
11428,3081,True
11429,2228,False
11430,3028,False
11431,3205,False
11432,3156,True
11433,2250,True
11434,1902,False
11435,2501,False
11436,2669,False
11437,2659,False
11438,3799,False
11439,2746,False
11440,1951,True
11441,2025,False
11442,2209,False
11443,2095,False
11444,1980,True
11445,2604,False
11446,2555,True
11447,2389,True
11448,2103,True
11449,3273,False
11450,2216,False
11451,1858,False
11452,3514,True
11453,2189,True
11454,1886,False
11455,1992,False
11456,2222,False
11457,2591,False
11458,2130,True
11459,3324,False
11460,2905,False
11461,2097,False
11462,2904,True
11463,1905,False
11464,1600,True
11465,3013,True
11466,3218,False
11467,3232,True
11468,3604,True
11469,1754,False
11470,3351,True
11471,1394,True
11472,1659,True
11473,2136,False
11474,2336,False
11475,3404,True
11476,2960,False
11477,2578,True
11478,2013,False
11479,2610,False
11480,2020,True
11481,3614,True
11482,3236,True
11483,3082,False
11484,3029,True
11485,3439,False
11486,2312,False
11487,2443,True
11488,2175,False
11489,2579,False
11490,2573,True
11491,2340,True
11492,2391,False
11493,3272,False
11494,3098,True
11495,3464,False
11496,3198,True
11497,3437,True
11498,1531,False
11499,2553,True
11500,2602,False
11501,3048,False
11502,3235,True
11503,2036,True
11504,3556,False
11505,3172,True
11506,3223,True
11507,1732,False
11508,1896,True
11509,3418,False
11510,3949,True
11511,3446,True
11512,3487,True
11513,2549,False
11514,2435,False
11515,3623,True
11516,2370,False
11517,1770,False
11518,1842,True
11519,3157,True
11520,1993,True
11521,3944,True
11522,2133,True
11523,2606,False
11524,2527,True
11525,3076,False
11526,2122,True
11527,2181,True
11528,1639,False
11529,1858,True
11530,2521,False
11531,1747,True
11532,3041,False
11533,1735,True
11534,2296,False
11535,2783,True
11536,1906,False
11537,3215,False
11538,2650,False
11539,2318,True
11540,1790,False
11541,1836,True
11542,2347,True
11543,2879,True
11544,3325,True
11545,2603,True
11546,2544,False
11547,2185,True
11548,3228,False
11549,3747,True
11550,1272,True
11551,1948,False
11552,1611,False
11553,1993,True
11554,1882,True
11555,1652,False
11556,2419,False
11557,2117,True
11558,2754,False
11559,2023,False
11560,2021,False
11561,4038,False
11562,1838,True
11563,3208,True
11564,2448,True
11565,3215,True
11566,2234,False
11567,1506,True
11568,2148,True
11569,2816,False
11570,1858,True
11571,2476,False
11572,2002,False
11573,2190,True
11574,2262,False
11575,1843,True
11576,2009,True
11577,4081,True
11578,1728,False
11579,4768,True
11580,1907,False
11581,2352,True
11582,2292,False
11583,2588,False
11584,2571,True
11585,1733,True
11586,3431,True
11587,1861,False
11588,2637,False
11589,2620,True
11590,2162,False
11591,2075,True
11592,2479,True
11593,2354,True
11594,2407,False
11595,2559,True
11596,2111,True
11597,2395,True
11598,1534,True
11599,3784,False
11600,1863,True
11601,2592,False
11602,2746,False
11603,2728,True
11604,2580,False
11605,3640,False
11606,1954,False
11607,2564,False
11608,2404,False
11609,1523,True
11610,3277,True
11611,2547,False
11612,2342,True
11613,1836,True
11614,2488,True
11615,2153,False
11616,3033,True
11617,2301,False
11618,1507,True
11619,3057,True
11620,2324,True
11621,2227,True
11622,2187,True
11623,2619,False
11624,3733,False
11625,1210,False
11626,2161,False
11627,3002,False
11628,3008,True
11629,2038,True
11630,1652,True
11631,3566,False
11632,2676,True
11633,1627,True
11634,3082,True
11635,3290,True
11636,1711,True
11637,2687,True
11638,1584,False
11639,2280,False
11640,1031,False
11641,1823,True
11642,3133,True
11643,3814,True
11644,1842,True
11645,2486,True
11646,2173,True
11647,2400,True
11648,2043,True
11649,2768,False
11650,2399,True
11651,2306,True
11652,2453,True
11653,3724,True
11654,1809,False
11655,2743,False
11656,2444,True
11657,3017,True
11658,3063,True
11659,2983,False
11660,2326,False
11661,2118,True
11662,1751,False
11663,1885,False
11664,2340,True
11665,3023,False
11666,2680,True
11667,1787,True
11668,2312,False
11669,2815,False
11670,2441,True
11671,2324,False
11672,1592,False
11673,1781,True
11674,3100,False
11675,1850,True
11676,3578,True
11677,2719,False
11678,2911,True
11679,2689,False
11680,1435,True
11681,1676,True
11682,1575,False
11683,2120,False
11684,2988,True
11685,2697,False
11686,1950,False
11687,2746,True
11688,2039,False
11689,1384,False
11690,2214,True
11691,2440,True
11692,2495,False
11693,2630,False
11694,2578,False
11695,2919,True
11696,1752,True
11697,2588,False
11698,2008,False
11699,1256,False
11700,1921,False
11701,2786,True
11702,2757,False
11703,2310,True
11704,2067,True
11705,3478,False
11706,1299,True
11707,1950,False
11708,2211,True
11709,2836,False
11710,1990,True
11711,1799,True
11712,1928,False
11713,2989,True
11714,4360,False
11715,1728,True
11716,4135,True
11717,3083,True
11718,2028,True
11719,2878,True
11720,1810,False
11721,1362,False
11722,3467,False
11723,1635,True
11724,2351,False
11725,2365,False
11726,1908,True
11727,2346,True
11728,2013,False
11729,2071,False
11730,2387,True
11731,2636,True
11732,2172,False
11733,4053,True
11734,2536,False
11735,1165,False
11736,2918,False
11737,2982,False
11738,1562,True
11739,2247,True
11740,2093,True
11741,2779,False
11742,1863,False
11743,1833,True
11744,3350,False
11745,2747,False
11746,2147,True
11747,3440,False
11748,3294,True
11749,2098,True
11750,2621,False
11751,1742,False
11752,2067,False
11753,3962,False
11754,2566,True
11755,2493,True
11756,2247,False
11757,2195,False
11758,2330,True
11759,2114,False
11760,4059,True
11761,2456,True
11762,3142,False
11763,2316,True
11764,1636,True
11765,2077,False
11766,3054,False
11767,3058,False
11768,2451,True
11769,2897,False
11770,3452,False
11771,2346,False
11772,3584,False
11773,1826,True
11774,3290,False
11775,2205,False
11776,2074,False
11777,2327,True
11778,2610,False
11779,2053,True
11780,3468,True
11781,3026,False
11782,1764,False
11783,2824,False
11784,2329,False
11785,2135,False
11786,1410,True
11787,1936,False
11788,1560,False
11789,2621,False
11790,3124,False
11791,2119,True
11792,1824,False
11793,1967,False
11794,2200,True
11795,1923,True
11796,3111,True
11797,1724,True
11798,1319,True
11799,2933,True
11800,1881,False
11801,1509,False
11802,2578,False
11803,1414,True
11804,1427,False
11805,3534,False
11806,2408,True
11807,3069,False
11808,3418,False
11809,3164,False
11810,2384,True
11811,2865,False
11812,1592,False
11813,3046,True
11814,2031,True
11815,1944,True
11816,2097,False
11817,1956,False
11818,2196,False
11819,1456,True
11820,2099,True
11821,2969,False
11822,1645,True
11823,2739,True
11824,2217,False
11825,2974,False
11826,3278,True
11827,1733,True
11828,2819,False
11829,1725,True
11830,1750,True
11831,2613,False
11832,3724,False
11833,2323,False
11834,1933,True
11835,2053,False
11836,1859,True
11837,3343,False
11838,2189,False
11839,2980,False
11840,2658,False
11841,2608,True
11842,2597,False
11843,1815,False
11844,4364,False
11845,2149,False
11846,2773,False
11847,1964,True
11848,2847,False
11849,2652,True
11850,2774,True
11851,1597,True
11852,1391,False
11853,2522,False
11854,1624,True
11855,2120,False
11856,2403,False
11857,2252,True
11858,2304,True
11859,3020,True
11860,2961,False
11861,2248,True
11862,2364,False
11863,3399,False
11864,2570,True
11865,2644,True
11866,1954,False
11867,2599,True
11868,2513,True
11869,3189,True
11870,2797,True
11871,3093,False
11872,3112,False
11873,1949,True
11874,1675,True
11875,2088,True
11876,2707,False
11877,2237,False
11878,2760,False
11879,2143,True
11880,2191,False
11881,1741,True
11882,1905,False
11883,3839,True
11884,1803,True
11885,2277,True
11886,2994,False
11887,1673,True
11888,1300,False
11889,3171,False
11890,3740,True
11891,3793,False
11892,2518,False
11893,1707,False
11894,1342,False
11895,1184,True
11896,2469,False
11897,2101,True
11898,2118,False
11899,3043,True
11900,2707,True
11901,2152,True
11902,2254,False
11903,2583,False
11904,4548,True
11905,1994,False
11906,3623,True
11907,1980,True
11908,2700,False
11909,3160,False
11910,2805,False
11911,2859,False
11912,3230,False
11913,2046,False
11914,1678,True
11915,2880,True
11916,2147,True
11917,1865,False
11918,2097,True
11919,2991,False
11920,1872,True
11921,1848,False
11922,2227,True
11923,3731,False
11924,2221,False
11925,1286,True
11926,4246,False
11927,2013,False
11928,2100,True
11929,2428,True
11930,1768,True
11931,2090,True
11932,2639,True
11933,1899,True
11934,3933,True
11935,2003,True
11936,1885,True
11937,2540,False
11938,2209,True
11939,2974,False
11940,1876,True
11941,2524,True
11942,2694,True
11943,3053,True
11944,2272,True
11945,1850,False
11946,2776,False
11947,1858,True
11948,2521,False
11949,2818,False
11950,1794,False
11951,2433,True
11952,1864,True
11953,2477,False
11954,2926,False
11955,1756,True
11956,3327,True
11957,2870,True
11958,2061,False
11959,2138,False
11960,2025,True
11961,2581,False
11962,1935,False
11963,3051,False
11964,2273,True
11965,2251,False
11966,2085,False
11967,2485,True
11968,2070,True
11969,2470,False
11970,2562,True
11971,1886,False
11972,2330,False
11973,3473,True
11974,2371,True
11975,1741,True
11976,2341,True
11977,3474,True
11978,4056,False
11979,2415,False
11980,3259,True
11981,2908,False
11982,2539,False
11983,2141,False
11984,2907,True
11985,3204,True
11986,2781,True
11987,2453,False
11988,2168,True
11989,3862,False
11990,3211,False
11991,2194,True
11992,3176,False
11993,1933,True
11994,2350,False
11995,1899,True
11996,2012,False
11997,2477,False
11998,2796,False
11999,3427,False
12000,2615,True
12001,1837,False
12002,2392,True
12003,3091,False
12004,2291,False
12005,1884,True
12006,2782,False
12007,2352,False
12008,1524,True
12009,1446,True
12010,3206,False
12011,3271,True
12012,2464,False
12013,1801,True
12014,3592,True
12015,2302,False
12016,1846,False
12017,1817,False
12018,2577,True
12019,2542,False
12020,2441,False
12021,3022,True
12022,2569,True
12023,3058,True
12024,3121,True
12025,2381,False
12026,3397,False
12027,1958,False
12028,1741,True
12029,2497,False
12030,2024,False
12031,3578,False
12032,2038,True
12033,2397,True
12034,3575,False
12035,2654,True
12036,2708,False
12037,3327,True
12038,2885,False
12039,2134,True
12040,2974,True
12041,3476,True
12042,2762,False
12043,3533,True
12044,2035,True
12045,2542,True
12046,2050,True
12047,2240,True
12048,1702,False
12049,1877,False
12050,1821,False
12051,2912,False
12052,2278,False
12053,3084,True
12054,1920,False
12055,2938,True
12056,1764,True
12057,3624,False
12058,635,False
12059,2226,True
12060,1618,True
12061,2702,False
12062,2090,False
12063,2957,False
12064,2239,False
12065,1785,True
12066,2432,False
12067,3055,False
12068,1450,True
12069,3274,True
12070,2244,True
12071,1344,False
12072,1648,True
12073,2444,False
12074,3151,True
12075,2516,False
12076,2391,False
12077,4734,True
12078,2522,True
12079,2126,False
12080,3391,True
12081,3398,False
12082,3405,True
12083,2316,False
12084,2738,False
12085,3658,False
12086,3531,True
12087,2775,True
12088,1815,False
12089,1866,False
12090,2458,True
12091,3364,False
12092,2731,True
12093,1989,False
12094,1778,False
12095,2268,False
12096,1979,False
12097,1722,True
12098,1563,True
12099,2875,False
12100,3587,True
12101,2413,False
12102,1974,False
12103,2173,False
12104,2669,False
12105,3036,True
12106,1979,True
12107,2353,True
12108,1750,True
12109,3395,False
12110,2682,True
12111,2748,False
12112,2699,False
12113,3010,True
12114,2392,False
12115,1353,True
12116,2024,False
12117,3478,False
12118,2607,True
12119,2165,True
12120,2285,False
12121,3055,True
12122,2654,False
12123,2386,False
12124,1827,True
12125,2139,True
12126,2459,True
12127,2209,True
12128,3277,False
12129,3327,True
12130,2581,False
12131,2158,True
12132,2288,False
12133,2654,True
12134,2715,False
12135,3505,True
12136,2336,True
12137,2865,True
12138,2495,True
12139,3655,True
12140,2524,True
12141,2002,False
12142,1923,True
12143,2348,True
12144,1006,False
12145,3252,True
12146,2475,False
12147,2579,True
12148,3759,False
12149,1860,True
12150,3147,True
12151,2267,False
12152,3290,True
12153,3203,False
12154,1751,True
12155,2799,True
12156,2819,True
12157,2716,True
12158,1842,True
12159,1702,False
12160,2063,True
12161,3003,False
12162,1854,True
12163,2359,True
12164,1867,True
12165,1950,True
12166,2711,False
12167,3132,False
12168,3349,True
12169,2062,True
12170,2977,True
12171,2697,False
12172,2546,True
12173,1991,False
12174,2237,False
12175,2739,False
12176,2996,True
12177,2156,False
12178,3405,True
12179,3483,False
12180,1916,False
12181,1574,True
12182,1893,True
12183,1951,False
12184,2591,False
12185,2320,False
12186,2196,True
12187,2331,False
12188,2134,False
12189,3418,False
12190,3309,True
12191,4465,False
12192,1738,True
12193,2548,False
12194,1803,True
12195,2974,False
12196,3463,True
12197,3453,False
12198,1964,True
12199,2257,True
12200,1354,True
12201,1506,True
12202,1946,False
12203,2843,False
12204,2020,False
12205,2600,False
12206,3241,True
12207,1774,False
12208,3141,True
12209,2130,False
12210,1813,True
12211,2211,False
12212,3283,True
12213,2147,True
12214,2171,True
12215,3113,False
12216,1272,True
12217,1618,False
12218,2461,True
12219,2039,True
12220,3053,False
12221,2695,False
12222,2203,True
12223,2906,True
12224,2657,True
12225,2970,False
12226,2164,True
12227,3073,False
12228,2159,False
12229,2316,True
12230,2285,False
12231,2473,True
12232,3040,True
12233,3167,False
12234,3163,True
12235,2889,False
12236,2721,False
12237,2437,False
12238,1882,True
12239,2306,True
12240,1110,False
12241,3010,True
12242,2259,False
12243,2385,False
12244,2595,False
12245,1948,False
12246,3077,False
12247,2552,True
12248,1641,False
12249,4366,True
12250,2586,True
12251,1933,True
12252,1991,False
12253,2623,True
12254,1893,True
12255,2561,True
12256,2438,False
12257,1745,True
12258,3224,False
12259,2385,False
12260,2548,False
12261,2271,True
12262,2524,False
12263,1455,False
12264,3028,True
12265,2297,False
12266,2073,True
12267,3007,True
12268,2798,False
12269,2158,True
12270,1808,True
12271,2082,True
12272,2343,True
12273,2400,True
12274,2108,True
12275,2696,False
12276,2105,True
12277,1907,True
12278,2477,True
12279,2194,True
12280,2215,True
12281,1910,False
12282,3614,True
12283,3468,True
12284,2640,True
12285,1989,False
12286,3390,False
12287,2651,False
12288,2586,True
12289,1650,False
12290,2936,True
12291,2896,True
12292,2504,False
12293,2783,False
12294,2784,True
12295,1762,True
12296,1725,True
12297,2144,True
12298,1756,True
12299,2883,True
12300,3003,False
12301,2647,False
12302,2188,False
12303,2487,True
12304,2534,False
12305,3249,False
12306,2967,True
12307,2107,True
12308,2849,True
12309,1872,True
12310,2176,False
12311,2810,True
12312,2328,True
12313,3163,False
12314,3322,False
12315,1754,True
12316,1787,True
12317,2578,False
12318,3411,False
12319,2396,False
12320,2596,True
12321,1638,False
12322,3050,True
12323,1816,True
12324,2166,True
12325,3024,False
12326,2091,False
12327,1460,False
12328,3186,True
12329,2768,False
12330,3202,True
12331,3241,False
12332,1933,False
12333,2761,False
12334,2928,True
12335,2600,True
12336,2640,False
12337,2493,False
12338,2832,True
12339,2226,True
12340,2286,True
12341,1165,False
12342,2649,False
12343,3153,True
12344,1945,False
12345,2981,True
12346,3403,False
12347,2146,True
12348,2890,True
12349,2411,False
12350,1892,False
12351,2012,True
12352,1547,False
12353,1952,False
12354,1579,True
12355,1520,True
12356,1676,True
12357,3182,True
12358,2035,True
12359,1753,True
12360,2153,False
12361,2388,False
12362,2087,True
12363,2657,True
12364,3100,True
12365,2782,False
12366,3317,True
12367,2719,True
12368,1484,True
12369,2998,True
12370,3105,True
12371,1674,True
12372,2944,False
12373,1911,True
12374,3201,False
12375,3314,True
12376,1709,True
12377,2086,True
12378,1136,False
12379,3097,False
12380,3982,True
12381,3027,True
12382,2156,False
12383,2459,True
12384,2484,False
12385,2851,False
12386,2128,True
12387,2664,True
12388,1653,True
12389,2125,True
12390,1942,True
12391,3430,False
12392,2436,False
12393,2611,True
12394,3023,False
12395,1701,False
12396,1752,False
12397,2763,True
12398,2088,False
12399,1828,True
12400,1965,False
12401,3175,False
12402,2286,True
12403,2844,True
12404,2493,False
12405,2360,False
12406,3032,True
12407,1913,False
12408,2003,True
12409,2272,False
12410,2164,False
12411,2247,False
12412,3908,False
12413,2042,True
12414,1733,True
12415,2030,False
12416,2655,False
12417,2782,False
12418,1908,True
12419,2997,False
12420,2682,True
12421,3202,False
12422,2790,False
12423,3435,True
12424,2191,True
12425,2639,False
12426,2510,True
12427,2890,True
12428,3282,True
12429,2733,False
12430,2443,True
12431,2195,False
12432,3545,False
12433,2347,False
12434,2016,True
12435,3029,True
12436,3557,True
12437,2417,False
12438,1750,True
12439,3107,True
12440,3091,False
12441,2231,True
12442,3550,True
12443,3454,True
12444,2892,False
12445,1728,True
12446,2626,False
12447,2218,False
12448,2836,False
12449,1614,False
12450,3423,True
12451,1556,True
12452,1953,True
12453,2070,False
12454,2003,True
12455,1622,True
12456,3383,False
12457,3292,True
12458,1911,False
12459,2446,True
12460,2116,True
12461,2978,False
12462,2862,True
12463,3380,False
12464,2856,True
12465,1984,False
12466,1651,True
12467,3877,False
12468,3490,True
12469,1531,True
12470,2421,False
12471,2643,False
12472,4370,False
12473,2413,False
12474,2425,True
12475,2985,False
12476,2742,True
12477,3144,False
12478,2268,False
12479,1825,True
12480,2754,True
12481,1806,True
12482,2900,False
12483,2231,True
12484,2461,False
12485,2237,True
12486,2745,False
12487,2196,False
12488,2454,True
12489,1646,True
12490,2947,True
12491,2190,True
12492,2442,False
12493,2426,False
12494,2476,False
12495,2854,True
12496,2077,True
12497,3540,True
12498,2326,False
12499,1857,False
12500,1928,True
12501,2372,False
12502,3431,False
12503,1831,True
12504,2522,True
12505,2026,True
12506,1813,True
12507,2998,True
12508,2311,False
12509,1732,False
12510,3846,False
12511,2147,False
12512,2602,True
12513,2118,False
12514,1320,True
12515,5593,True
12516,2080,False
12517,1686,False
12518,2786,True
12519,2730,False
12520,1543,False
12521,2860,False
12522,2081,True
12523,1425,True
12524,2061,False
12525,2448,False
12526,2693,False
12527,2824,True
12528,3241,False
12529,2421,True
12530,2328,False
12531,1492,True
12532,3132,True
12533,2361,True
12534,2252,True
12535,3081,False
12536,2480,True
12537,2216,False
12538,1360,False
12539,2986,True
12540,3633,False
12541,1917,False
12542,2918,False
12543,2778,False
12544,1981,True
12545,2966,True
12546,2018,True
12547,1336,True
12548,2400,False
12549,1952,True
12550,2657,True
12551,2932,False
12552,2183,False
12553,1716,True
12554,1678,True
12555,1987,False
12556,4024,True
12557,2376,False
12558,2773,False
12559,2306,False
12560,2920,True
12561,3122,True
12562,2707,True
12563,2625,True
12564,2635,True
12565,2649,True
12566,2370,False
12567,2127,False
12568,1945,False
12569,2480,True
12570,1749,True
12571,2449,False
12572,2780,True
12573,1380,False
12574,3046,False
12575,2482,True
12576,1582,True
12577,2361,True
12578,2330,True
12579,2530,True
12580,2499,True
12581,2431,False
12582,2778,True
12583,2751,False
12584,2358,False
12585,1754,False
12586,2961,False
12587,2697,False
12588,1783,True
12589,1915,True
12590,3941,True
12591,1467,True
12592,1537,True
12593,1382,True
12594,1984,True
12595,2625,False
12596,2394,True
12597,3602,False
12598,2176,False
12599,2214,False
12600,2424,False
12601,2692,True
12602,3126,False
12603,2005,True
12604,2537,False
12605,2575,False
12606,1979,False
12607,1601,True
12608,2324,True
12609,3496,True
12610,2720,True
12611,3032,True
12612,2482,True
12613,2506,False
12614,3291,False
12615,3745,True
12616,1888,False
12617,2189,True
12618,2419,False
12619,2328,True
12620,1815,True
12621,2513,False
12622,2047,False
12623,2438,True
12624,2910,True
12625,4003,False
12626,2471,False
12627,2423,True
12628,2600,False
12629,2379,True
12630,1647,True
12631,2210,True
12632,1344,True
12633,1273,False
12634,2843,False
12635,3444,False
12636,2033,True
12637,3823,True
12638,2286,True
12639,2222,True
12640,2834,True
12641,1936,True
12642,2949,False
12643,2029,False
12644,2961,False
12645,2171,False
12646,1749,True
12647,2362,False
12648,2057,False
12649,2212,True
12650,1847,True
12651,2006,True
12652,3937,True
12653,1875,False
12654,2769,True
12655,1899,True
12656,2426,True
12657,1066,False
12658,2760,False
12659,2022,True
12660,2926,False
12661,1938,True
12662,3131,True
12663,1715,True
12664,2005,True
12665,1912,True
12666,1479,True
12667,2281,False
12668,2455,False
12669,1759,False
12670,1835,True
12671,2385,False
12672,3724,True
12673,2266,False
12674,3050,False
12675,3055,False
12676,3619,False
12677,4083,False
12678,1886,False
12679,3122,False
12680,3533,False
12681,2853,False
12682,2206,False
12683,2051,False
12684,2991,False
12685,2262,False
12686,2321,True
12687,2288,True
12688,2460,True
12689,3722,False
12690,2975,True
12691,3050,False
12692,1697,False
12693,2972,False
12694,3096,False
12695,1874,True
12696,1978,False
12697,1656,True
12698,2620,True
12699,2824,True
12700,1738,True
12701,2983,True
12702,2275,False
12703,3430,False
12704,2992,False
12705,1660,False
12706,2679,True
12707,3414,True
12708,1524,True
12709,3040,False
12710,2864,False
12711,1923,False
12712,2432,False
12713,3320,True
12714,2733,True
12715,1745,True
12716,2320,False
12717,3804,False
12718,1650,True
12719,2438,False
12720,1875,True
12721,2248,False
12722,2453,False
12723,1701,True
12724,3064,True
12725,1783,False
12726,2493,True
12727,1522,True
12728,2298,False
12729,3192,False
12730,3403,True
12731,1750,False
12732,2389,False
12733,3477,False
12734,2657,True
12735,2147,False
12736,1547,False
12737,1924,False
12738,2473,True
12739,2237,False
12740,2530,False
12741,3170,False
12742,1829,True
12743,1670,False
12744,1477,True
12745,2274,True
12746,2273,False
12747,3137,True
12748,2434,True
12749,2788,False
12750,3023,False
12751,2393,True
12752,3094,True
12753,3378,True
12754,2298,False
12755,2675,False
12756,2888,True
12757,1860,False
12758,3724,False
12759,2265,False
12760,2065,True
12761,2011,True
12762,2581,True
12763,2499,True
12764,3006,True
12765,3539,True
12766,1792,True
12767,2569,False
12768,2445,False
12769,2394,False
12770,2834,True
12771,2625,False
12772,2271,True
12773,2754,True
12774,3733,True
12775,3427,False
12776,1771,True
12777,3248,False
12778,3548,False
12779,3857,False
12780,2498,True
12781,3168,True
12782,1829,True
12783,2246,True
12784,3340,True
12785,1716,True
12786,2778,False
12787,1819,True
12788,2862,True
12789,2866,False
12790,2736,False
12791,2691,False
12792,2609,False
12793,1743,False
12794,2750,False
12795,2999,True
12796,2610,False
12797,1833,True
12798,2253,True
12799,2653,True
12800,2332,True
12801,2694,True
12802,2409,False
12803,2260,True
12804,2831,False
12805,2206,False
12806,2691,True
12807,2177,True
12808,3492,True
12809,3357,True
12810,2243,True
12811,2267,False
12812,1896,False
12813,2015,True
12814,2147,True
12815,1199,False
12816,2065,False
12817,2374,True
12818,3154,False
12819,2886,True
12820,2299,False
12821,2332,True
12822,2155,False
12823,1183,True
12824,3042,True
12825,2093,True
12826,3031,True
12827,1753,False
12828,2867,False
12829,2723,False
12830,2367,False
12831,2526,False
12832,2279,False
12833,2903,False
12834,2277,True
12835,3069,False
12836,3162,False
12837,2559,False
12838,3678,True
12839,2986,True
12840,2136,True
12841,3102,False
12842,1800,True
12843,3043,False
12844,3371,False
12845,3265,True
12846,2187,True
12847,3807,False
12848,1987,False
12849,2075,True
12850,2902,False
12851,2657,True
12852,2718,True
12853,1704,True
12854,1797,True
12855,1919,True
12856,1864,True
12857,2728,False
12858,2215,False
12859,3042,False
12860,1885,False
12861,2718,True
12862,1787,False
12863,2371,False
12864,1565,False
12865,3385,True
12866,1367,True
12867,2544,False
12868,2640,True
12869,1998,False
12870,1252,True
12871,2160,False
12872,1575,True
12873,1719,False
12874,2755,False
12875,2353,True
12876,1831,True
12877,2451,True
12878,2626,True
12879,3752,True
12880,4084,False
12881,2747,True
12882,2089,True
12883,2366,False
12884,2551,False
12885,2055,False
12886,1971,True
12887,1436,True
12888,2557,True
12889,2158,False
12890,1570,False
12891,2384,True
12892,2931,False
12893,2365,False
12894,2899,True
12895,2225,True
12896,1913,False
12897,2116,False
12898,3401,True
12899,2341,False
12900,2193,False
12901,2858,False
12902,2167,False
12903,3150,True
12904,2940,False
12905,2157,True
12906,3261,False
12907,1599,True
12908,1946,False
12909,2968,True
12910,1947,False
12911,3418,True
12912,2827,False
12913,2795,True
12914,2180,True
12915,1534,False
12916,3029,True
12917,2488,True
12918,2340,False
12919,2208,False
12920,2295,False
12921,3116,True
12922,3446,True
12923,1551,True
12924,2734,True
12925,2322,False
12926,2518,True
12927,2915,True
12928,1783,True
12929,2230,True
12930,3580,False
12931,3386,True
12932,2255,True
12933,3244,False
12934,3557,False
12935,4359,True
12936,1409,True
12937,2253,False
12938,2808,True
12939,3392,False
12940,2853,False
12941,2815,True
12942,2970,False
12943,2121,False
12944,2655,False
12945,2140,True
12946,1671,False
12947,2341,False
12948,3299,False
12949,3223,True
12950,3525,False
12951,2019,True
12952,2629,True
12953,1940,True
12954,3001,False
12955,2044,True
12956,2258,False
12957,1746,True
12958,2802,True
12959,2118,True
12960,1753,False
12961,2082,True
12962,2059,False
12963,2765,False
12964,2373,True
12965,3474,True
12966,2306,False
12967,1885,True
12968,2081,False
12969,3321,True
12970,1778,True
12971,2578,True
12972,2499,False
12973,1702,False
12974,2470,True
12975,1800,True
12976,2212,False
12977,2008,True
12978,3039,False
12979,3077,True
12980,2878,True
12981,3646,False
12982,1906,True
12983,2058,True
12984,2785,False
12985,1221,False
12986,4141,True
12987,1557,False
12988,3650,True
12989,2233,True
12990,1363,True
12991,2975,True
12992,2626,False
12993,3353,False
12994,1812,True
12995,1272,True
12996,2601,False
12997,3065,True
12998,2177,False
12999,1458,False
13000,3343,True
13001,2116,False
13002,2990,True
13003,1821,True
13004,3050,False
13005,3322,True
13006,2438,True
13007,1649,True
13008,2319,False
13009,1947,False
13010,2045,False
13011,2722,False
13012,1973,False
13013,1472,True
13014,2698,False
13015,2241,False
13016,2643,True
13017,2488,True
13018,2664,True
13019,1896,True
13020,2263,False
13021,2297,False
13022,2027,True
13023,2357,False
13024,2286,False
13025,2843,False
13026,2820,True
13027,2745,False
13028,1904,False
13029,2277,True
13030,2526,False
13031,2031,True
13032,2776,False
13033,3517,False
13034,2075,False
13035,2300,False
13036,2887,False
13037,3051,True
13038,3140,False
13039,3336,True
13040,4277,True
13041,2638,False
13042,2180,False
13043,2120,False
13044,2532,True
13045,2467,True
13046,3341,True
13047,2311,False
13048,3111,False
13049,2720,False
13050,2496,False
13051,2530,True
13052,3377,False
13053,2590,True
13054,3374,False
13055,2244,True
13056,1652,True
13057,2851,True
13058,1992,False
13059,2927,False
13060,2550,True
13061,2387,False
13062,3930,False
13063,1935,True
13064,1819,True
13065,1864,True
13066,3484,False
13067,1957,False
13068,1932,True
13069,2667,True
13070,2351,True
13071,3126,True
13072,3279,True
13073,2775,True
13074,2398,False
13075,2230,True
13076,3413,False
13077,2107,True
13078,1142,False
13079,3001,False
13080,2018,False
13081,3393,True
13082,3130,True
13083,2876,True
13084,2215,False
13085,3396,True
13086,1925,True
13087,1888,True
13088,3513,True
13089,2988,True
13090,2001,False
13091,3197,True
13092,4461,False
13093,2014,True
13094,2147,True
13095,2141,True
13096,2152,True
13097,2467,True
13098,2998,False
13099,2119,True
13100,2313,False
13101,3087,False
13102,2341,False
13103,2351,True
13104,1816,True
13105,2725,False
13106,2686,True
13107,2869,False
13108,2281,False
13109,2945,True
13110,2046,False
13111,2218,True
13112,3235,False
13113,2653,False
13114,2993,True
13115,2425,True
13116,3002,False
13117,2458,True
13118,2425,True
13119,2122,False
13120,2601,False
13121,2103,False
13122,3361,True
13123,2798,True
13124,1405,False
13125,2546,True
13126,2710,True
13127,2365,False
13128,2341,False
13129,2281,True
13130,3078,True
13131,2301,False
13132,1920,True
13133,2417,True
13134,2809,False
13135,2574,False
13136,1778,True
13137,3492,False
13138,3591,False
13139,2210,False
13140,2653,False
13141,2136,False
13142,1490,False
13143,1969,True
13144,3026,False
13145,1737,False
13146,1770,False
13147,2463,True
13148,2831,False
13149,2949,False
13150,2157,False
13151,1938,True
13152,2106,True
13153,1827,False
13154,1358,False
13155,2402,True
13156,1615,True
13157,4067,True
13158,2057,False
13159,2889,True
13160,2527,False
13161,3471,True
13162,4965,False
13163,3526,True
13164,3258,True
13165,3016,False
13166,2382,True
13167,2293,True
13168,1883,False
13169,1942,False
13170,1826,True
13171,2863,True
13172,1689,False
13173,2869,False
13174,1918,True
13175,2931,False
13176,3030,True
13177,3262,True
13178,2006,False
13179,2276,True
13180,3095,False
13181,1880,True
13182,2435,True
13183,2248,False
13184,3529,True
13185,2172,True
13186,2109,False
13187,1220,True
13188,2748,False
13189,1891,False
13190,1803,False
13191,2430,True
13192,4489,True
13193,1125,True
13194,1565,False
13195,2001,False
13196,2258,False
13197,2545,True
13198,3345,False
13199,2380,False
13200,2214,True
13201,2173,False
13202,2904,True
13203,2591,False
13204,3681,False
13205,2227,True
13206,1917,False
13207,2315,True
13208,1961,True
13209,1683,True
13210,1875,False
13211,2001,True
13212,2669,False
13213,2192,False
13214,1711,True
13215,1838,True
13216,2590,True
13217,3890,False
13218,2567,False
13219,2896,True
13220,2632,False
13221,2387,False
13222,2449,False
13223,2020,False
13224,1876,True
13225,1954,True
13226,2528,True
13227,2547,False
13228,2343,True
13229,2514,True
13230,1513,True
13231,2722,True
13232,3409,True
13233,2509,True
13234,1543,False
13235,2792,True
13236,3477,True
13237,1428,True
13238,3027,True
13239,1825,True
13240,2618,False
13241,2015,False
13242,2575,True
13243,3118,False
13244,2621,False
13245,1671,True
13246,2142,False
13247,3007,True
13248,3048,True
13249,3536,True
13250,1930,True
13251,2223,False
13252,2068,False
13253,2689,False
13254,2417,False
13255,3233,True
13256,2897,True
13257,3106,False
13258,2071,False
13259,2183,False
13260,3171,True
13261,1947,True
13262,2100,True
13263,3031,False
13264,2767,False
13265,1576,True
13266,3119,False
13267,3264,True
13268,3630,True
13269,1766,True
13270,2440,True
13271,2397,True
13272,2326,False
13273,2972,True
13274,2193,True
13275,1921,False
13276,2472,False
13277,1883,False
13278,3601,True
13279,2214,False
13280,2890,False
13281,2998,True
13282,1850,False
13283,2825,False
13284,2459,True
13285,1471,False
13286,2093,True
13287,2483,False
13288,4027,False
13289,2818,True
13290,2436,True
13291,2654,False
13292,2427,False
13293,3438,False
13294,2928,False
13295,2913,True
13296,2643,True
13297,3497,True
13298,2048,False
13299,2600,True
13300,2713,False
13301,1713,False
13302,2695,False
13303,2402,False
13304,2224,True
13305,1611,True
13306,1988,True
13307,2836,False
13308,2009,True
13309,1845,False
13310,2945,False
13311,2177,False
13312,2182,False
13313,3989,True
13314,3157,True
13315,3657,True
13316,1111,True
13317,2519,False
13318,2469,True
13319,2766,True
13320,2270,True
13321,2719,True
13322,2048,False
13323,3088,False
13324,1970,False
13325,3771,True
13326,3158,True
13327,2051,True
13328,3126,False
13329,1809,True
13330,1699,True
13331,2039,True
13332,1536,False
13333,1733,True
13334,2708,True
13335,1660,True
13336,1763,False
13337,1541,False
13338,2233,True
13339,1889,False
13340,2182,True
13341,3311,True
13342,3593,False
13343,2388,True
13344,3521,True
13345,1389,False
13346,3755,False
13347,2823,False
13348,2370,False
13349,2788,False
13350,1472,True
13351,3180,False
13352,1992,False
13353,2770,True
13354,1700,True
13355,1845,True
13356,2411,False
13357,2592,False
13358,2255,True
13359,2461,False
13360,2363,False
13361,1576,True
13362,1822,True
13363,2640,False
13364,1925,True
13365,2413,False
13366,1569,False
13367,2857,True
13368,2065,False
13369,1910,False
13370,3224,True
13371,2273,False
13372,1763,True
13373,2780,True
13374,2064,True
13375,2527,True
13376,3301,False
13377,3384,True
13378,3891,True
13379,3205,False
13380,1952,True
13381,3063,False
13382,1699,True
13383,1817,False
13384,1806,False
13385,2646,True
13386,1974,True
13387,2020,False
13388,3297,True
13389,2414,True
13390,3118,False
13391,2840,False
13392,3006,False
13393,2006,True
13394,1736,False
13395,2722,True
13396,1349,True
13397,2049,False
13398,3540,True
13399,1849,False
13400,2361,True
13401,2409,False
13402,1954,True
13403,2055,True
13404,2766,True
13405,2874,False
13406,1391,True
13407,1982,True
13408,2711,True
13409,1154,False
13410,2874,False
13411,1966,True
13412,2306,False
13413,2850,True
13414,1736,True
13415,1649,False
13416,2214,True
13417,3604,True
13418,2155,True
13419,2635,False
13420,2619,False
13421,2242,True
13422,2011,True
13423,1837,True
13424,1764,True
13425,2651,True
13426,1668,False
13427,2298,False
13428,1896,True
13429,3197,True
13430,1763,False
13431,2248,False
13432,2211,True
13433,2645,False
13434,2346,True
13435,1654,True
13436,1550,True
13437,3107,False
13438,2253,False
13439,2239,True
13440,1948,True
13441,2982,True
13442,2310,False
13443,2365,False
13444,2395,True
13445,1604,False
13446,3108,True
13447,4077,False
13448,1881,False
13449,2157,True
13450,1921,False
13451,2068,True
13452,2906,True
13453,2834,False
13454,2364,True
13455,2038,True
13456,2310,False
13457,2722,True
13458,3021,False
13459,4075,True
13460,2627,False
13461,2079,False
13462,1865,False
13463,3095,True
13464,2184,True
13465,2633,True
13466,1584,False
13467,2150,True
13468,2321,True
13469,3973,True
13470,2199,True
13471,2287,False
13472,2174,False
13473,3036,False
13474,1710,False
13475,2993,True
13476,2752,True
13477,4418,True
13478,1947,True
13479,2575,True
13480,2748,True
13481,3253,False
13482,1941,False
13483,1983,False
13484,2330,True
13485,1940,False
13486,2554,False
13487,4114,True
13488,2856,False
13489,2045,True
13490,2348,True
13491,1745,False
13492,3477,True
13493,2801,True
13494,1620,False
13495,2507,False
13496,4129,False
13497,2553,False
13498,1673,True
13499,2059,False
13500,2592,True
13501,1986,False
13502,2233,False
13503,2917,True
13504,2966,False
13505,2546,False
13506,1593,True
13507,1990,False
13508,3212,False
13509,1982,False
13510,1408,True
13511,2004,True
13512,2160,True
13513,1786,True
13514,2178,True
13515,3809,True
13516,2178,False
13517,2120,True
13518,2308,True
13519,3475,False
13520,2254,True
13521,1702,True
13522,2949,True
13523,4535,True
13524,1511,True
13525,3267,True
13526,2502,True
13527,3687,True
13528,2164,False
13529,742,True
13530,2228,True
13531,3182,False
13532,2658,True
13533,2739,True
13534,3954,False
13535,2033,False
13536,2487,False
13537,3039,False
13538,2393,True
13539,3021,False
13540,2663,True
13541,3360,False
13542,2400,False
13543,3236,False
13544,3402,True
13545,2535,False
13546,2190,False
13547,1016,True
13548,4425,True
13549,2535,False
13550,2845,False
13551,1656,True
13552,2103,False
13553,2182,False
13554,3054,False
13555,4623,True
13556,1148,True
13557,2001,True
13558,3073,True
13559,2073,True
13560,3290,False
13561,3387,False
13562,1905,True
13563,2469,True
13564,1989,False
13565,2544,False
13566,1579,True
13567,2091,True
13568,2093,False
13569,2152,True
13570,2234,False
13571,1979,True
13572,3399,False
13573,2505,True
13574,3230,False
13575,1805,True
13576,2497,True
13577,2230,True
13578,2341,False
13579,4961,False
13580,2420,True
13581,1803,False
13582,2780,False
13583,2123,False
13584,3304,False
13585,1803,True
13586,2425,False
13587,3016,False
13588,1616,True
13589,2194,True
13590,2639,False
13591,1381,False
13592,2508,True
13593,2645,False
13594,2345,True
13595,2032,True
13596,2190,True
13597,2237,True
13598,2591,False
13599,2152,False
13600,2368,False
13601,2456,False
13602,1967,False
13603,1972,True
13604,2875,False
13605,1683,True
13606,1501,True
13607,2509,False
13608,4545,True
13609,1325,False
13610,1705,False
13611,2183,True
13612,2887,False
13613,2627,True
13614,1665,False
13615,3795,False
13616,1569,True
13617,1871,True
13618,2347,False
13619,2517,True
13620,2613,False
13621,2474,True
13622,1898,True
13623,3019,False
13624,2915,True
13625,2876,False
13626,1691,True
13627,1713,True
13628,1332,True
13629,2966,True
13630,2896,True
13631,2949,False
13632,2973,True
13633,2217,True
13634,2700,True
13635,2609,False
13636,2739,False
13637,2874,False
13638,2600,False
13639,3479,True
13640,3659,False
13641,3673,False
13642,2831,False
13643,2276,False
13644,2404,True
13645,2761,False
13646,2398,False
13647,2593,True
13648,1914,False
13649,1764,True
13650,1654,True
13651,2325,False
13652,2235,False
13653,1899,False
13654,2366,True
13655,2974,True
13656,2551,False
13657,2277,True
13658,2082,True
13659,2792,False
13660,3329,False
13661,3211,True
13662,2467,False
13663,2237,True
13664,1983,True
13665,3464,True
13666,3012,False
13667,2367,True
13668,2566,False
13669,2408,False
13670,1638,False
13671,2620,True
13672,2003,False
13673,2537,True
13674,1987,True
13675,2156,True
13676,1801,False
13677,2817,False
13678,2617,False
13679,2630,False
13680,1787,False
13681,754,False
13682,2907,False
13683,3009,True
13684,2306,True
13685,2820,False
13686,2923,True
13687,4466,False
13688,2732,True
13689,2438,False
13690,2431,False
13691,2177,True
13692,2575,True
13693,2028,True
13694,2282,True
13695,2688,False
13696,2472,False
13697,2272,True
13698,2238,True
13699,2814,False
13700,1442,False
13701,2193,False
13702,2123,False
13703,1958,False
13704,2438,True
13705,2834,True
13706,2211,False
13707,1471,False
13708,2514,False
13709,2551,True
13710,2885,True
13711,2870,False
13712,2541,False
13713,2220,True
13714,1242,True
13715,2681,False
13716,3010,False
13717,2154,False
13718,3047,False
13719,1942,False
13720,2872,True
13721,3013,True
13722,2600,False
13723,1894,True
13724,2417,False
13725,2182,False
13726,1692,True
13727,1528,True
13728,3334,True
13729,2171,False
13730,3114,False
13731,1987,True
13732,1672,False
13733,2862,False
13734,2339,False
13735,2524,False
13736,3898,False
13737,3245,False
13738,2148,False
13739,3701,False
13740,2815,True
13741,1646,False
13742,2426,False
13743,2043,True
13744,2188,True
13745,2459,True
13746,1517,False
13747,1314,True
13748,2181,True
13749,2508,True
13750,2556,True
13751,2895,True
13752,3536,True
13753,1823,False
13754,3017,True
13755,1507,True
13756,2153,False
13757,2146,False
13758,2111,True
13759,2626,True
13760,2777,False
13761,2192,True
13762,2482,True
13763,2259,False
13764,2219,True
13765,2143,True
13766,2359,True
13767,1783,True
13768,1817,False
13769,2452,False
13770,2692,True
13771,2688,True
13772,1615,True
13773,2218,False
13774,1487,False
13775,2361,False
13776,2130,False
13777,3348,True
13778,2990,True
13779,3562,True
13780,3100,True
13781,2747,False
13782,2985,False
13783,2110,False
13784,2941,False
13785,2218,False
13786,2058,True
13787,1942,True
13788,2162,True
13789,2649,True
13790,2388,True
13791,2374,False
13792,2586,True
13793,3038,False
13794,1554,False
13795,2574,False
13796,1676,False
13797,1660,False
13798,2174,False
13799,2496,True
13800,2281,True
13801,3188,True
13802,2040,False
13803,2294,False
13804,1946,False
13805,2324,True
13806,2248,True
13807,2384,False
13808,2490,True
13809,2330,True
13810,3413,True
13811,2661,True
13812,3472,False
13813,2698,False
13814,2277,True
13815,2222,False
13816,2150,True
13817,2614,True
13818,3644,False
13819,3421,True
13820,3404,True
13821,2687,False
13822,1788,False
13823,3467,False
13824,1472,False
13825,2718,True
13826,2008,True
13827,2463,True
13828,3435,True
13829,3306,True
13830,3401,True
13831,1707,True
13832,1766,False
13833,1613,True
13834,4336,True
13835,1466,False
13836,1623,True
13837,2362,True
13838,2177,True
13839,2811,False
13840,2566,False
13841,3240,False
13842,3582,True
13843,1260,True
13844,2852,False
13845,1789,True
13846,3286,False
13847,2731,False
13848,2063,False
13849,2415,False
13850,1545,False
13851,2129,False
13852,2673,False
13853,3342,False
13854,1953,False
13855,2502,False
13856,3479,False
13857,2287,True
13858,2684,False
13859,2599,True
13860,2429,False
13861,2550,False
13862,3332,False
13863,2027,False
13864,2288,False
13865,1944,True
13866,2434,True
13867,2810,True
13868,2503,True
13869,2419,False
13870,2724,True
13871,2340,True
13872,1809,True
13873,4573,False
13874,1408,True
13875,2744,False
13876,4003,False
13877,2196,True
13878,2494,False
13879,2578,False
13880,2926,True
13881,2477,False
13882,1412,False
13883,2906,True
13884,1853,False
13885,4082,False
13886,1653,True
13887,3572,False
13888,2115,False
13889,2583,True
13890,2633,False
13891,2935,False
13892,3082,False
13893,2638,False
13894,2301,True
13895,2459,False
13896,2138,True
13897,2563,False
13898,1760,True
13899,2638,False
13900,3817,False
13901,1651,False
13902,3353,True
13903,2511,False
13904,1701,True
13905,3487,False
13906,2583,False
13907,4623,False
13908,1811,False
13909,985,True
13910,2387,True
13911,1691,True
13912,1914,False
13913,2535,True
13914,63,False
13915,1679,True
13916,2889,True
13917,3449,False
13918,2807,True
13919,2993,True
13920,2590,True
13921,3260,True
13922,2647,False
13923,2097,True
13924,2350,True
13925,3158,False
13926,2107,False
13927,1761,False
13928,1467,True
13929,1804,True
13930,2503,True
13931,3985,False
13932,1788,False
13933,1973,False
13934,2151,False
13935,3029,True
13936,3105,False
13937,2175,True
13938,1609,False
13939,1864,False
13940,3053,True
13941,2945,True
13942,1899,True
13943,2090,True
13944,1827,False
13945,2068,False
13946,1740,True
13947,2599,False
13948,2156,True
13949,1568,True
13950,2179,False
13951,1783,True
13952,3030,False
13953,2539,False
13954,1608,True
13955,3781,False
13956,2417,False
13957,2491,False
13958,2731,False
13959,2303,True
13960,2163,True
13961,2579,True
13962,3067,True
13963,2298,False
13964,2777,False
13965,1584,False
13966,2378,False
13967,1678,True
13968,1514,False
13969,1566,True
13970,1886,True
13971,2492,True
13972,2245,True
13973,1787,False
13974,2663,True
13975,2116,True
13976,1704,True
13977,2445,False
13978,3127,True
13979,3422,False
13980,2786,False
13981,2298,True
13982,3038,False
13983,2990,False
13984,2067,True
13985,2200,True
13986,3830,False
13987,3166,True
13988,2982,False
13989,2379,True
13990,1493,False
13991,1253,True
13992,1711,False
13993,1896,True
13994,2793,True
13995,2373,False
13996,3021,False
13997,3027,True
13998,3085,True
13999,2794,False
14000,2614,True
14001,2530,True
14002,2349,False
14003,2971,False
14004,2165,True
14005,2517,False
14006,2183,False
14007,2187,True
14008,1851,True
14009,2384,True
14010,2292,True
14011,2564,False
14012,2257,False
14013,2868,True
14014,3623,False
14015,1528,False
14016,2572,False
14017,2733,False
14018,2507,True
14019,3262,False
14020,2012,True
14021,2603,True
14022,2822,False
14023,2987,False
14024,3157,True
14025,2115,False
14026,1665,True
14027,1962,False
14028,1632,True
14029,2550,True
14030,3376,False
14031,3004,True
14032,2051,False
14033,2781,False
14034,2449,True
14035,2905,False
14036,2257,False
14037,2230,True
14038,2019,False
14039,1639,True
14040,2880,False
14041,2841,False
14042,2176,False
14043,2063,False
14044,2293,True
14045,3607,True
14046,2644,True
14047,2364,False
14048,2911,False
14049,2721,False
14050,2497,True
14051,2666,True
14052,1917,True
14053,3471,True
14054,1750,True
14055,2405,True
14056,1672,True
14057,3076,True
14058,2419,False
14059,1448,False
14060,1760,False
14061,1944,True
14062,1985,True
14063,2509,False
14064,3748,False
14065,2359,False
14066,2682,True
14067,1796,True
14068,2671,False
14069,2400,False
14070,2071,False
14071,3035,False
14072,2082,True
14073,1956,False
14074,2420,False
14075,2351,True
14076,2113,True
14077,2656,False
14078,2139,True
14079,2113,True
14080,2863,True
14081,2746,True
14082,2008,True
14083,2561,False
14084,2923,False
14085,4013,False
14086,1982,False
14087,1748,False
14088,2211,True
14089,1991,True
14090,2483,True
14091,2169,True
14092,3315,True
14093,3132,False
14094,2763,True
14095,3173,False
14096,2519,True
14097,4451,False
14098,1948,False
14099,3207,True
14100,2366,True
14101,2217,False
14102,2201,False
14103,3374,True
14104,3806,False
14105,3706,False
14106,2465,False
14107,2772,True
14108,2212,False
14109,3217,False
14110,2555,True
14111,2480,False
14112,3089,True
14113,1667,False
14114,1898,False
14115,3042,True
14116,2683,False
14117,2642,False
14118,1881,True
14119,2242,False
14120,1624,True
14121,3038,True
14122,3343,True
14123,1593,False
14124,2075,True
14125,2088,False
14126,3371,True
14127,2884,False
14128,3174,True
14129,1811,False
14130,2002,True
14131,2954,True
14132,3530,False
14133,2297,True
14134,1831,False
14135,2523,False
14136,2358,False
14137,1719,True
14138,2655,True
14139,1925,True
14140,2861,True
14141,2399,True
14142,1926,True
14143,2695,True
14144,3011,True
14145,2839,False
14146,2639,False
14147,1771,True
14148,3215,True
14149,2021,True
14150,1925,True
14151,3266,True
14152,3043,False
14153,2417,True
14154,2299,True
14155,1884,True
14156,2951,False
14157,1394,False
14158,2683,True
14159,2815,True
14160,3270,False
14161,2540,False
14162,2398,False
14163,1994,False
14164,2522,True
14165,2086,True
14166,1883,False
14167,1945,False
14168,2813,False
14169,2784,False
14170,1994,True
14171,3131,False
14172,2903,False
14173,2967,True
14174,2166,True
14175,2007,False
14176,2182,False
14177,3558,False
14178,2921,True
14179,4496,False
14180,1350,True
14181,2543,True
14182,2969,True
14183,1796,True
14184,1723,False
14185,2061,False
14186,2457,False
14187,1785,True
14188,2403,False
14189,2711,False
14190,2296,True
14191,2702,False
14192,1909,False
14193,2706,False
14194,2427,False
14195,3207,False
14196,2731,False
14197,2260,True
14198,2832,False
14199,2335,False
14200,1940,False
14201,2993,False
14202,4043,True
14203,2872,True
14204,3942,False
14205,2178,False
14206,2187,True
14207,1580,False
14208,3725,False
14209,1553,False
14210,3007,True
14211,2891,True
14212,2410,True
14213,2487,True
14214,2978,False
14215,3512,True
14216,2396,False
14217,3315,True
14218,3106,True
14219,3735,True
14220,2856,True
14221,3283,True
14222,1547,True
14223,2497,False
14224,2068,True
14225,2784,True
14226,2925,False
14227,1976,True
14228,2457,False
14229,2572,False
14230,2031,True
14231,2278,True
14232,1779,True
14233,2541,False
14234,1986,False
14235,2569,False
14236,1992,False
14237,2479,False
14238,1669,True
14239,2380,True
14240,2557,True
14241,3168,True
14242,2607,True
14243,3235,False
14244,2347,False
14245,3713,False
14246,2380,True
14247,2447,True
14248,2069,True
14249,2070,True
14250,2796,True
14251,1865,True
14252,1672,False
14253,2215,True
14254,2163,True
14255,1852,False
14256,2976,True
14257,2483,False
14258,1982,False
14259,1792,False
14260,2628,False
14261,2211,False
14262,1692,True
14263,2241,False
14264,2126,True
14265,2429,True
14266,1827,False
14267,2535,False
14268,2669,True
14269,2196,True
14270,2007,True
14271,2283,False
14272,2887,True
14273,2566,False
14274,2707,True
14275,1939,True
14276,2811,False
14277,1848,False
14278,2662,False
14279,1897,False
14280,2237,False
14281,2031,False
14282,2163,False
14283,2569,True
14284,2565,False
14285,2551,True
14286,4050,True
14287,1396,True
14288,2022,True
14289,1920,False
14290,3771,True
14291,1439,True
14292,3623,False
14293,1619,False
14294,2967,False
14295,2702,True
14296,1907,False
14297,1664,False
14298,2532,True
14299,2162,True
14300,2591,True
14301,5082,False
14302,2791,True
14303,2082,False
14304,2210,False
14305,2698,True
14306,2389,True
14307,2428,False
14308,2554,True
14309,2157,True
14310,2572,False
14311,2148,True
14312,1891,False
14313,2414,True
14314,2091,False
14315,1678,True
14316,3355,False
14317,2851,True
14318,2022,False
14319,2752,True
14320,2489,False
14321,3028,True
14322,2756,False
14323,2577,False
14324,3080,False
14325,3016,True
14326,2334,True
14327,2423,False
14328,2770,False
14329,3141,True
14330,2284,False
14331,2362,False
14332,2108,True
14333,1990,True
14334,3355,True
14335,3060,False
14336,3663,True
14337,3386,False
14338,2305,True
14339,2547,False
14340,2678,False
14341,2331,False
14342,2642,True
14343,3888,True
14344,2243,True
14345,3513,True
14346,3443,False
14347,2718,True
14348,3125,True
14349,2907,True
14350,2884,True
14351,2367,True
14352,2402,False
14353,2380,False
14354,2342,False
14355,2163,False
14356,1623,True
14357,2698,False
14358,2108,False
14359,3011,False
14360,2898,True
14361,2249,False
14362,3443,False
14363,1187,False
14364,1932,True
14365,3043,False
14366,2574,False
14367,2211,True
14368,2016,True
14369,3294,False
14370,2563,False
14371,1972,False
14372,2171,False
14373,2947,True
14374,2209,False
14375,2652,False
14376,3512,False
14377,3804,False
14378,2003,True
14379,2445,False
14380,3495,True
14381,2307,False
14382,2494,True
14383,1751,True
14384,2503,True
14385,4325,True
14386,2890,True
14387,1838,True
14388,2213,False
14389,2488,False
14390,1888,True
14391,1846,False
14392,1961,False
14393,4017,False
14394,2330,False
14395,3510,False
14396,2286,True
14397,3510,True
14398,3192,True
14399,3137,False
14400,2569,False
14401,2736,True
14402,3190,False
14403,2991,False
14404,2999,True
14405,3417,True
14406,2764,True
14407,2527,True
14408,3258,True
14409,2483,True
14410,2556,True
14411,2253,False
14412,2882,True
14413,3837,False
14414,4709,True
14415,2675,False
14416,1444,True
14417,2727,True
14418,3879,False
14419,2009,False
14420,3130,False
14421,2340,True
14422,2964,True
14423,3013,True
14424,1767,True
14425,1889,False
14426,3127,True
14427,3493,False
14428,400,False
14429,3312,True
14430,2745,True
14431,2614,True
14432,2552,True
14433,2668,False
14434,2684,False
14435,2256,False
14436,3629,False
14437,1704,False
14438,1608,True
14439,2156,False
14440,1873,False
14441,1691,False
14442,3031,False
14443,3917,True
14444,2210,True
14445,1665,True
14446,1189,False
14447,2074,False
14448,3232,False
14449,2493,True
14450,2527,False
14451,2206,False
14452,1746,True
14453,3318,False
14454,2794,False
14455,3433,False
14456,1673,True
14457,2631,True
14458,1730,False
14459,2855,False
14460,1951,True
14461,2557,True
14462,3369,False
14463,3281,True
14464,1757,True
14465,1989,True
14466,3243,True
14467,3097,False
14468,3002,True
14469,2857,True
14470,1765,True
14471,2969,True
14472,2114,False
14473,1387,False
14474,3020,True
14475,1705,True
14476,2157,False
14477,2005,True
14478,2681,False
14479,2134,True
14480,2966,True
14481,3014,True
14482,4138,True
14483,2849,False
14484,2601,True
14485,2360,False
14486,2025,False
14487,2948,False
14488,3178,False
14489,2122,True
14490,2181,True
14491,2936,False
14492,1719,True
14493,2637,True
14494,1971,False
14495,1772,True
14496,1753,True
14497,2674,False
14498,1948,False
14499,2458,True
14500,2542,False
14501,2842,True
14502,3100,False
14503,3766,True
14504,2653,True
14505,3362,True
14506,3485,True
14507,3495,True
14508,1986,True
14509,2764,False
14510,2909,True
14511,3828,False
14512,2881,True
14513,2897,True
14514,1941,False
14515,3927,False
14516,2137,True
14517,2781,True
14518,2993,False
14519,1931,True
14520,1617,False
14521,2127,True
14522,2179,False
14523,1816,False
14524,3980,True
14525,2397,True
14526,1835,True
14527,2838,True
14528,1188,False
14529,2094,True
14530,2284,True
14531,2649,True
14532,3685,True
14533,1545,True
14534,2522,False
14535,3651,False
14536,2852,True
14537,1922,False
14538,1571,False
14539,1637,False
14540,2287,False
14541,1677,False
14542,2479,False
14543,3868,True
14544,2989,False
14545,2361,True
14546,1723,False
14547,2119,False
14548,1921,True
14549,3218,False
14550,1868,False
14551,2531,True
14552,2801,False
14553,2660,False
14554,1559,True
14555,3311,True
14556,1380,False
14557,2657,False
14558,4473,True
14559,2109,False
14560,1910,True
14561,1963,False
14562,2549,True
14563,3668,False
14564,3034,False
14565,2584,False
14566,2901,True
14567,1590,True
14568,1961,False
14569,1911,True
14570,2494,False
14571,1808,True
14572,2474,True
14573,2503,False
14574,3824,False
14575,3319,False
14576,2622,True
14577,2582,False
14578,2114,True
14579,2543,False
14580,2306,True
14581,2021,True
14582,2843,False
14583,2577,True
14584,2000,False
14585,3928,True
14586,2351,True
14587,2408,False
14588,2370,False
14589,2666,True
14590,2112,False
14591,1810,False
14592,1687,False
14593,1895,True
14594,2696,True
14595,3065,True
14596,2934,True
14597,3479,True
14598,2663,True
14599,3492,True
14600,2442,False
14601,3570,False
14602,2457,False
14603,1484,True
14604,3838,False
14605,2366,True
14606,2048,True
14607,1603,True
14608,2480,False
14609,3158,True
14610,2561,True
14611,2206,False
14612,2170,False
14613,2258,True
14614,1978,False
14615,2352,True
14616,2577,False
14617,3414,False
14618,2364,False
14619,1744,False
14620,2302,True
14621,2985,True
14622,3692,False
14623,1958,True
14624,3392,True
14625,2178,True
14626,1493,False
14627,1686,True
14628,1295,False
14629,2275,False
14630,2441,True
14631,3522,False
14632,2039,False
14633,2313,False
14634,2573,False
14635,2933,True
14636,3537,False
14637,1720,True
14638,3040,True
14639,2484,False
14640,2248,False
14641,2423,False
14642,2148,False
14643,1596,True
14644,1691,False
14645,1993,False
14646,2474,False
14647,3288,False
14648,1375,True
14649,2786,False
14650,2948,True
14651,2088,True
14652,3155,False
14653,3273,True
14654,2907,True
14655,4336,False
14656,1523,True
14657,4214,False
14658,4049,True
14659,2422,True
14660,2938,False
14661,2295,False
14662,2484,False
14663,2163,False
14664,3396,False
14665,2204,False
14666,3085,False
14667,2157,True
14668,2550,False
14669,2642,True
14670,2519,False
14671,3647,True
14672,2001,True
14673,2902,False
14674,2605,True
14675,2004,False
14676,1966,True
14677,2046,True
14678,2120,False
14679,2640,True
14680,2220,True
14681,1586,True
14682,1649,False
14683,1512,True
14684,2474,False
14685,3177,False
14686,1947,False
14687,2670,False
14688,1976,True
14689,3623,False
14690,2155,True
14691,2162,True
14692,2648,True
14693,1977,False
14694,2121,False
14695,1783,True
14696,2456,True
14697,2922,False
14698,2911,False
14699,2312,False
14700,1949,False
14701,1600,True
14702,2686,True
14703,2554,True
14704,3408,True
14705,2716,True
14706,2480,True
14707,2985,True
14708,2674,True
14709,2985,True
14710,2450,True
14711,2362,True
14712,2332,True
14713,2036,False
14714,2223,False
14715,1954,True
14716,3609,True
14717,1011,True
14718,1688,False
14719,1681,True
14720,2511,True
14721,2071,False
14722,1250,False
14723,1863,False
14724,3159,False
14725,1988,True
14726,2084,True
14727,1632,True
14728,3647,False
14729,2805,True
14730,2288,False
14731,2328,True
14732,2114,True
14733,1084,True
14734,2197,True
14735,2966,True
14736,1836,True
14737,2116,False
14738,2025,False
14739,1788,True
14740,2885,True
14741,2930,False
14742,2062,False
14743,3037,True
14744,3143,True
14745,3944,True
14746,2244,True
14747,2315,True
14748,2228,False
14749,1870,False
14750,2302,True
14751,2440,True
14752,3208,False
14753,2331,True
14754,2022,False
14755,2699,True
14756,2333,False
14757,3047,True
14758,1706,False
14759,4356,False
14760,2502,True
14761,3072,True
14762,2539,True
14763,1795,True
14764,2749,True
14765,2093,True
14766,1655,True
14767,1872,False
14768,2334,False
14769,2005,False
14770,2117,False
14771,2631,False
14772,3752,True
14773,3261,False
14774,2550,False
14775,2821,False
14776,3060,False
14777,3476,False
14778,2824,True
14779,2588,True
14780,1952,False
14781,3311,True
14782,3561,True
14783,2433,False
14784,2322,True
14785,2544,False
14786,3486,True
14787,1687,True
14788,2286,True
14789,2244,False
14790,2941,False
14791,2868,False
14792,2573,False
14793,2728,True
14794,2030,True
14795,2293,True
14796,2757,False
14797,2352,False
14798,2589,True
14799,2748,False
14800,1802,True
14801,2693,False
14802,3064,False
14803,2673,False
14804,1882,True
14805,2578,True
14806,2368,True
14807,3205,True
14808,2842,False
14809,3153,False
14810,4032,False
14811,2586,False
14812,2407,True
14813,2132,True
14814,1964,True
14815,1416,True
14816,2624,False
14817,1769,True
14818,3816,False
14819,2959,True
14820,2960,False
14821,1790,False
14822,1475,True
14823,2325,False
14824,2575,True
14825,2520,True
14826,2208,True
14827,2849,False
14828,2418,False
14829,2229,True
14830,4044,True
14831,2134,True
14832,3924,True
14833,2628,True
14834,2335,True
14835,2804,False
14836,2193,True
14837,1907,False
14838,3618,False
14839,2322,True
14840,3046,False
14841,2137,False
14842,2666,False
14843,2397,True
14844,2492,False
14845,2628,True
14846,2727,False
14847,2463,False
14848,2896,False
14849,2236,True
14850,2455,True
14851,2536,False
14852,1552,False
14853,2494,True
14854,2053,True
14855,2733,False
14856,1995,False
14857,2002,True
14858,2563,False
14859,2690,False
14860,3022,True
14861,1424,True
14862,1909,True
14863,1692,False
14864,3019,False
14865,3654,False
14866,2850,True
14867,2865,True
14868,2189,False
14869,2991,False
14870,2039,True
14871,2574,True
14872,1780,False
14873,1763,False
14874,1867,True
14875,1644,True
14876,2080,True
14877,1798,True
14878,2833,False
14879,1537,True
14880,2353,False
14881,2950,False
14882,1699,True
14883,2662,False
14884,1146,True
14885,3425,True
14886,2172,False
14887,2912,True
14888,2601,True
14889,2777,False
14890,2234,False
14891,2765,True
14892,2031,True
14893,3731,False
14894,2070,False
14895,3016,True
14896,2409,True
14897,2158,False
14898,1716,True
14899,2217,False
14900,3083,False
14901,1889,False
14902,3391,True
14903,2450,False
14904,1834,True
14905,2951,True
14906,1997,False
14907,1932,False
14908,2213,False
14909,2233,True
14910,2080,True
14911,2387,False
14912,2688,False
14913,2879,False
14914,3452,False
14915,2416,False
14916,2563,False
14917,2254,True
14918,2193,True
14919,2892,False
14920,2428,False
14921,3855,True
14922,2484,True
14923,2184,False
14924,3169,True
14925,2636,True
14926,2785,True
14927,2675,True
14928,1916,False
14929,2839,True
14930,2294,True
14931,2658,False
14932,3507,False
14933,2316,False
14934,2986,True
14935,1447,False
14936,2370,False
14937,3339,False
14938,2389,False
14939,3406,True
14940,2127,False
14941,2660,True
14942,2010,False
14943,1845,False
14944,2102,True
14945,3242,True
14946,2636,False
14947,2984,True
14948,2924,True
14949,3538,False
14950,3299,False
14951,2451,False
14952,1361,False
14953,2294,False
14954,1944,False
14955,3219,False
14956,2568,False
14957,2871,True
14958,2067,True
14959,3504,True
14960,2524,True
14961,3807,False
14962,2813,False
14963,2782,True
14964,2899,True
14965,2820,False
14966,2501,True
14967,2534,True
14968,2203,False
14969,2198,True
14970,2177,False
14971,2020,False
14972,2413,False
14973,1932,False
14974,2052,True
14975,2679,True
14976,2170,True
14977,2246,False
14978,2884,True
14979,1598,False
14980,2050,True
14981,2580,True
14982,1524,True
14983,2755,False
14984,2008,False
14985,2763,False
14986,2962,True
14987,2324,False
14988,2606,True
14989,2369,False
14990,3465,True
14991,1926,True
14992,2205,True
14993,1532,False
14994,2758,True
14995,2261,False
14996,2976,False
14997,1523,True
14998,2786,True
14999,2910,False
15000,1652,False
15001,2131,False
15002,2949,True
15003,1435,False
15004,2085,False
15005,2177,True
15006,3452,False
15007,2731,False
15008,3430,False
15009,3174,False
15010,2884,False
15011,3387,False
15012,3998,False
15013,3468,True
15014,1926,True
15015,2478,False
15016,1865,True
15017,2375,True
15018,2240,False
15019,2699,False
15020,3288,True
15021,1958,True
15022,1527,True
15023,2450,False
15024,1999,False
15025,2214,True
15026,3700,False
15027,3487,False
15028,2033,True
15029,3206,False
15030,1626,False
15031,1733,True
15032,3312,True
15033,2812,False
15034,2506,True
15035,2749,True
15036,1969,False
15037,1677,True
15038,2040,True
15039,1476,False
15040,2469,True
15041,3374,True
15042,2619,True
15043,2323,True
15044,1926,True
15045,2119,True
15046,2634,False
15047,2461,True
15048,2806,False
15049,2066,False
15050,3115,True
15051,2976,False
15052,4296,False
15053,1774,False
15054,2530,False
15055,1815,False
15056,764,True
15057,2476,True
15058,2920,True
15059,3576,True
15060,2954,False
15061,2458,True
15062,2152,True
15063,1890,True
15064,1948,False
15065,3205,False
15066,2449,True
15067,2267,False
15068,2552,False
15069,1953,True
15070,2953,False
15071,1691,True
15072,2011,False
15073,3106,True
15074,1977,True
15075,2189,False
15076,2337,False
15077,1182,True
15078,2739,True
15079,2023,False
15080,2641,True
15081,4036,True
15082,3122,False
15083,1614,True
15084,2731,False
15085,2432,False
15086,2682,True
15087,2190,True
15088,2492,False
15089,2130,True
15090,2681,False
15091,2122,False
15092,1753,False
15093,1788,True
15094,3351,False
15095,2572,False
15096,2536,True
15097,2053,False
15098,2433,False
15099,1970,False
15100,2886,True
15101,1473,True
15102,2352,False
15103,1313,True
15104,3244,False
15105,2284,False
15106,2179,True
15107,2077,True
15108,2726,True
15109,2594,False
15110,2797,False
15111,2107,True
15112,2461,True
15113,2580,False
15114,2711,True
15115,2800,True
15116,2079,False
15117,2847,False
15118,2867,False
15119,1170,False
15120,2851,True
15121,3482,True
15122,1883,True
15123,2597,False
15124,4345,False
15125,2317,True
15126,1892,False
15127,2001,False
15128,2696,True
15129,1574,False
15130,1916,True
15131,2280,True
15132,3006,False
15133,2256,True
15134,1930,False
15135,2168,True
15136,2649,True
15137,1852,True
15138,1907,False
15139,3095,False
15140,2942,False
15141,3273,False
15142,1752,True
15143,2537,False
15144,1823,True
15145,2168,False
15146,2789,True
15147,2900,True
15148,1881,True
15149,2551,True
15150,1811,False
15151,2376,False
15152,2578,False
15153,3110,False
15154,2445,True
15155,2017,False
15156,2269,False
15157,2090,True
15158,2321,True
15159,2123,True
15160,2439,True
15161,2218,False
15162,2514,False
15163,1939,True
15164,2212,False
15165,1994,False
15166,1844,True
15167,3203,True
15168,1726,True
15169,2207,True
15170,1756,True
15171,1922,False
15172,2746,False
15173,2988,False
15174,2321,False
15175,4478,True
15176,2376,True
15177,3261,False
15178,2489,True
15179,2650,True
15180,1707,True
15181,2311,True
15182,2440,True
15183,2966,True
15184,2921,False
15185,2945,False
15186,2856,False
15187,2207,False
15188,3384,False
15189,2860,True
15190,2450,True
15191,1997,True
15192,2655,False
15193,3803,True
15194,2617,False
15195,2030,True
15196,1578,True
15197,2055,True
15198,2151,False
15199,3614,True
15200,2357,False
15201,1812,True
15202,1994,False
15203,1593,False
15204,2988,False
15205,1602,True
15206,3012,False
15207,2607,False
15208,3034,False
15209,3059,True
15210,2888,False
15211,3182,True
15212,2321,True
15213,2546,False
15214,3396,False
15215,2822,True
15216,1742,False
15217,2084,False
15218,1315,True
15219,2902,False
15220,2048,False
15221,1965,True
15222,2177,True
15223,3514,True
15224,2196,True
15225,2195,False
15226,3195,False
15227,2373,False
15228,1935,True
15229,1119,True
15230,2553,False
15231,1889,False
15232,2783,False
15233,3052,False
15234,2854,True
15235,2471,True
15236,2462,False
15237,3855,False
15238,1713,False
15239,3322,True
15240,2785,False
15241,3311,True
15242,3762,False
15243,2552,False
15244,2213,False
15245,2492,False
15246,2405,False
15247,1690,True
15248,2681,True
15249,2450,True
15250,2124,False
15251,1501,True
15252,2059,True
15253,2020,True
15254,1970,False
15255,3304,True
15256,1837,False
15257,3154,False
15258,1704,False
15259,3255,True
15260,1924,True
15261,2231,False
15262,2672,True
15263,2270,True
15264,2482,False
15265,2314,False
15266,3285,True
15267,3171,False
15268,2063,False
15269,2953,True
15270,2197,True
15271,2808,False
15272,2418,True
15273,3615,True
15274,2627,True
15275,2182,True
15276,1917,False
15277,2356,False
15278,1872,True
15279,3227,False
15280,2544,True
15281,2552,False
15282,2499,True
15283,2366,False
15284,3035,True
15285,2183,False
15286,3805,True
15287,2058,True
15288,3812,False
15289,2492,True
15290,1969,False
15291,2725,False
15292,3518,True
15293,1742,True
15294,3299,True
15295,3782,False
15296,2038,True
15297,3217,True
15298,1754,True
15299,2744,False
15300,1814,False
15301,2570,False
15302,2803,False
15303,2069,True
15304,2871,True
15305,2544,True
15306,2430,True
15307,2453,True
15308,1305,True
15309,2672,True
15310,2219,False
15311,3259,False
15312,2536,False
15313,2250,True
15314,3932,False
15315,2443,False
15316,2218,True
15317,1818,False
15318,2050,True
15319,2927,True
15320,3211,True
15321,2174,False
15322,2907,False
15323,2573,False
15324,2209,False
15325,2828,False
15326,3069,True
15327,2605,False
15328,1769,True
15329,3815,False
15330,2291,False
15331,2435,False
15332,2998,False
15333,1414,True
15334,3184,False
15335,1892,True
15336,2177,False
15337,3695,True
15338,2612,False
15339,2113,True
15340,2309,True
15341,2719,True
15342,3026,False
15343,2077,False
15344,2633,True
15345,1757,True
15346,3080,True
15347,2364,True
15348,2622,True
15349,1315,False
15350,2426,False
15351,2642,True
15352,2388,False
15353,2940,False
15354,2125,False
15355,1216,False
15356,1906,True
15357,2495,True
15358,2713,False
15359,3405,True
15360,2910,False
15361,1848,True
15362,1727,True
15363,1690,True
15364,2818,True
15365,2109,True
15366,2573,True
15367,3119,True
15368,2303,False
15369,2285,False
15370,2359,False
15371,2599,True
15372,1806,False
15373,1914,False
15374,2849,False
15375,959,False
15376,2184,True
15377,2554,False
15378,2261,True
15379,1995,True
15380,3680,True
15381,3230,True
15382,2187,True
15383,1747,True
15384,2989,False
15385,3033,False
15386,2381,False
15387,2161,True
15388,2163,True
15389,2215,True
15390,2395,True
15391,3028,False
15392,1542,False
15393,2880,False
15394,2699,True
15395,2185,True
15396,3010,False
15397,2003,True
15398,3443,False
15399,2330,False
15400,2848,True
15401,2355,True
15402,1878,True
15403,2853,False
15404,1679,True
15405,1591,False
15406,2304,False
15407,2135,True
15408,3086,True
15409,2340,False
15410,3049,False
15411,3117,False
15412,1745,True
15413,2387,True
15414,2807,False
15415,2263,True
15416,2401,False
15417,2700,True
15418,2884,True
15419,2836,True
15420,2359,True
15421,2200,False
15422,2001,False
15423,3784,False
15424,2647,False
15425,3025,True
15426,2892,False
15427,1706,False
15428,3029,False
15429,2406,True
15430,2644,False
15431,1752,True
15432,2963,True
15433,1922,True
15434,2110,False
15435,3474,False
15436,2992,False
15437,2868,False
15438,2594,False
15439,2593,False
15440,3096,True
15441,2492,False
15442,2152,True
15443,1856,True
15444,1237,True
15445,2027,False
15446,3051,False
15447,3217,False
15448,3414,False
15449,2520,False
15450,1910,True
15451,2829,True
15452,1666,True
15453,3435,False
15454,3377,True
15455,1936,True
15456,1779,True
15457,1990,True
15458,1616,False
15459,1476,True
15460,2681,False
15461,2734,False
15462,3311,False
15463,2747,False
15464,2198,True
15465,2144,True
15466,3936,False
15467,2067,True
15468,2658,False
15469,1982,True
15470,2555,True
15471,4056,False
15472,3198,False
15473,1988,True
15474,1877,False
15475,2909,True
15476,2131,True
15477,2444,True
15478,1687,True
15479,2892,True
15480,1603,True
15481,2696,False
15482,1998,True
15483,1919,False
15484,3428,False
15485,2832,False
15486,3037,True
15487,3727,True
15488,2533,False
15489,2326,True
15490,1777,True
15491,2626,False
15492,2860,False
15493,3045,False
15494,3527,True
15495,1712,False
15496,2022,False
15497,2006,True
15498,1822,True
15499,2875,False
15500,1956,True
15501,3099,True
15502,3160,False
15503,3205,False
15504,2456,False
15505,2792,True
15506,2020,True
15507,1828,True
15508,1933,True
15509,1464,True
15510,1326,True
15511,2089,True
15512,2440,False
15513,2366,False
15514,2379,True
15515,1731,True
15516,2514,False
15517,2732,False
15518,3069,True
15519,2524,True
15520,3142,True
15521,3639,True
15522,2225,True
15523,3108,False
15524,2100,False
15525,2536,False
15526,1880,False
15527,2357,False
15528,2028,True
15529,2876,True
15530,1729,True
15531,3416,True
15532,2505,True
15533,1820,True
15534,2954,True
15535,2066,True
15536,2503,True
15537,1986,True
15538,1543,False
15539,2034,True
15540,1741,True
15541,2369,True
15542,2267,False
15543,1877,True
15544,3885,False
15545,2249,True
15546,2641,False
15547,2028,True
15548,2458,True
15549,2545,False
15550,1256,False
15551,3587,True
15552,2538,False
15553,3791,False
15554,2957,True
15555,2506,False
15556,1491,False
15557,3489,False
15558,2881,True
15559,2874,True
15560,2875,False
15561,3351,True
15562,1858,False
15563,2060,False
15564,2106,True
15565,1679,False
15566,2953,True
15567,1972,True
15568,2181,False
15569,2799,True
15570,3183,True
15571,3174,False
15572,2348,True
15573,1660,True
15574,3522,True
15575,1302,True
15576,2163,True
15577,1956,True
15578,2508,False
15579,2553,False
15580,2287,False
15581,1568,False
15582,2098,False
15583,2107,True
15584,2868,True
15585,1983,True
15586,1961,True
15587,3518,True
15588,2826,False
15589,2399,False
15590,3075,True
15591,3299,True
15592,2965,False
15593,2446,True
15594,2638,False
15595,2891,False
15596,1799,True
15597,2005,True
15598,3499,False
15599,3869,True
15600,2682,True
15601,2278,False
15602,1900,False
15603,1698,True
15604,2491,True
15605,2707,True
15606,2159,False
15607,2953,True
15608,2606,True
15609,1728,False
15610,2583,False
15611,2089,False
15612,2611,False
15613,3656,True
15614,3515,True
15615,2551,True
15616,2669,False
15617,3423,False
15618,2481,False
15619,1817,True
15620,3067,False
15621,2603,False
15622,2103,True
15623,2150,True
15624,3356,False
15625,2869,True
15626,2810,False
15627,3141,True
15628,2451,False
15629,2932,True
15630,1936,True
15631,3258,False
15632,1946,False
15633,2351,True
15634,3416,False
15635,2397,True
15636,2104,True
15637,2485,True
15638,2248,True
15639,2452,True
15640,2502,True
15641,1043,False
15642,3055,False
15643,3204,True
15644,1681,False
15645,3844,False
15646,2284,False
15647,1690,True
15648,2367,False
15649,1376,False
15650,2450,False
15651,2485,False
15652,2542,False
15653,3497,True
15654,2834,True
15655,2831,True
15656,1937,False
15657,3183,True
15658,3255,True
15659,3843,False
15660,2421,False
15661,1871,False
15662,3070,False
15663,2422,False
15664,2064,False
15665,2667,False
15666,1714,True
15667,2749,False
15668,4231,True
15669,2150,False
15670,3031,True
15671,2013,False
15672,2650,False
15673,3266,True
15674,2883,False
15675,2529,True
15676,4247,True
15677,2047,False
15678,2303,False
15679,2437,False
15680,2694,False
15681,2817,False
15682,3127,False
15683,2984,True
15684,3692,False
15685,3552,False
15686,2658,False
15687,3636,True
15688,2427,True
15689,3867,False
15690,2469,False
15691,2391,False
15692,2197,True
15693,2577,False
15694,2854,False
15695,2527,False
15696,3312,True
15697,2393,False
15698,2621,True
15699,2148,True
15700,2231,False
15701,3183,True
15702,2652,False
15703,2337,True
15704,1799,True
15705,2093,True
15706,1909,True
15707,3471,True
15708,2653,True
15709,2787,False
15710,2042,False
15711,2070,True
15712,2604,False
15713,2403,False
15714,2977,True
15715,3050,False
15716,1790,True
15717,3155,True
15718,2553,True
15719,2616,True
15720,2389,True
15721,2615,True
15722,2311,False
15723,2072,False
15724,2617,False
15725,1594,False
15726,2838,True
15727,1758,True
15728,2711,True
15729,2862,False
15730,1193,False
15731,2434,True
15732,2429,True
15733,1997,True
15734,2997,True
15735,1853,False
15736,2090,True
15737,1921,True
15738,2315,True
15739,2302,True
15740,1379,False
15741,2117,True
15742,3260,False
15743,1860,True
15744,1926,True
15745,1938,True
15746,4107,False
15747,1543,True
15748,1986,False
15749,2576,False
15750,2535,False
15751,2561,False
15752,2366,False
15753,2636,True
15754,2578,False
15755,3088,True
15756,2751,True
15757,3057,False
15758,1900,False
15759,1948,False
15760,2967,False
15761,1758,True
15762,4052,False
15763,3518,True
15764,1997,True
15765,1329,False
15766,2190,True
15767,3375,False
15768,1212,False
15769,1852,False
15770,1932,True
15771,2235,False
15772,2342,True
15773,2635,False
15774,3412,True
15775,2504,False
15776,2830,True
15777,1350,False
15778,2271,True
15779,2529,False
15780,3465,False
15781,3103,True
15782,1902,False
15783,1603,False
15784,2999,False
15785,3239,False
15786,2214,True
15787,2979,False
15788,2422,True
15789,1717,True
15790,3120,False
15791,1552,False
15792,2723,True
15793,2221,True
15794,2997,False
15795,3492,True
15796,2004,False
15797,2683,False
15798,1969,True
15799,1442,False
15800,2126,True
15801,1710,True
15802,2733,True
15803,2261,False
15804,2427,True
15805,3486,True
15806,1958,True
15807,2711,True
15808,2490,False
15809,1980,False
15810,2339,False
15811,3831,False
15812,2038,True
15813,2529,False
15814,2155,False
15815,2638,False
15816,2864,False
15817,2811,True
15818,2137,True
15819,2727,True
15820,2744,False
15821,3109,True
15822,3174,True
15823,1539,True
15824,1929,False
15825,2154,True
15826,2551,True
15827,2125,False
15828,2629,False
15829,1552,False
15830,2318,False
15831,1587,True
15832,2953,False
15833,2600,False
15834,2227,True
15835,2001,False
15836,2183,True
15837,2596,False
15838,2461,False
15839,2804,True
15840,3268,False
15841,3011,True
15842,3344,True
15843,2163,True
15844,2375,True
15845,2439,True
15846,2329,False
15847,1833,True
15848,2144,False
15849,2817,False
15850,1612,True
15851,3130,False
15852,3295,False
15853,2727,True
15854,1565,True
15855,3115,True
15856,2551,False
15857,2153,False
15858,2231,True
15859,4024,True
15860,2944,True
15861,2286,False
15862,2329,False
15863,1682,False
15864,4477,True
15865,1203,True
15866,3206,True
15867,2012,True
15868,2217,True
15869,2456,True
15870,1325,True
15871,3294,False
15872,1976,True
15873,1909,False
15874,2293,False
15875,2722,True
15876,2808,False
15877,3034,False
15878,1463,True
15879,2627,True
15880,3712,True
15881,4069,False
15882,2216,False
15883,4868,True
15884,2275,True
15885,2601,False
15886,2332,True
15887,2631,False
15888,3086,False
15889,1928,False
15890,2254,True
15891,2233,True
15892,1951,False
15893,3370,True
15894,1756,True
15895,2300,False
15896,1704,True
15897,2381,True
15898,4072,True
15899,2459,True
15900,1904,False
15901,2388,True
15902,2796,False
15903,2579,False
15904,1698,False
15905,2060,False
15906,2623,True
15907,2657,False
15908,2824,True
15909,2550,True
15910,2153,True
15911,2457,False
15912,2444,False
15913,2103,True
15914,1972,True
15915,3329,False
15916,2861,True
15917,2249,False
15918,3337,False
15919,3023,True
15920,1940,False
15921,1630,True
15922,1590,True
15923,2951,False
15924,2051,False
15925,2660,True
15926,2382,True
15927,2238,False
15928,2044,False
15929,2812,False
15930,1858,True
15931,2569,False
15932,2735,False
15933,2627,True
15934,2772,False
15935,3969,False
15936,1860,True
15937,1875,False
15938,1292,True
15939,2672,True
15940,2373,False
15941,2531,True
15942,2560,True
15943,1770,True
15944,2011,False
15945,2868,False
15946,1257,True
15947,2789,True
15948,2291,True
15949,2776,True
15950,2759,True
15951,2377,False
15952,3200,True
15953,2127,True
15954,2705,False
15955,2808,False
15956,2738,False
15957,2515,True
15958,2476,True
15959,2190,True
15960,2453,True
15961,3105,True
15962,1897,True
15963,1118,True
15964,2821,True
15965,2246,True
15966,2355,True
15967,3130,True
15968,3599,False
15969,2150,True
15970,3074,False
15971,3093,False
15972,3638,False
15973,3169,True
15974,1973,True
15975,2231,False
15976,2419,False
15977,2633,True
15978,2605,True
15979,3437,False
15980,3280,True
15981,2053,False
15982,3359,False
15983,2430,True
15984,2628,True
15985,2441,False
15986,1441,True
15987,2292,False
15988,2865,True
15989,1113,False
15990,3546,True
15991,2653,True
15992,1712,True
15993,2144,True
15994,2528,True
15995,2198,False
15996,2367,False
15997,3264,False
15998,2168,True
15999,3594,False
16000,3854,True
16001,3118,True
16002,2551,False
16003,2303,False
16004,2184,False
16005,1729,False
16006,2733,True
16007,3159,True
16008,2457,True
16009,2480,False
16010,3068,False
16011,2158,False
16012,4453,False
16013,1305,False
16014,2279,True
16015,2681,False
16016,3619,True
16017,2567,False
16018,3457,False
16019,3550,False
16020,2320,True
16021,2656,True
16022,1754,True
16023,2938,False
16024,3264,True
16025,2859,False
16026,2166,False
16027,3311,False
16028,2337,False
16029,2257,True
16030,2154,True
16031,2951,True
16032,1389,True
16033,3251,True
16034,2114,True
16035,2553,False
16036,2982,False
16037,2043,True
16038,2736,False
16039,2103,False
16040,2334,True
16041,2155,True
16042,4509,False
16043,1943,False
16044,2380,False
16045,2096,False
16046,2026,False
16047,3344,True
16048,2396,True
16049,3035,False
16050,2506,False
16051,1033,True
16052,2744,True
16053,2834,True
16054,2674,True
16055,2223,False
16056,3776,False
16057,2442,False
16058,2280,True
16059,2478,False
16060,2486,True
16061,2874,True
16062,2603,False
16063,2327,True
16064,1391,True
16065,2774,True
16066,3475,True
16067,3526,False
16068,3067,False
16069,2222,True
16070,2703,False
16071,1991,True
16072,1959,False
16073,2303,True
16074,3426,True
16075,2602,False
16076,1832,True
16077,2868,False
16078,2032,False
16079,2495,False
16080,2391,False
16081,1869,True
16082,3457,True
16083,2238,False
16084,1564,True
16085,1936,False
16086,5313,False
16087,1913,True
16088,2616,False
16089,1504,True
16090,2814,False
16091,2261,False
16092,1665,True
16093,2437,True
16094,2065,False
16095,2649,True
16096,3521,False
16097,3334,False
16098,2935,True
16099,1970,False
16100,2474,True
16101,2639,True
16102,1912,False
16103,2844,True
16104,2373,True
16105,2552,True
16106,2244,False
16107,2327,True
16108,1987,True
16109,2865,True
16110,2544,False
16111,2437,False
16112,2301,False
16113,2562,False
16114,2766,True
16115,2610,True
16116,1601,True
16117,2520,True
16118,3222,True
16119,2794,False
16120,2661,False
16121,2637,True
16122,2490,True
16123,3044,False
16124,2100,False
16125,2772,False
16126,1507,False
16127,2271,True
16128,1559,True
16129,2776,True
16130,2193,False
16131,2918,False
16132,2969,False
16133,1557,True
16134,2197,True
16135,1925,False
16136,2052,True
16137,1652,False
16138,2836,True
16139,2233,False
16140,2336,True
16141,3648,True
16142,2364,True
16143,1301,True
16144,2029,True
16145,2934,True
16146,1760,True
16147,3002,True
16148,2433,True
16149,2397,True
16150,1658,True
16151,2070,False
16152,2840,True
16153,1848,True
16154,2342,True
16155,3642,False
16156,2441,False
16157,2718,False
16158,2463,True
16159,3106,True
16160,1873,False
16161,2238,False
16162,2030,True
16163,1988,True
16164,1769,False
16165,1711,True
16166,1922,False
16167,2163,False
16168,1659,True
16169,3126,True
16170,1825,True
16171,2153,False
16172,2596,True
16173,1380,False
16174,2721,True
16175,3677,False
16176,3014,False
16177,3455,True
16178,2996,False
16179,2015,False
16180,2301,False
16181,2755,True
16182,2522,True
16183,2767,False
16184,3705,True
16185,2627,True
16186,1673,True
16187,2870,False
16188,1690,True
16189,3453,False
16190,1789,True
16191,2572,True
16192,2606,False
16193,1666,True
16194,2181,False
16195,1663,False
16196,2089,False
16197,2049,False
16198,3212,False
16199,2600,True
16200,3464,True
16201,3221,False
16202,2371,False
16203,2290,False
16204,1998,False
16205,2169,True
16206,2589,False
16207,2271,False
16208,4241,False
16209,1707,True
16210,1952,True
16211,1568,False
16212,3981,True
16213,1912,True
16214,2419,False
16215,2089,True
16216,2065,True
16217,3274,True
16218,1763,True
16219,1791,False
16220,2807,False
16221,2309,False
16222,2472,False
16223,2641,False
16224,4260,False
16225,3383,True
16226,1912,True
16227,2608,True
16228,2056,False
16229,1737,False
16230,1870,True
16231,2016,False
16232,1983,False
16233,2565,True
16234,2384,True
16235,3566,False
16236,2448,False
16237,2182,False
16238,2888,False
16239,2178,False
16240,2319,True
16241,2139,True
16242,2191,True
16243,2902,True
16244,2148,False
16245,2918,False
16246,2478,True
16247,1944,False
16248,2018,True
16249,2955,True
16250,2764,True
16251,3841,False
16252,3093,False
16253,1670,False
16254,2384,True
16255,2900,True
16256,2493,True
16257,2013,False
16258,2884,False
16259,2027,False
16260,2969,False
16261,1865,False
16262,2422,False
16263,3155,False
16264,3137,True
16265,1410,True
16266,2193,False
16267,1967,False
16268,2984,True
16269,2229,True
16270,2432,False
16271,3277,False
16272,2441,True
16273,2214,False
16274,2453,False
16275,1737,True
16276,2093,True
16277,2065,False
16278,2015,False
16279,2548,False
16280,2565,False
16281,2495,True
16282,1069,False
16283,2893,True
16284,2283,False
16285,2779,True
16286,2476,False
16287,3073,True
16288,1809,False
16289,3654,False
16290,3895,True
16291,2399,True
16292,2007,False
16293,2807,False
16294,2978,True
16295,2163,True
16296,2184,False
16297,4132,True
16298,2470,True
16299,2076,False
16300,1381,True
16301,1526,False
16302,2594,True
16303,2367,False
16304,2176,False
16305,2262,True
16306,2940,False
16307,2259,True
16308,2549,False
16309,3573,True
16310,3393,True
16311,2185,False
16312,2732,True
16313,1943,True
16314,2809,False
16315,2779,True
16316,1941,False
16317,1881,True
16318,2997,True
16319,2121,True
16320,4662,False
16321,2345,True
16322,1316,True
16323,2856,False
16324,2055,False
16325,2451,True
16326,3092,False
16327,2339,False
16328,3505,True
16329,2264,True
16330,1984,False
16331,2768,False
16332,2306,False
16333,1970,True
16334,1839,False
16335,2000,True
16336,3197,False
16337,2569,False
16338,1539,False
16339,2390,False
16340,1997,False
16341,4095,True
16342,2596,True
16343,2341,False
16344,1914,False
16345,1354,True
16346,2004,True
16347,1050,True
16348,2167,False
16349,3048,True
16350,2718,False
16351,2070,False
16352,2073,True
16353,2645,True
16354,1992,True
16355,3024,True
16356,2388,True
16357,3050,False
16358,2467,True
16359,2674,False
16360,1741,True
16361,2697,False
16362,2621,False
16363,2075,False
16364,3143,False
16365,2639,False
16366,2034,True
16367,1090,True
16368,1863,True
16369,2751,False
16370,2468,False
16371,1997,True
16372,2589,True
16373,2431,False
16374,1995,True
16375,2469,False
16376,2048,True
16377,2455,False
16378,1235,True
16379,2862,True
16380,2038,True
16381,3377,False
16382,2850,False
16383,2151,False
16384,3508,False
16385,3192,False
16386,3951,False
16387,2339,True
16388,2173,True
16389,2698,True
16390,3306,True
16391,3245,True
16392,2870,False
16393,1839,True
16394,2778,False
16395,1979,True
16396,3201,True
16397,2175,True
16398,3198,False
16399,1606,False
16400,1995,True
16401,2904,False
16402,2006,False
16403,1935,True
16404,2503,False
16405,1976,True
16406,4354,False
16407,2427,True
16408,2172,True
16409,2294,True
16410,2914,True
16411,1223,False
16412,938,False
16413,1853,True
16414,3021,False
16415,1941,True
16416,2015,True
16417,1810,True
16418,2209,False
16419,2598,False
16420,2548,True
16421,3142,False
16422,2656,False
16423,2056,False
16424,1986,False
16425,2919,False
16426,3441,True
16427,2811,False
16428,1959,True
16429,2575,True
16430,2260,True
16431,2321,False
16432,2728,True
16433,2620,True
16434,2223,True
16435,2924,True
16436,1942,False
16437,1951,True
16438,2033,False
16439,3211,True
16440,3221,False
16441,1864,False
16442,2217,True
16443,2254,True
16444,2994,False
16445,2006,False
16446,2469,True
16447,1854,True
16448,2452,False
16449,2547,True
16450,2006,False
16451,1839,True
16452,2783,False
16453,2319,False
16454,2389,False
16455,1900,True
16456,3600,True
16457,3787,True
16458,3572,False
16459,3075,True
16460,4011,True
16461,3398,False
16462,3340,True
16463,2141,False
16464,1706,True
16465,1505,False
16466,2884,False
16467,2316,True
16468,2070,False
16469,2368,False
16470,3029,False
16471,3650,False
16472,2550,True
16473,2689,False
16474,3446,False
16475,2555,False
16476,2220,False
16477,2548,True
16478,1987,True
16479,2208,True
16480,3161,True
16481,2373,True
16482,2573,False
16483,3749,True
16484,2564,False
16485,2334,True
16486,1529,True
16487,2542,False
16488,3065,False
16489,2121,True
16490,4044,False
16491,2542,True
16492,2576,True
16493,1084,True
16494,2423,True
16495,2686,True
16496,2726,True
16497,1468,True
16498,2015,True
16499,2348,True
16500,2384,True
16501,2006,False
16502,3234,True
16503,1991,False
16504,1554,False
16505,3559,True
16506,3079,True
16507,2281,True
16508,2994,False
16509,2279,True
16510,1400,True
16511,1643,False
16512,3805,False
16513,1995,False
16514,3467,False
16515,1534,True
16516,3410,False
16517,3087,False
16518,1482,True
16519,2340,True
16520,2264,True
16521,2429,False
16522,1756,True
16523,2273,False
16524,2400,False
16525,1704,True
16526,2368,True
16527,2339,True
16528,2589,True
16529,3001,False
16530,1446,True
16531,1830,True
16532,2623,False
16533,2399,True
16534,2158,True
16535,1530,False
16536,2084,False
16537,2508,False
16538,2045,False
16539,2347,True
16540,2638,True
16541,2432,True
16542,1617,False
16543,2227,True
16544,1639,False
16545,2401,False
16546,3532,True
16547,3712,False
16548,1354,True
16549,1731,False
16550,3324,False
16551,1985,True
16552,2435,True
16553,2384,True
16554,2638,True
16555,2469,True
16556,2520,True
16557,2718,False
16558,1536,False
16559,2432,False
16560,2713,False
16561,1196,True
16562,2841,False
16563,2441,False
16564,3453,False
16565,1604,True
16566,1551,True
16567,1736,True
16568,2773,False
16569,2096,False
16570,2595,False
16571,2217,True
16572,2118,False
16573,2574,True
16574,2540,False
16575,2519,False
16576,2062,True
16577,2639,True
16578,2324,True
16579,2682,False
16580,1808,True
16581,2621,False
16582,1573,True
16583,2442,False
16584,2057,False
16585,3459,False
16586,2226,False
16587,2532,False
16588,2214,False
16589,2931,False
16590,2828,False
16591,4135,False
16592,3012,False
16593,2901,False
16594,2239,False
16595,2178,True
16596,2119,True
16597,3258,False
16598,2585,False
16599,2132,True
16600,1593,False
16601,1521,True
16602,2083,True
16603,1173,True
16604,2782,True
16605,2825,True
16606,2360,False
16607,1553,False
16608,2210,False
16609,1937,True
16610,2138,True
16611,3621,False
16612,2065,True
16613,2540,False
16614,2304,False
16615,1986,False
16616,2368,True
16617,2861,False
16618,1545,True
16619,2427,False
16620,4547,False
16621,1986,False
16622,3075,True
16623,1984,False
16624,2280,True
16625,2115,False
16626,1966,True
16627,2356,True
16628,2415,False
16629,2679,True
16630,2068,True
16631,2156,False
16632,2006,False
16633,2072,False
16634,1297,True
16635,2191,True
16636,1857,True
16637,1369,False
16638,2838,False
16639,2584,False
16640,3700,False
16641,1922,False
16642,1447,True
16643,2623,False
16644,3970,True
16645,2875,True
16646,1849,True
16647,2398,False
16648,1448,False
16649,2123,False
16650,3145,True
16651,2261,True
16652,3068,True
16653,1429,True
16654,3698,False
16655,3444,False
16656,2306,True
16657,2328,False
16658,2015,True
16659,1950,True
16660,4670,False
16661,2256,False
16662,2889,True
16663,1935,True
16664,2238,False
16665,1786,False
16666,1970,True
16667,2653,False
16668,2207,False
16669,1919,False
16670,2628,True
16671,2213,False
16672,3242,False
16673,3585,True
16674,2342,True
16675,3079,False
16676,1757,True
16677,2493,True
16678,2112,False
16679,2057,True
16680,2816,True
16681,4144,False
16682,2095,True
16683,2866,True
16684,2966,False
16685,2078,True
16686,2161,True
16687,1823,True
16688,3780,True
16689,3563,True
16690,1857,True
16691,2711,True
16692,2067,False
16693,3565,False
16694,2030,True
16695,1758,False
16696,2526,True
16697,2186,True
16698,2368,False
16699,2157,False
16700,2572,False
16701,1966,True
16702,2996,True
16703,2370,True
16704,2239,True
16705,2174,True
16706,1620,True
16707,2037,False
16708,3062,False
16709,1775,False
16710,2407,True
16711,2000,True
16712,2134,True
16713,3376,False
16714,2009,True
16715,3003,True
16716,3283,True
16717,3633,True
16718,2673,False
16719,1943,True
16720,1781,True
16721,3812,False
16722,2165,False
16723,2183,False
16724,3480,False
16725,2832,True
16726,2778,True
16727,1728,True
16728,2749,False
16729,2674,True
16730,1992,True
16731,1630,True
16732,2913,False
16733,3083,False
16734,2006,True
16735,3090,False
16736,3084,False
16737,3240,True
16738,2641,True
16739,4108,False
16740,2153,False
16741,1700,True
16742,2492,False
16743,2443,True
16744,3602,False
16745,3145,False
16746,2207,False
16747,1924,False
16748,1840,True
16749,1788,False
16750,2266,False
16751,2157,False
16752,3824,True
16753,1513,True
16754,1756,False
16755,2403,False
16756,1726,True
16757,1998,False
16758,3449,True
16759,2178,True
16760,2128,False
16761,2918,True
16762,2487,True
16763,1744,True
16764,1512,False
16765,2334,True
16766,2671,False
16767,2124,True
16768,3533,True
16769,3093,False
16770,2285,True
16771,2356,False
16772,2546,False
16773,2063,False
16774,2537,True
16775,1464,False
16776,2458,True
16777,3407,True
16778,1929,False
16779,3004,False
16780,2112,True
16781,2846,False
16782,1979,False
16783,2712,True
16784,2289,True
16785,2431,True
16786,2441,False
16787,2388,False
16788,2667,False
16789,1529,True
16790,2657,True
16791,2689,False
16792,1822,True
16793,3032,True
16794,2167,True
16795,2092,True
16796,2353,False
16797,2948,True
16798,3111,True
16799,1438,True
16800,2238,True
16801,2048,True
16802,2541,False
16803,2368,True
16804,2880,False
16805,3537,False
16806,2032,False
16807,2617,True
16808,2747,True
16809,2279,False
16810,2676,False
16811,2754,True
16812,1910,True
16813,2560,False
16814,2061,True
16815,3166,True
16816,2609,True
16817,1978,False
16818,2369,True
16819,2611,False
16820,3081,False
16821,1923,True
16822,1865,True
16823,2013,True
16824,2197,False
16825,2512,True
16826,2062,False
16827,1699,True
16828,1734,True
16829,2363,True
16830,1906,True
16831,3028,True
16832,2072,True
16833,920,True
16834,2592,False
16835,3825,False
16836,2675,True
16837,3199,True
16838,1461,False
16839,1783,False
16840,1681,True
16841,2846,False
16842,4058,False
16843,2168,False
16844,2746,False
16845,2327,True
16846,2889,True
16847,3146,False
16848,2842,False
16849,1390,False
16850,2497,False
16851,2022,False
16852,1893,True
16853,1738,False
16854,2643,True
16855,2880,False
16856,2602,False
16857,2941,False
16858,3114,True
16859,1667,False
16860,3642,True
16861,1638,False
16862,2880,True
16863,2148,False
16864,3114,True
16865,2286,True
16866,2115,True
16867,2172,False
16868,2684,True
16869,2552,True
16870,2392,False
16871,2304,True
16872,3713,False
16873,3825,False
16874,2169,False
16875,2541,False
16876,2011,False
16877,2234,True
16878,1671,True
16879,2919,True
16880,1511,True
16881,3358,True
16882,2037,False
16883,3139,True
16884,1556,True
16885,3693,False
16886,2631,True
16887,2109,False
16888,2127,False
16889,1631,False
16890,2262,True
16891,2742,True
16892,1907,False
16893,1704,True
16894,1772,True
16895,2894,False
16896,2962,True
16897,2837,False
16898,1962,True
16899,1724,False
16900,2283,False
16901,2043,False
16902,2216,False
16903,2680,False
16904,2037,False
16905,2234,True
16906,2085,True
16907,1383,True
16908,1846,True
16909,3074,True
16910,1738,True
16911,2610,True
16912,1825,True
16913,3209,False
16914,2988,False
16915,1317,True
16916,2372,True
16917,2687,False
16918,2288,False
16919,3280,False
16920,1897,False
16921,2316,False
16922,1784,True
16923,3317,False
16924,2894,True
16925,1591,True
16926,2318,True
16927,1685,True
16928,2583,False
16929,2885,True
16930,2155,True
16931,2053,True
16932,2470,True
16933,3172,False
16934,1789,False
16935,2496,True
16936,4496,False
16937,2182,False
16938,1540,False
16939,2781,False
16940,2699,False
16941,2325,False
16942,2567,True
16943,1900,True
16944,2350,True
16945,2603,False
16946,1368,True
16947,1923,False
16948,3205,False
16949,2699,False
16950,2926,False
16951,2594,False
16952,2745,True
16953,1315,False
16954,3599,True
16955,2285,True
16956,2665,False
16957,3229,False
16958,3462,True
16959,2239,True
16960,1456,False
16961,1591,True
16962,2034,False
16963,2273,True
16964,2601,True
16965,2250,False
16966,3416,True
16967,3691,False
16968,3037,True
16969,1651,True
16970,2575,True
16971,2906,True
16972,2688,False
16973,2091,True
16974,2886,True
16975,2636,True
16976,2785,True
16977,3348,True
16978,2565,True
16979,1744,False
16980,2008,False
16981,2121,False
16982,2157,False
16983,1743,False
16984,1908,True
16985,2394,False
16986,2643,False
16987,2528,False
16988,2427,True
16989,2322,True
16990,1705,False
16991,3146,False
16992,1761,True
16993,1561,False
16994,2264,False
16995,1868,True
16996,1688,True
16997,2874,True
16998,2038,True
16999,2393,False
17000,2759,False
17001,1519,True
17002,2491,True
17003,2440,True
17004,2221,False
17005,1972,True
17006,1868,False
17007,2842,True
17008,2521,False
17009,1719,False
17010,2312,False
17011,2756,True
17012,2199,True
17013,2013,False
17014,1846,True
17015,2101,True
17016,2476,False
17017,2635,False
17018,2301,False
17019,3221,True
17020,3185,False
17021,3031,True
17022,2579,False
17023,2829,False
17024,2732,True
17025,3061,False
17026,2328,False
17027,2175,True
17028,2700,False
17029,2845,True
17030,2100,False
17031,1758,False
17032,2689,False
17033,3316,True
17034,2503,False
17035,2441,True
17036,1548,False
17037,1685,False
17038,1882,True
17039,3118,False
17040,2084,True
17041,2553,False
17042,2334,False
17043,3569,False
17044,2220,False
17045,2570,False
17046,1945,True
17047,2445,False
17048,1781,True
17049,1650,True
17050,2688,False
17051,1562,False
17052,3237,True
17053,2205,True
17054,2222,False
17055,1402,True
17056,2422,True
17057,1718,True
17058,2043,True
17059,2172,False
17060,2577,False
17061,2171,False
17062,1920,False
17063,2603,False
17064,1666,True
17065,1384,True
17066,4072,True
17067,2675,True
17068,2095,True
17069,4497,False
17070,1955,False
17071,2122,True
17072,2369,True
17073,1883,False
17074,2618,True
17075,3302,False
17076,1477,False
17077,2345,False
17078,1562,True
17079,1991,False
17080,2686,False
17081,2213,False
17082,2633,True
17083,2725,False
17084,2694,False
17085,2374,True
17086,2217,False
17087,2672,True
17088,2759,False
17089,2923,False
17090,2858,False
17091,2559,True
17092,2444,True
17093,2787,False
17094,2478,False
17095,1814,True
17096,1825,True
17097,1516,True
17098,2386,False
17099,3129,True
17100,4543,True
17101,2863,True
17102,2315,False
17103,3106,False
17104,3280,False
17105,3261,False
17106,2414,False
17107,2707,False
17108,1924,True
17109,3115,False
17110,3573,True
17111,2634,True
17112,1209,True
17113,1737,True
17114,2773,False
17115,1943,True
17116,3766,True
17117,3112,False
17118,2093,False
17119,1721,False
17120,1424,True
17121,4825,False
17122,1990,True
17123,2945,True
17124,2141,True
17125,1985,False
17126,1575,True
17127,2367,False
17128,3163,False
17129,2501,False
17130,2445,True
17131,2454,True
17132,2129,False
17133,1725,True
17134,3748,True
17135,3239,False
17136,3178,False
17137,3016,True
17138,3247,True
17139,1990,True
17140,2442,False
17141,2404,True
17142,2299,True
17143,2037,True
17144,2672,False
17145,2785,True
17146,818,True
17147,1748,True
17148,2327,False
17149,1546,True
17150,2094,True
17151,3054,False
17152,2361,True
17153,3390,True
17154,3111,True
17155,3839,True
17156,2650,False
17157,2305,True
17158,1808,True
17159,1980,False
17160,4097,True
17161,2448,False
17162,1867,False
17163,1330,True
17164,1941,False
17165,2488,True
17166,1944,False
17167,2621,True
17168,1832,False
17169,1626,True
17170,1952,True
17171,2992,True
17172,2476,True
17173,3193,False
17174,2695,False
17175,2587,True
17176,1938,False
17177,3022,True
17178,2049,True
17179,2832,False
17180,2187,True
17181,2023,False
17182,4118,True
17183,1944,False
17184,2308,True
17185,1964,True
17186,3163,True
17187,2369,True
17188,2002,True
17189,2793,False
17190,2672,False
17191,2209,False
17192,2727,False
17193,2876,False
17194,2054,False
17195,2271,False
17196,2996,False
17197,2164,False
17198,1752,True
17199,2203,False
17200,3261,True
17201,2914,True
17202,2696,True
17203,2417,False
17204,1616,False
17205,1681,False
17206,2743,False
17207,1941,False
17208,4545,False
17209,3316,True
17210,1417,True
17211,2932,False
17212,2028,False
17213,2106,True
17214,2304,False
17215,1536,True
17216,2603,True
17217,3589,False
17218,2279,False
17219,2314,False
17220,2416,False
17221,2966,False
17222,2861,False
17223,3229,False
17224,1847,True
17225,3795,True
17226,1964,False
17227,2564,True
17228,2774,False
17229,2269,True
17230,2366,False
17231,2798,False
17232,1843,False
17233,2951,True
17234,1732,False
17235,2402,False
17236,3133,True
17237,2140,False
17238,2706,True
17239,3243,False
17240,2510,True
17241,2171,True
17242,2574,False
17243,3595,True
17244,3495,True
17245,2159,True
17246,1378,True
17247,1818,False
17248,2961,True
17249,3128,False
17250,2770,True
17251,2204,False
17252,1944,True
17253,3033,False
17254,2243,False
17255,2522,True
17256,2969,True
17257,2513,False
17258,2517,False
17259,2148,True
17260,2710,False
17261,2625,True
17262,3285,True
17263,2447,True
17264,1973,False
17265,3097,False
17266,1646,True
17267,2800,True
17268,2244,False
17269,3077,False
17270,2188,True
17271,2348,False
17272,2555,True
17273,2043,True
17274,1981,True
17275,1966,False
17276,3116,False
17277,2791,False
17278,2627,False
17279,2126,False
17280,2145,True
17281,2482,True
17282,2959,True
17283,2081,True
17284,1910,True
17285,3808,True
17286,2861,False
17287,1464,False
17288,1261,True
17289,2144,False
17290,2202,False
17291,2316,False
17292,2814,False
17293,2719,False
17294,2061,False
17295,3207,False
17296,1370,True
17297,2169,True
17298,1964,True
17299,1972,False
17300,2431,True
17301,2423,True
17302,2137,True
17303,2522,True
17304,2045,True
17305,2858,False
17306,3660,False
17307,1577,False
17308,2546,True
17309,1327,False
17310,2756,False
17311,2663,True
17312,1624,True
17313,1631,False
17314,2374,True
17315,2500,False
17316,1805,True
17317,2157,False
17318,1299,True
17319,2991,False
17320,1827,True
17321,684,True
17322,2657,True
17323,2154,False
17324,1996,True
17325,2219,False
17326,1756,True
17327,2879,True
17328,2479,True
17329,2082,True
17330,2508,True
17331,2039,False
17332,2611,False
17333,3267,False
17334,2617,True
17335,2393,True
17336,2023,True
17337,2056,False
17338,1890,False
17339,3050,True
17340,3311,True
17341,3277,False
17342,3078,True
17343,1652,False
17344,2658,False
17345,2466,True
17346,1933,True
17347,3551,False
17348,3352,True
17349,3234,False
17350,2117,False
17351,1980,True
17352,1584,False
17353,2746,False
17354,3278,False
17355,2508,False
17356,3176,True
17357,2447,False
17358,2390,True
17359,1928,True
17360,3766,False
17361,3062,False
17362,4765,False
17363,2499,True
17364,1884,True
17365,2271,False
17366,2213,False
17367,2923,False
17368,2373,True
17369,2029,False
17370,1872,False
17371,2600,False
17372,1533,True
17373,2915,True
17374,2320,True
17375,2688,False
17376,2080,False
17377,3966,True
17378,2677,True
17379,2894,True
17380,2979,False
17381,2820,True
17382,3152,False
17383,2445,False
17384,2979,True
17385,1684,True
17386,1622,False
17387,2612,False
17388,3006,True
17389,2075,True
17390,2411,True
17391,1286,True
17392,1768,True
17393,2858,True
17394,2150,True
17395,2180,True
17396,2075,True
17397,2677,False
17398,2684,False
17399,1799,True
17400,2876,True
17401,1621,True
17402,1880,False
17403,1490,True
17404,2175,True
17405,2000,False
17406,1926,True
17407,3604,True
17408,2120,True
17409,2682,True
17410,2875,False
17411,2136,False
17412,2896,True
17413,2920,True
17414,2354,False
17415,1642,False
17416,2425,True
17417,2877,False
17418,3392,True
17419,2765,False
17420,2735,False
17421,3719,False
17422,2171,True
17423,2261,True
17424,2420,False
17425,3061,False
17426,2762,False
17427,2081,True
17428,2570,False
17429,2669,True
17430,2957,True
17431,1091,True
17432,2568,False
17433,2754,True
17434,1873,True
17435,2337,False
17436,2834,True
17437,1716,True
17438,1580,True
17439,2157,True
17440,2008,True
17441,1931,True
17442,2024,True
17443,1070,True
17444,2966,True
17445,2591,False
17446,2534,True
17447,2879,True
17448,3438,False
17449,1685,True
17450,2431,True
17451,2346,True
17452,2197,False
17453,2437,True
17454,2181,True
17455,1949,True
17456,2567,False
17457,2108,False
17458,2592,False
17459,4009,True
17460,5039,True
17461,2189,True
17462,2376,False
17463,2278,False
17464,2855,True
17465,1934,True
17466,1946,False
17467,1989,False
17468,2487,True
17469,3349,False
17470,2045,True
17471,1728,False
17472,2180,False
17473,1675,True
17474,2903,False
17475,3111,True
17476,1955,True
17477,1937,False
17478,2991,False
17479,2761,True
17480,1727,True
17481,2230,True
17482,2429,False
17483,3052,False
17484,2482,True
17485,3107,False
17486,2810,True
17487,2733,True
17488,1929,True
17489,2772,True
17490,2356,False
17491,3293,True
17492,1988,True
17493,1782,True
17494,2126,False
17495,2702,True
17496,3210,False
17497,2131,False
17498,2690,False
17499,1619,False
17500,1459,True
17501,2240,False
17502,2295,False
17503,2907,True
17504,1877,True
17505,2152,True
17506,2914,False
17507,2943,False
17508,3443,True
17509,1869,True
17510,2313,False
17511,3086,False
17512,1608,True
17513,1249,True
17514,2752,False
17515,2160,False
17516,2174,False
17517,2208,True
17518,2897,True
17519,3188,True
17520,2557,False
17521,3376,False
17522,3259,False
17523,2071,False
17524,2054,True
17525,2569,True
17526,3070,True
17527,4590,True
17528,2726,True
17529,2821,True
17530,2422,True
17531,1877,True
17532,2144,False
17533,1591,True
17534,2246,False
17535,1291,False
17536,3459,True
17537,2469,True
17538,1838,False
17539,2613,False
17540,1740,True
17541,2525,False
17542,2185,False
17543,3038,False
17544,1843,True
17545,2769,True
17546,2882,False
17547,1702,True
17548,2000,True
17549,1984,False
17550,2978,True
17551,3478,False
17552,2731,True
17553,3682,False
17554,2372,True
17555,1868,True
17556,2555,True
17557,2519,True
17558,2140,True
17559,3037,False
17560,2937,False
17561,1404,True
17562,2008,False
17563,3443,True
17564,2826,False
17565,1847,True
17566,2085,False
17567,2016,True
17568,2403,True
17569,2476,False
17570,3407,True
17571,1940,True
17572,1765,False
17573,3103,True
17574,3088,True
17575,2932,True
17576,2154,True
17577,2199,True
17578,2008,False
17579,2219,False
17580,2398,True
17581,2718,True
17582,2334,True
17583,2173,True
17584,1715,True
17585,3722,True
17586,2686,False
17587,1954,True
17588,3412,True
17589,3004,True
17590,2078,False
17591,4469,True
17592,2500,False
17593,3380,False
17594,2895,True
17595,3688,True
17596,777,False
17597,2359,False
17598,1995,False
17599,2243,False
17600,1778,False
17601,3201,True
17602,2310,True
17603,2810,True
17604,2715,False
17605,2353,False
17606,2576,True
17607,2395,True
17608,2282,False
17609,2019,False
17610,2344,True
17611,3608,True
17612,2711,True
17613,2708,False
17614,2346,True
17615,2699,False
17616,1777,True
17617,2696,True
17618,2734,False
17619,2619,False
17620,2681,False
17621,2189,False
17622,2276,False
17623,1687,False
17624,2461,True
17625,2095,True
17626,1892,True
17627,3336,True
17628,3499,False
17629,2317,True
17630,3667,True
17631,1870,False
17632,1968,True
17633,2612,False
17634,2240,True
17635,2583,False
17636,1858,True
17637,2071,False
17638,2893,False
17639,2392,False
17640,1779,False
17641,1990,False
17642,1938,True
17643,2684,True
17644,2973,False
17645,3339,False
17646,2166,False
17647,3103,True
17648,2761,False
17649,2573,True
17650,2980,True
17651,4488,True
17652,2670,False
17653,1877,False
17654,2650,False
17655,2570,True
17656,3114,False
17657,1908,True
17658,2050,True
17659,2055,False
17660,2620,True
17661,2188,False
17662,3024,False
17663,2888,False
17664,2038,False
17665,1993,True
17666,3278,False
17667,2777,True
17668,1679,False
17669,3209,True
17670,1888,False
17671,2003,True
17672,2689,True
17673,2504,False
17674,1864,True
17675,2385,False
17676,3413,False
17677,3125,False
17678,2166,False
17679,3304,False
17680,2225,False
17681,2927,False
17682,3733,True
17683,1923,True
17684,2211,False
17685,1237,True
17686,3321,True
17687,1942,True
17688,2553,False
17689,2886,False
17690,3394,True
17691,2446,False
17692,640,True
17693,2004,False
17694,2203,True
17695,2756,True
17696,2145,False
17697,1760,True
17698,2534,False
17699,2211,True
17700,2952,True
17701,1734,False
17702,2379,False
17703,2554,True
17704,2114,False
17705,1708,False
17706,2402,True
17707,2360,False
17708,2768,True
17709,4353,True
17710,2580,True
17711,2987,True
17712,2250,True
17713,3295,False
17714,2620,True
17715,2374,False
17716,3329,True
17717,2847,False
17718,2320,False
17719,2536,False
17720,3006,False
17721,2196,True
17722,2268,False
17723,2735,True
17724,2368,False
17725,2034,True
17726,1958,False
17727,2842,True
17728,1984,False
17729,1948,True
17730,1986,False
17731,1917,False
17732,4118,False
17733,3104,False
17734,1405,False
17735,2067,False
17736,2914,True
17737,2430,True
17738,2258,False
17739,2642,False
17740,3350,True
17741,1939,False
17742,2606,False
17743,3079,True
17744,1776,False
17745,2131,True
17746,3114,False
17747,2462,False
17748,3033,False
17749,2137,True
17750,2596,True
17751,1923,True
17752,2677,False
17753,2639,False
17754,1719,True
17755,4172,False
17756,2288,True
17757,2236,True
17758,2001,True
17759,3099,False
17760,2654,False
17761,1787,True
17762,2254,True
17763,2621,True
17764,1791,True
17765,2900,True
17766,1838,True
17767,2963,False
17768,2516,False
17769,1994,False
17770,2140,True
17771,2213,True
17772,2814,False
17773,2679,True
17774,2158,True
17775,2305,True
17776,2640,True
17777,4230,False
17778,2267,False
17779,520,True
17780,2833,True
17781,3271,True
17782,2120,True
17783,1718,True
17784,1633,True
17785,2369,True
17786,2978,True
17787,2934,True
17788,2083,False
17789,3244,True
17790,2056,True
17791,1962,True
17792,1622,False
17793,1938,False
17794,1806,True
17795,2113,True
17796,2199,True
17797,2183,False
17798,2370,False
17799,2301,False
17800,2915,False
17801,2567,False
17802,2397,False
17803,3018,True
17804,2810,True
17805,1828,False
17806,2144,False
17807,2118,False
17808,3927,False
17809,3141,False
17810,2397,True
17811,2210,False
17812,2386,True
17813,2311,False
17814,2268,True
17815,1259,True
17816,2575,True
17817,1967,True
17818,2877,False
17819,1756,False
17820,2048,False
17821,2268,False
17822,1405,True
17823,2550,True
17824,2542,True
17825,2910,True
17826,1682,False
17827,2923,True
17828,1925,True
17829,2206,False
17830,2204,False
17831,2019,True
17832,2486,True
17833,1668,False
17834,2232,False
17835,2841,False
17836,2247,False
17837,1690,True
17838,2616,False
17839,1772,True
17840,2253,False
17841,2965,False
17842,3611,False
17843,2414,True
17844,2685,True
17845,3264,True
17846,2488,True
17847,2607,True
17848,3297,True
17849,3627,False
17850,2147,True
17851,2605,False
17852,2206,False
17853,2706,False
17854,2876,False
17855,2575,True
17856,3214,True
17857,2451,False
17858,2005,True
17859,2883,False
17860,1787,True
17861,1757,False
17862,3746,True
17863,1842,False
17864,1666,False
17865,3090,False
17866,1431,True
17867,2741,False
17868,2882,False
17869,3660,False
17870,1464,True
17871,1724,True
17872,1469,True
17873,2788,False
17874,2470,True
17875,2984,False
17876,2429,False
17877,2349,True
17878,3028,False
17879,1945,True
17880,3106,True
17881,2325,True
17882,2208,False
17883,2574,False
17884,3227,False
17885,2003,False
17886,2565,True
17887,1957,True
17888,3438,False
17889,1276,False
17890,3300,False
17891,2513,True
17892,2333,True
17893,2098,True
17894,2361,True
17895,1874,True
17896,3064,False
17897,2616,True
17898,3017,True
17899,2101,True
17900,1676,False
17901,2240,False
17902,1962,True
17903,2935,False
17904,2846,True
17905,2406,False
17906,2009,False
17907,3167,False
17908,2149,True
17909,2328,True
17910,1759,True
17911,3001,False
17912,1473,True
17913,2960,True
17914,2666,False
17915,3338,True
17916,2282,False
17917,3414,False
17918,2180,True
17919,1674,True
17920,2628,True
17921,2749,False
17922,2190,False
17923,2845,False
17924,2274,False
17925,1916,False
17926,3197,False
17927,2537,True
17928,1790,True
17929,3187,False
17930,2839,False
17931,2537,True
17932,2677,True
17933,1936,True
17934,2666,True
17935,1860,False
17936,1922,False
17937,2378,True
17938,2765,False
17939,2584,False
17940,2621,True
17941,3205,True
17942,3631,False
17943,2002,False
17944,1573,True
17945,2627,True
17946,2294,True
17947,849,True
17948,2651,False
17949,1928,True
17950,3492,False
17951,1822,True
17952,2784,False
17953,2687,False
17954,2214,True
17955,2074,True
17956,2308,True
17957,1597,False
17958,2755,False
17959,1908,False
17960,2928,True
17961,2887,True
17962,1874,True
17963,2721,False
17964,2710,False
17965,2930,True
17966,1553,True
17967,2306,True
17968,2900,True
17969,2256,False
17970,2429,True
17971,2218,True
17972,2823,False
17973,1924,False
17974,2243,True
17975,2102,False
17976,3018,False
17977,2188,True
17978,3052,False
17979,1977,False
17980,3018,True
17981,2600,False
17982,3082,True
17983,2721,True
17984,2472,False
17985,2364,False
17986,4424,True
17987,1501,True
17988,1723,False
17989,2128,True
17990,2226,True
17991,2023,True
17992,2203,False
17993,3918,False
17994,2228,True
17995,2414,True
17996,1950,False
17997,3209,False
17998,2201,True
17999,2001,True
18000,2422,False
18001,3810,False
18002,3373,True
18003,3868,False
18004,2575,False
18005,3438,False
18006,1793,False
18007,2462,True
18008,2022,True
18009,2357,True
18010,3224,False
18011,2160,True
18012,1689,True
18013,2410,False
18014,2263,False
18015,2840,False
18016,2161,False
18017,2670,False
18018,2584,False
18019,2095,False
18020,3209,False
18021,2284,True
18022,3915,False
18023,2053,False
18024,3155,True
18025,3062,False
18026,2253,True
18027,2279,False
18028,1819,True
18029,1447,True
18030,2094,True
18031,2511,False
18032,1139,True
18033,2415,False
18034,3150,False
18035,1874,False
18036,2132,False
18037,2300,True
18038,1984,False
18039,2805,True
18040,2075,False
18041,2161,True
18042,1981,False
18043,1724,True
18044,2902,False
18045,2266,False
18046,2350,True
18047,2791,True
18048,2085,True
18049,2690,False
18050,2339,True
18051,2402,True
18052,2342,False
18053,860,False
18054,1883,False
18055,2404,True
18056,2416,False
18057,2685,False
18058,2373,False
18059,2448,True
18060,2694,True
18061,2218,True
18062,2842,False
18063,3202,False
18064,3673,False
18065,1523,True
18066,2790,False
18067,1954,True
18068,1579,True
18069,1780,True
18070,2324,False
18071,2438,True
18072,1694,True
18073,2920,False
18074,3024,True
18075,2854,True
18076,2282,False
18077,2483,True
18078,2855,False
18079,1792,True
18080,2579,True
18081,2461,False
18082,2318,False
18083,2979,True
18084,3317,False
18085,2481,False
18086,2148,True
18087,1832,True
18088,2533,False
18089,2582,True
18090,1815,True
18091,2540,False
18092,1848,True
18093,2072,False
18094,2539,True
18095,2799,True
18096,2212,False
18097,2671,False
18098,2061,True
18099,1580,True
18100,2462,True
18101,2341,False
18102,2174,True
18103,2517,True
18104,1731,True
18105,2665,True
18106,1739,True
18107,3197,False
18108,1554,True
18109,2458,True
18110,2210,True
18111,1904,False
18112,2783,False
18113,2577,False
18114,2338,True
18115,1991,True
18116,3323,False
18117,2967,True
18118,1935,False
18119,2322,True
18120,1797,False
18121,1662,True
18122,1718,True
18123,2353,False
18124,2508,True
18125,3174,False
18126,2214,True
18127,2650,True
18128,2412,True
18129,1327,True
18130,2443,True
18131,2270,False
18132,3184,True
18133,3122,False
18134,1485,False
18135,3366,False
18136,1703,True
18137,3052,False
18138,1999,True
18139,1502,True
18140,2824,False
18141,2640,True
18142,1958,False
18143,3201,True
18144,3167,False
18145,2430,True
18146,2959,True
18147,3378,False
18148,3626,False
18149,1867,False
18150,2639,True
18151,2221,False
18152,2332,False
18153,3164,False
18154,2698,False
18155,2296,False
18156,2361,False
18157,2989,False
18158,2392,True
18159,3466,False
18160,2562,True
18161,1826,True
18162,3736,False
18163,2704,False
18164,1560,True
18165,2986,True
18166,2983,True
18167,3272,False
18168,1891,True
18169,2133,False
18170,2646,True
18171,2897,True
18172,3214,True
18173,2140,True
18174,2008,False
18175,2458,False
18176,1391,False
18177,2526,True
18178,1540,False
18179,1899,False
18180,2531,True
18181,1604,False
18182,2071,True
18183,3453,True
18184,1639,True
18185,2386,False
18186,2306,False
18187,3062,False
18188,3418,True
18189,2264,True
18190,1766,False
18191,1950,True
18192,3185,False
18193,1952,True
18194,1289,True
18195,2928,True
18196,2852,False
18197,2810,False
18198,2816,False
18199,1995,False
18200,2650,True
18201,2505,True
18202,2694,True
18203,2746,True
18204,1736,False
18205,1697,True
18206,2084,False
18207,2477,False
18208,3470,True
18209,3088,False
18210,2289,True
18211,2466,False
18212,1926,False
18213,3387,False
18214,3033,True
18215,1741,False
18216,2538,True
18217,3912,False
18218,2175,False
18219,2566,True
18220,2858,True
18221,3712,True
18222,3000,False
18223,2080,False
18224,2730,False
18225,2239,True
18226,2223,True
18227,2464,True
18228,1551,True
18229,2892,True
18230,2028,False
18231,2297,True
18232,2647,True
18233,2616,True
18234,2464,True
18235,3016,False
18236,2498,True
18237,2803,True
18238,2258,True
18239,1695,False
18240,1952,True
18241,1547,False
18242,2062,False
18243,1885,False
18244,2403,True
18245,2666,False
18246,1715,False
18247,2367,True
18248,2191,True
18249,2517,False
18250,2576,True
18251,3129,False
18252,2820,True
18253,2993,False
18254,4036,False
18255,2004,True
18256,1999,True
18257,2358,False
18258,3012,True
18259,3023,False
18260,2084,False
18261,2572,True
18262,1357,True
18263,1490,True
18264,2336,False
18265,2244,False
18266,1967,False
18267,2073,True
18268,3454,False
18269,2177,False
18270,2359,False
18271,2302,True
18272,2052,True
18273,2045,True
18274,2904,True
18275,1955,False
18276,3297,True
18277,2802,True
18278,1559,True
18279,2867,True
18280,1861,True
18281,2587,True
18282,2136,True
18283,3241,True
18284,2431,False
18285,3439,False
18286,2861,False
18287,2626,False
18288,3314,True
18289,3200,False
18290,2199,True
18291,3329,True
18292,1596,True
18293,2556,True
18294,3320,True
18295,2287,True
18296,1202,False
18297,2143,False
18298,1877,False
18299,2926,True
18300,2779,False
18301,2186,False
18302,2615,True
18303,1949,True
18304,2421,False
18305,1153,True
18306,2432,True
18307,2246,True
18308,2523,True
18309,2844,False
18310,1500,False
18311,2033,True
18312,2057,True
18313,2774,False
18314,1703,False
18315,3228,True
18316,2007,True
18317,2369,True
18318,2175,True
18319,1738,False
18320,2033,True
18321,2520,True
18322,3401,True
18323,2872,True
18324,1759,False
18325,1435,True
18326,2794,False
18327,3449,True
18328,2946,True
18329,2228,True
18330,2615,True
18331,2778,True
18332,1407,False
18333,1778,True
18334,2540,False
18335,3137,False
18336,3085,False
18337,1497,True
18338,2313,True
18339,2520,False
18340,2227,False
18341,2025,False
18342,2771,True
18343,2973,True
18344,1907,False
18345,2879,True
18346,2979,True
18347,1470,True
18348,2364,True
18349,3755,True
18350,2411,True
18351,2482,True
18352,2917,True
18353,1641,False
18354,2378,False
18355,1983,False
18356,1825,True
18357,2193,True
18358,1942,False
18359,2300,True
18360,3337,True
18361,2177,True
18362,1848,True
18363,1897,False
18364,1539,True
18365,2224,False
18366,2587,True
18367,2312,False
18368,2664,True
18369,3885,True
18370,1368,True
18371,1991,True
18372,1911,True
18373,1688,False
18374,2460,False
18375,2335,True
18376,2943,False
18377,2166,True
18378,2311,True
18379,2789,False
18380,2756,False
18381,3018,False
18382,2049,False
18383,1156,False
18384,3042,True
18385,3191,False
18386,4172,False
18387,2387,False
18388,2588,False
18389,2636,True
18390,1858,False
18391,2088,False
18392,2591,True
18393,2698,True
18394,2016,True
18395,2154,True
18396,2470,False
18397,2387,False
18398,2536,False
18399,2607,True
18400,2318,False
18401,1537,True
18402,2099,False
18403,2561,True
18404,3003,True
18405,4136,True
18406,4200,False
18407,2350,True
18408,2913,True
18409,2832,False
18410,3606,False
18411,1427,True
18412,2135,True
18413,2470,True
18414,2635,False
18415,1506,True
18416,2328,False
18417,1511,True
18418,2513,False
18419,2338,False
18420,3006,True
18421,1924,True
18422,1872,False
18423,2148,False
18424,1927,True
18425,2874,False
18426,2651,True
18427,1974,False
18428,2222,False
18429,3059,True
18430,3190,False
18431,3157,True
18432,2007,False
18433,2710,False
18434,3609,True
18435,2741,False
18436,1554,True
18437,3087,True
18438,3951,True
18439,2794,True
18440,2441,True
18441,3055,False
18442,2393,True
18443,3431,True
18444,3274,True
18445,3430,False
18446,2410,True
18447,2120,False
18448,4355,False
18449,2736,True
18450,1540,True
18451,2586,False
18452,3406,True
18453,1393,True
18454,3234,False
18455,2144,False
18456,1481,False
18457,2285,False
18458,3050,False
18459,1996,False
18460,3307,True
18461,1791,False
18462,2215,True
18463,2797,True
18464,2413,True
18465,965,False
18466,1899,False
18467,3271,True
18468,2701,False
18469,2055,True
18470,2899,True
18471,1309,False
18472,2342,True
18473,1686,True
18474,3293,False
18475,1732,True
18476,2217,False
18477,3337,False
18478,2421,False
18479,2310,False
18480,1463,True
18481,2782,False
18482,2355,True
18483,2556,True
18484,2664,True
18485,2510,True
18486,2698,False
18487,2883,True
18488,2585,False
18489,3567,False
18490,3038,True
18491,3084,False
18492,2443,False
18493,3246,True
18494,3049,False
18495,3891,True
18496,2077,True
18497,2022,True
18498,3342,False
18499,1725,False
18500,2879,False
18501,4484,False
18502,1484,True
18503,1491,False
18504,2118,True
18505,2755,False
18506,4127,True
18507,2551,False
18508,2380,True
18509,2552,True
18510,420,True
18511,3475,False
18512,2716,True
18513,1970,True
18514,2351,True
18515,2057,True
18516,3667,True
18517,2565,False
18518,485,True
18519,2400,True
18520,3096,False
18521,1792,True
18522,2508,False
18523,2210,True
18524,2976,False
18525,2602,False
18526,1770,False
18527,1957,False
18528,2664,False
18529,2599,True
18530,1481,True
18531,1775,True
18532,3378,False
18533,2495,True
18534,2579,True
18535,2351,False
18536,3129,True
18537,3284,True
18538,2928,False
18539,1694,True
18540,1442,True
18541,2271,False
18542,1716,False
18543,2396,False
18544,2096,False
18545,2272,True
18546,2357,True
18547,3039,True
18548,2070,False
18549,2915,True
18550,3065,True
18551,2162,True
18552,2061,True
18553,1844,False
18554,2710,False
18555,2024,False
18556,3157,False
18557,2369,True
18558,2849,False
18559,3214,False
18560,1984,False
18561,2559,True
18562,2495,False
18563,1941,True
18564,2431,True
18565,2271,True
18566,2391,False
18567,3308,True
18568,2593,False
18569,3437,False
18570,3143,True
18571,2062,True
18572,1999,True
18573,2184,True
18574,1372,False
18575,1292,True
18576,1870,False
18577,1758,True
18578,1767,True
18579,3082,False
18580,2132,True
18581,1899,False
18582,2197,False
18583,3207,False
18584,1894,False
18585,1391,False
18586,2431,True
18587,2084,False
18588,2466,False
18589,2342,True
18590,2826,True
18591,1945,False
18592,2547,True
18593,3399,False
18594,2665,True
18595,2357,True
18596,2596,False
18597,1683,True
18598,4050,True
18599,2399,True
18600,4002,False
18601,2256,False
18602,1665,False
18603,2691,False
18604,2113,True
18605,2601,False
18606,2617,True
18607,2036,True
18608,2583,True
18609,2402,True
18610,2006,True
18611,2691,True
18612,2430,True
18613,2423,True
18614,2047,True
18615,2632,True
18616,3841,True
18617,2262,True
18618,1756,True
18619,2208,False
18620,1795,False
18621,2058,False
18622,1040,True
18623,2532,False
18624,2700,False
18625,2448,False
18626,2966,True
18627,1923,True
18628,2116,False
18629,2223,True
18630,2544,False
18631,1558,False
18632,2402,False
18633,3118,False
18634,3012,False
18635,2096,True
18636,3045,True
18637,2442,True
18638,1718,True
18639,1560,False
18640,1918,False
18641,2054,False
18642,3708,False
18643,2136,False
18644,2547,False
18645,2128,False
18646,3359,False
18647,2542,True
18648,2655,False
18649,2751,False
18650,2890,False
18651,1965,True
18652,2888,False
18653,2803,True
18654,1921,False
18655,2649,False
18656,2781,True
18657,2963,False
18658,2269,False
18659,3466,True
18660,1777,True
18661,2881,False
18662,2516,False
18663,3482,True
18664,3292,False
18665,2865,False
18666,2908,True
18667,1843,True
18668,2418,False
18669,2048,False
18670,2901,False
18671,1750,True
18672,1866,True
18673,2242,True
18674,1995,False
18675,2282,False
18676,1732,False
18677,1292,False
18678,2031,False
18679,1949,False
18680,1575,True
18681,4521,False
18682,1430,False
18683,4054,False
18684,1505,True
18685,2578,True
18686,2116,True
18687,1567,False
18688,1966,False
18689,2964,False
18690,2181,False
18691,2201,True
18692,1790,True
18693,1558,True
18694,3688,True
18695,1972,False
18696,2729,False
18697,2938,False
18698,1764,False
18699,2661,True
18700,2988,False
18701,2485,False
18702,2475,True
18703,4168,False
18704,3003,True
18705,3603,True
18706,2350,False
18707,2227,True
18708,2538,True
18709,2433,False
18710,2879,False
18711,2481,False
18712,3226,True
18713,1682,False
18714,1605,False
18715,2360,False
18716,2418,True
18717,2342,True
18718,2000,False
18719,2206,False
18720,2685,False
18721,3242,False
18722,3085,False
18723,1518,True
18724,3237,False
18725,2462,True
18726,2164,False
18727,3033,True
18728,2569,False
18729,933,True
18730,3593,True
18731,2293,True
18732,2115,False
18733,2792,True
18734,2611,True
18735,1820,False
18736,2192,True
18737,2076,False
18738,2442,False
18739,2518,False
18740,2358,True
18741,1292,True
18742,1846,False
18743,2486,True
18744,2499,True
18745,2554,False
18746,2630,False
18747,2244,False
18748,4084,False
18749,2059,True
18750,2628,True
18751,1942,True
18752,2130,False
18753,2973,False
18754,2005,True
18755,1434,True
18756,2388,True
18757,2110,True
18758,2206,False
18759,2604,False
18760,2619,True
18761,3210,False
18762,2305,False
18763,3653,True
18764,2601,False
18765,2670,False
18766,1894,True
18767,2853,True
18768,1762,True
18769,1732,False
18770,3315,False
18771,2324,False
18772,2843,True
18773,2297,False
18774,3327,True
18775,945,True
18776,3957,True
18777,2383,False
18778,1550,False
18779,2148,False
18780,2230,True
18781,1816,False
18782,2270,True
18783,2178,False
18784,3315,False
18785,2451,False
18786,2021,False
18787,1871,True
18788,2161,True
18789,1385,False
18790,2894,False
18791,1768,False
18792,2390,True
18793,2193,False
18794,2254,True
18795,3374,False
18796,2509,False
18797,2255,True
18798,1629,True
18799,2382,True
18800,2795,False
18801,2455,True
18802,1820,True
18803,2413,False
18804,1892,True
18805,2929,True
18806,2375,True
18807,4498,True
18808,2031,False
18809,2589,False
18810,3093,False
18811,1599,False
18812,2222,False
18813,1942,True
18814,1701,False
18815,3183,False
18816,2531,False
18817,2874,True
18818,2218,False
18819,3983,True
18820,2719,True
18821,2258,False
18822,1666,False
18823,3161,True
18824,3253,True
18825,3215,True
18826,1687,True
18827,2248,True
18828,2940,True
18829,2354,True
18830,1724,False
18831,1851,True
18832,2807,False
18833,3482,False
18834,2182,False
18835,1816,False
18836,1645,False
18837,1942,True
18838,4126,True
18839,2159,True
18840,3384,True
18841,1794,True
18842,2014,False
18843,2482,True
18844,2695,False
18845,2492,False
18846,2362,True
18847,2517,True
18848,1758,True
18849,2835,False
18850,1626,False
18851,1946,True
18852,3761,False
18853,1795,False
18854,2369,True
18855,2022,False
18856,2868,True
18857,1621,False
18858,1884,True
18859,2347,True
18860,3041,True
18861,2855,True
18862,2105,False
18863,2685,False
18864,4208,False
18865,1818,True
18866,2064,False
18867,2376,True
18868,2774,True
18869,3147,True
18870,2122,True
18871,3086,False
18872,1842,True
18873,2077,True
18874,1552,True
18875,2354,False
18876,2268,False
18877,2881,False
18878,2072,True
18879,2451,True
18880,3174,False
18881,3228,False
18882,2042,True
18883,2190,True
18884,2526,True
18885,1716,True
18886,2128,True
18887,2372,False
18888,1279,True
18889,2322,True
18890,2392,False
18891,1854,True
18892,2168,True
18893,3538,False
18894,3298,False
18895,3289,False
18896,2178,False
18897,3027,True
18898,2495,False
18899,2446,True
18900,2248,True
18901,2639,True
18902,3099,True
18903,2392,True
18904,2391,True
18905,2394,True
18906,2661,False
18907,1552,True
18908,2783,False
18909,2093,True
18910,2197,True
18911,2645,True
18912,2278,True
18913,3442,True
18914,2241,False
18915,2764,True
18916,2570,False
18917,3180,True
18918,3536,True
18919,3061,False
18920,2473,False
18921,2083,False
18922,1242,True
18923,3198,False
18924,1962,False
18925,3748,True
18926,3003,False
18927,3367,True
18928,2162,False
18929,2437,False
18930,3723,False
18931,2276,False
18932,3007,False
18933,3177,False
18934,3082,True
18935,2803,True
18936,2755,False
18937,1944,True
18938,1820,False
18939,2690,False
18940,3497,True
18941,2583,True
18942,2523,False
18943,2874,True
18944,1586,False
18945,2961,True
18946,2063,True
18947,3227,False
18948,1871,False
18949,3630,False
18950,1613,True
18951,3579,False
18952,2432,False
18953,2405,True
18954,3320,True
18955,2660,False
18956,2772,True
18957,2752,True
18958,1369,True
18959,1620,False
18960,2292,True
18961,2512,False
18962,2038,False
18963,2593,True
18964,2017,True
18965,2582,False
18966,2136,True
18967,2696,False
18968,2743,True
18969,1985,False
18970,3308,False
18971,2042,True
18972,1579,True
18973,2171,False
18974,3496,False
18975,1544,True
18976,2699,True
18977,2898,False
18978,2032,True
18979,2150,False
18980,1858,False
18981,2604,True
18982,1855,False
18983,2207,False
18984,3061,True
18985,2239,False
18986,2481,False
18987,2814,False
18988,2805,True
18989,2091,False
18990,2971,True
18991,2653,False
18992,2123,False
18993,2545,False
18994,1784,True
18995,3194,True
18996,2441,True
18997,2946,False
18998,2278,False
18999,2397,False
19000,4612,True
19001,2964,True
19002,1724,False
19003,1560,False
19004,2965,False
19005,2005,True
19006,1286,False
19007,3395,True
19008,2269,True
19009,3217,False
19010,2692,True
19011,1450,False
19012,2441,True
19013,2261,False
19014,2832,False
19015,2751,False
19016,2995,False
19017,1799,False
19018,2517,False
19019,2808,True
19020,2597,False
19021,2759,True
19022,2302,True
19023,1861,True
19024,2102,True
19025,1453,False
19026,2521,False
19027,2873,True
19028,2696,False
19029,1648,False
19030,2242,True
19031,2089,False
19032,2534,True
19033,2512,False
19034,2562,False
19035,3599,False
19036,2514,False
19037,2166,True
19038,1279,True
19039,2035,True
19040,2640,False
19041,2040,True
19042,2680,False
19043,1722,True
19044,1819,False
19045,1990,True
19046,2956,False
19047,1842,True
19048,3508,True
19049,2717,True
19050,2650,True
19051,1815,True
19052,2996,True
19053,2085,True
19054,2053,True
19055,2355,False
19056,2579,True
19057,3481,True
19058,2889,True
19059,2247,True
19060,2604,True
19061,1569,False
19062,3403,True
19063,3465,False
19064,2274,False
19065,3445,True
19066,2360,False
19067,2355,False
19068,3150,False
19069,2484,True
19070,2005,True
19071,2379,False
19072,2340,False
19073,2353,False
19074,2296,False
19075,2219,True
19076,2120,False
19077,2749,False
19078,2035,True
19079,2033,False
19080,2297,False
19081,2550,True
19082,1922,False
19083,2086,True
19084,2281,False
19085,1739,True
19086,3240,False
19087,1530,False
19088,2130,False
19089,2073,False
19090,2045,True
19091,2488,True
19092,2956,True
19093,3408,True
19094,2608,False
19095,2763,False
19096,2606,False
19097,2201,True
19098,2771,False
19099,2672,False
19100,2389,False
19101,2939,False
19102,1951,False
19103,2957,False
19104,2911,True
19105,1768,False
19106,2712,True
19107,2454,False
19108,1985,True
19109,2033,True
19110,1583,False
19111,2192,True
19112,2763,True
19113,2608,True
19114,2281,True
19115,1907,False
19116,1413,False
19117,1926,False
19118,1636,True
19119,2364,False
19120,3466,False
19121,2641,True
19122,2390,False
19123,2674,False
19124,1566,True
19125,2073,True
19126,3645,False
19127,1470,True
19128,2466,True
19129,1781,False
19130,3245,True
19131,2359,False
19132,2396,True
19133,5383,False
19134,1721,True
19135,3344,True
19136,1401,True
19137,2592,False
19138,2687,False
19139,2559,True
19140,1854,False
19141,2210,True
19142,2977,False
19143,2486,True
19144,2769,False
19145,2144,True
19146,2901,False
19147,3034,False
19148,2044,True
19149,2037,False
19150,2610,False
19151,2665,False
19152,2294,True
19153,2390,True
19154,951,True
19155,1839,True
19156,2011,True
19157,1911,True
19158,2125,True
19159,2060,False
19160,2696,False
19161,2741,False
19162,2763,False
19163,1779,False
19164,1203,True
19165,1495,True
19166,2293,True
19167,2397,False
19168,2950,False
19169,3024,False
19170,2134,False
19171,1547,False
19172,3294,True
19173,2080,False
19174,2204,True
19175,3087,False
19176,3690,True
19177,3291,True
19178,2472,False
19179,2023,False
19180,2572,False
19181,2905,True
19182,2147,True
19183,1906,True
19184,1905,True
19185,2460,True
19186,2268,False
19187,2684,True
19188,2205,False
19189,2041,True
19190,1319,True
19191,2547,True
19192,2222,True
19193,4198,True
19194,2610,True
19195,2006,False
19196,3000,True
19197,3179,True
19198,1888,True
19199,2372,True
19200,2051,True
19201,2585,True
19202,2752,False
19203,2042,False
19204,2354,False
19205,1432,True
19206,2178,True
19207,2997,True
19208,2420,True
19209,1851,True
19210,2343,False
19211,2251,True
19212,3332,False
19213,2521,True
19214,2626,True
19215,1689,True
19216,2277,False
19217,1925,True
19218,1733,True
19219,2834,True
19220,2007,True
19221,2178,True
19222,1719,True
19223,2466,True
19224,1165,True
19225,2307,False
19226,2488,False
19227,2455,False
19228,2050,False
19229,2533,True
19230,2207,False
19231,3519,True
19232,2630,False
19233,2536,False
19234,2463,False
19235,1799,False
19236,2178,True
19237,2189,True
19238,2751,False
19239,3428,False
19240,2751,False
19241,2006,False
19242,2404,True
19243,2681,True
19244,2325,False
19245,2392,False
19246,3122,True
19247,2037,False
19248,1818,False
19249,1991,False
19250,2480,True
19251,1848,True
19252,2277,True
19253,2775,False
19254,2059,False
19255,1584,True
19256,2907,False
19257,2281,False
19258,1721,False
19259,1989,False
19260,3815,True
19261,3081,False
19262,2308,True
19263,3253,False
19264,2094,True
19265,3188,False
19266,2429,False
19267,2341,True
19268,3064,False
19269,2548,False
19270,2481,False
19271,2919,False
19272,2391,False
19273,3298,False
19274,2730,True
19275,2322,False
19276,1841,False
19277,1490,True
19278,2445,False
19279,3802,False
19280,2601,True
19281,3430,False
19282,1910,True
19283,2539,False
19284,1662,True
19285,2730,False
19286,2479,False
19287,2530,False
19288,3002,True
19289,2398,True
19290,3254,True
19291,3066,False
19292,2102,True
19293,2416,False
19294,2401,True
19295,2174,True
19296,2023,True
19297,2889,False
19298,2360,True
19299,2301,True
19300,2737,False
19301,2567,False
19302,2483,False
19303,2573,False
19304,1812,True
19305,2948,False
19306,1710,True
19307,2664,False
19308,2488,False
19309,2796,True
19310,2071,False
19311,2256,False
19312,2704,True
19313,2373,False
19314,2013,False
19315,2192,False
19316,4574,True
19317,2272,False
19318,1878,True
19319,2414,True
19320,2129,False
19321,1959,True
19322,1997,True
19323,3172,True
19324,2269,True
19325,4132,True
19326,2810,False
19327,3199,True
19328,2620,True
19329,1767,False
19330,1627,False
19331,2515,False
19332,4005,False
19333,2915,True
19334,1770,True
19335,4107,True
19336,2800,False
19337,2003,False
19338,2268,True
19339,2057,True
19340,2512,False
19341,3387,False
19342,2783,False
19343,2609,False
19344,3551,False
19345,2556,False
19346,1941,False
19347,2577,False
19348,3275,True
19349,2164,True
19350,3098,True
19351,2841,False
19352,2211,False
19353,2542,False
19354,3297,False
19355,1851,True
19356,2827,True
19357,1992,True
19358,2484,False
19359,1461,True
19360,2445,True
19361,2538,False
19362,2172,True
19363,3324,True
19364,2156,False
19365,2486,True
19366,1986,False
19367,1914,True
19368,3143,True
19369,2992,True
19370,2378,True
19371,1892,False
19372,2738,False
19373,2074,False
19374,1935,False
19375,3525,True
19376,4706,True
19377,2597,False
19378,1542,True
19379,2701,False
19380,3711,False
19381,2910,True
19382,2770,True
19383,2674,True
19384,2026,True
19385,2782,True
19386,2551,False
19387,2896,False
19388,2050,True
19389,1744,False
19390,2201,True
19391,2449,True
19392,2137,True
19393,3425,True
19394,2604,False
19395,3068,False
19396,1943,False
19397,1995,True
19398,3262,False
19399,2649,True
19400,2883,True
19401,2057,True
19402,2848,True
19403,3264,False
19404,2389,False
19405,2175,False
19406,2055,True
19407,1661,True
19408,1688,True
19409,2995,False
19410,1862,True
19411,2327,False
19412,2001,True
19413,1867,True
19414,3897,False
19415,1737,False
19416,3441,True
19417,2568,True
19418,2656,False
19419,2426,True
19420,2784,False
19421,3395,False
19422,2151,True
19423,1604,True
19424,1748,True
19425,3423,True
19426,2268,False
19427,2416,False
19428,3819,True
19429,1717,True
19430,3996,True
19431,2669,False
19432,1713,False
19433,2465,True
19434,2888,False
19435,2654,True
19436,1781,True
19437,1528,True
19438,1298,True
19439,1663,True
19440,2452,True
19441,2960,False
19442,2545,False
19443,3085,False
19444,1970,False
19445,3020,True
19446,2547,False
19447,2339,False
19448,2205,False
19449,4157,False
19450,3417,True
19451,3124,True
19452,1701,True
19453,2565,False
19454,4058,False
19455,2775,True
19456,2107,False
19457,1828,True
19458,1810,False
19459,2105,True
19460,3812,True
19461,1717,False
19462,2398,False
19463,2111,True
19464,1620,False
19465,2579,False
19466,3341,False
19467,1865,False
19468,1976,False
19469,3373,False
19470,2993,True
19471,2708,False
19472,3094,False
19473,2461,False
19474,3388,False
19475,2514,True
19476,2213,False
19477,2244,True
19478,2245,False
19479,3328,False
19480,2187,True
19481,2427,False
19482,2983,True
19483,2778,False
19484,3184,True
19485,2259,True
19486,2024,False
19487,2980,False
19488,3116,True
19489,1836,False
19490,2422,False
19491,1978,True
19492,3267,False
19493,2840,True
19494,2796,False
19495,1999,True
19496,3463,False
19497,2385,True
19498,4379,True
19499,1830,False
19500,2206,False
19501,2679,True
19502,2914,False
19503,2896,False
19504,2502,False
19505,2646,False
19506,2176,True
19507,2514,False
19508,2411,True
19509,2979,True
19510,2076,False
19511,2481,False
19512,3300,True
19513,1403,False
19514,2494,True
19515,3208,True
19516,1846,False
19517,3235,True
19518,2120,True
19519,2903,True
19520,2070,True
19521,2372,False
19522,2767,True
19523,4031,False
19524,1843,True
19525,1426,True
19526,2819,False
19527,2119,True
19528,2015,True
19529,1709,True
19530,2326,True
19531,2262,True
19532,3290,True
19533,2923,False
19534,3010,False
19535,1858,True
19536,2362,False
19537,3693,True
19538,2902,True
19539,1105,True
19540,4741,True
19541,2316,False
19542,1871,True
19543,1839,True
19544,2400,True
19545,2497,True
19546,3218,True
19547,1749,True
19548,2565,False
19549,1831,False
19550,2409,False
19551,1581,False
19552,2771,False
19553,2860,False
19554,2577,True
19555,2052,True
19556,2090,False
19557,2449,False
19558,1982,False
19559,2148,False
19560,2924,True
19561,3235,False
19562,3556,True
19563,1967,True
19564,1028,False
19565,2662,True
19566,2765,False
19567,2157,False
19568,2239,False
19569,2741,True
19570,2966,True
19571,4210,False
19572,3189,False
19573,2523,True
19574,1995,True
19575,1904,False
19576,2531,True
19577,2935,False
19578,2059,True
19579,1891,False
19580,2246,True
19581,2368,False
19582,2114,True
19583,2026,False
19584,2393,True
19585,2942,True
19586,2606,True
19587,1960,False
19588,2617,False
19589,2400,True
19590,2923,True
19591,2212,True
19592,3419,False
19593,1649,True
19594,2659,True
19595,3000,True
19596,2718,False
19597,3626,False
19598,3238,True
19599,4423,False
19600,1532,True
19601,1742,False
19602,2030,True
19603,1788,True
19604,2331,False
19605,2865,True
19606,2514,True
19607,2270,False
19608,3654,True
19609,2872,True
19610,2944,True
19611,2005,False
19612,2376,True
19613,1701,True
19614,1985,True
19615,2414,False
19616,1149,True
19617,2251,True
19618,1444,True
19619,2065,True
19620,1588,False
19621,2564,True
19622,2990,False
19623,1854,False
19624,2982,False
19625,1861,True
19626,2375,True
19627,2271,True
19628,3308,False
19629,2985,True
19630,2309,False
19631,2491,False
19632,2781,False
19633,2092,True
19634,2221,False
19635,2507,False
19636,2638,False
19637,1963,True
19638,2560,False
19639,2673,True
19640,1946,True
19641,2988,True
19642,2000,True
19643,2114,False
19644,1938,False
19645,1890,False
19646,3174,False
19647,2796,False
19648,2884,True
19649,2505,False
19650,2578,True
19651,2143,True
19652,2474,False
19653,2014,False
19654,2088,False
19655,2559,False
19656,2542,False
19657,2385,False
19658,3606,False
19659,3239,True
19660,1828,True
19661,2397,False
19662,1969,False
19663,3327,False
19664,1623,False
19665,3105,False
19666,1149,True
19667,3165,True
19668,2740,True
19669,2452,False
19670,3507,False
19671,3213,False
19672,2633,False
19673,2306,False
19674,1898,False
19675,2521,True
19676,1865,True
19677,3238,True
19678,2201,True
19679,2884,True
19680,1861,False
19681,3003,False
19682,2860,False
19683,3504,True
19684,1586,True
19685,1844,True
19686,2295,False
19687,3707,False
19688,2182,True
19689,3134,False
19690,2998,True
19691,1585,True
19692,2608,True
19693,1608,True
19694,3205,False
19695,2128,False
19696,1992,False
19697,2848,False
19698,2945,False
19699,2367,True
19700,1842,True
19701,2594,True
19702,2254,False
19703,1539,False
19704,3214,True
19705,2671,True
19706,2385,True
19707,1978,False
19708,411,False
19709,2697,False
19710,1358,False
19711,2250,True
19712,2816,False
19713,2602,True
19714,1938,False
19715,2484,False
19716,3375,False
19717,1874,True
19718,3045,False
19719,1663,True
19720,2781,True
19721,1834,True
19722,3068,True
19723,2081,False
19724,2349,True
19725,1406,False
19726,3235,False
19727,2491,True
19728,2367,False
19729,2883,True
19730,2339,False
19731,1999,False
19732,2105,True
19733,3327,False
19734,3606,False
19735,2277,True
19736,2491,True
19737,1736,True
19738,1983,True
19739,1846,True
19740,3253,False
19741,2441,True
19742,3402,False
19743,3085,True
19744,2099,False
19745,2439,True
19746,2435,True
19747,2361,True
19748,1541,True
19749,2675,True
19750,3333,False
19751,1705,True
19752,2306,False
19753,1636,True
19754,3220,True
19755,2829,False
19756,2187,True
19757,3187,False
19758,2154,True
19759,1762,False
19760,3516,True
19761,1484,True
19762,2271,False
19763,2095,True
19764,1899,True
19765,2305,True
19766,2004,True
19767,1596,True
19768,4663,True
19769,1576,True
19770,2057,False
19771,2242,True
19772,3170,True
19773,2355,True
19774,1721,True
19775,2896,True
19776,1995,False
19777,2837,False
19778,2133,False
19779,2787,True
19780,2831,True
19781,2340,True
19782,3140,False
19783,3241,True
19784,1900,False
19785,3102,True
19786,2927,True
19787,1915,True
19788,3167,True
19789,1732,True
19790,1894,False
19791,2133,True
19792,2863,False
19793,3160,True
19794,3193,True
19795,2084,True
19796,3842,False
19797,1648,True
19798,3301,False
19799,1851,False
19800,3406,True
19801,1719,False
19802,3957,True
19803,1979,True
19804,3096,True
19805,2706,True
19806,2114,False
19807,2659,True
19808,2846,False
19809,2696,True
19810,2845,False
19811,2272,True
19812,2818,True
19813,1915,False
19814,2776,True
19815,2756,False
19816,2405,False
19817,2281,True
19818,2493,True
19819,1394,True
19820,2991,False
19821,2785,True
19822,1735,False
19823,2267,True
19824,2640,False
19825,2946,True
19826,2202,True
19827,1860,False
19828,3158,False
19829,2871,False
19830,2233,True
19831,1540,False
19832,2406,True
19833,1906,False
19834,2506,False
19835,3446,True
19836,1346,False
19837,3862,True
19838,2420,True
19839,1894,True
19840,1827,True
19841,2500,False
19842,2420,False
19843,2813,True
19844,3296,False
19845,3437,False
19846,1633,True
19847,2393,False
19848,1575,True
19849,3007,False
19850,3570,False
19851,1464,True
19852,2602,False
19853,3421,False
19854,2668,False
19855,2253,False
19856,2426,False
19857,2179,True
19858,1717,False
19859,2789,True
19860,2619,True
19861,1874,True
19862,2681,False
19863,2210,False
19864,2444,False
19865,1912,True
19866,2299,True
19867,1700,True
19868,1582,False
19869,2019,False
19870,3853,False
19871,1779,True
19872,2792,False
19873,2381,True
19874,2935,False
19875,1713,True
19876,4156,False
19877,1891,True
19878,2083,True
19879,3871,False
19880,1689,True
19881,1955,True
19882,1492,True
19883,2754,False
19884,2623,False
19885,2415,False
19886,2432,True
19887,2547,False
19888,3008,False
19889,3758,True
19890,3411,False
19891,2288,True
19892,1795,False
19893,1809,True
19894,2586,False
19895,2090,True
19896,2922,True
19897,2376,True
19898,2267,True
19899,2972,False
19900,2974,False
19901,1931,False
19902,2214,True
19903,3536,True
19904,1850,True
19905,1584,True
19906,2955,True
19907,2251,False
19908,2377,True
19909,3027,True
19910,1787,False
19911,3798,False
19912,2666,True
19913,2338,False
19914,1979,True
19915,2764,True
19916,2223,True
19917,2347,True
19918,2367,False
19919,3636,True
19920,1919,True
19921,2518,False
19922,2952,False
19923,3272,False
19924,1974,False
19925,3112,False
19926,2543,False
19927,2554,False
19928,2953,True
19929,3088,True
19930,2741,False
19931,2930,True
19932,3041,True
19933,3242,True
19934,2518,True
19935,1127,True
19936,1639,True
19937,761,False
19938,2540,True
19939,2386,True
19940,2433,False
19941,3223,True
19942,2157,True
19943,2175,True
19944,1742,True
19945,2671,False
19946,2542,False
19947,1790,True
19948,3571,False
19949,1979,True
19950,2147,True
19951,1944,True
19952,2936,False
19953,1614,True
19954,2337,True
19955,2703,False
19956,2016,True
19957,2346,False
19958,2196,True
19959,2251,True
19960,2790,False
19961,2576,True
19962,2002,True
19963,2233,False
19964,2354,True
19965,3037,True
19966,2913,True
19967,2482,False
19968,2492,True
19969,2526,False
19970,2273,False
19971,2438,True
19972,2914,False
19973,3411,True
19974,3174,True
19975,3192,True
19976,2115,True
19977,2401,True
19978,3672,False
19979,2716,True
19980,2701,False
19981,1507,True
19982,1783,False
19983,1954,False
19984,3702,False
19985,2850,False
19986,2567,True
19987,4059,False
19988,2391,False
19989,2398,False
19990,2766,True
19991,2484,True
19992,2441,True
19993,2837,False
19994,2900,True
19995,3918,True
19996,1648,True
19997,3034,False
19998,2474,True
19999,2463,False
20000,2131,False
20001,3447,False
20002,2256,True
20003,2921,False
20004,2475,False
20005,2878,False
20006,1869,True
20007,2358,True
20008,2492,False
20009,2209,False
20010,2137,False
20011,2358,True
20012,2588,False
20013,2460,True
20014,1844,True
20015,1701,True
20016,1634,True
20017,3388,True
20018,2006,False
20019,3360,False
20020,1952,True
20021,2267,True
20022,2983,False
20023,1914,False
20024,2260,False
20025,2834,False
20026,1363,False
20027,2779,True
20028,2401,False
20029,1457,False
20030,2271,False
20031,2440,True
20032,3085,True
20033,3023,False
20034,2495,False
20035,2148,False
20036,2748,False
20037,2112,False
20038,2447,True
20039,2970,True
20040,2388,False
20041,2328,False
20042,2969,False
20043,2411,False
20044,2476,True
20045,2284,False
20046,1962,True
20047,2292,False
20048,3407,True
20049,2552,False
20050,1815,False
20051,2763,True
20052,2600,False
20053,2883,True
20054,1987,True
20055,2908,True
20056,3626,False
20057,3414,True
20058,1588,False
20059,2904,False
20060,2558,True
20061,2225,True
20062,2643,False
20063,3139,True
20064,2848,True
20065,1287,True
20066,2163,True
20067,2625,True
20068,1904,True
20069,3507,False
20070,2301,True
20071,1821,False
20072,2227,True
20073,2600,False
20074,2857,True
20075,2219,True
20076,1666,False
20077,2437,False
20078,3422,True
20079,2336,False
20080,3421,False
20081,2083,True
20082,2035,True
20083,1699,True
20084,1759,False
20085,2434,False
20086,3704,True
20087,2030,False
20088,2606,False
20089,2859,False
20090,3262,False
20091,2507,False
20092,2619,False
20093,2731,True
20094,1885,False
20095,2505,False
20096,2168,True
20097,2178,True
20098,3825,False
20099,3043,False
20100,1935,True
20101,1937,False
20102,2903,False
20103,2821,False
20104,1625,True
20105,1464,True
20106,1555,True
20107,3305,False
20108,2210,True
20109,2225,False
20110,2981,False
20111,3096,False
20112,2746,False
20113,2068,True
20114,3128,False
20115,2915,True
20116,1748,True
20117,2621,True
20118,4191,False
20119,2554,True
20120,1394,True
20121,1696,True
20122,2233,True
20123,3151,False
20124,2753,False
20125,2586,False
20126,3064,False
20127,2205,True
20128,3200,True
20129,2830,True
20130,1918,True
20131,2023,True
20132,3394,False
20133,2028,False
20134,1177,False
20135,2139,False
20136,2218,False
20137,2929,True
20138,3271,True
20139,2497,False
20140,1694,False
20141,2177,True
20142,2723,True
20143,2159,False
20144,1497,True
20145,2590,False
20146,4252,True
20147,3318,False
20148,3658,False
20149,1801,False
20150,1476,True
20151,3190,False
20152,2690,False
20153,2215,False
20154,2706,False
20155,2231,True
20156,2874,False
20157,3358,True
20158,2306,False
20159,2629,False
20160,2197,True
20161,1892,False
20162,2293,True
20163,2902,False
20164,3066,True
20165,1774,True
20166,2091,False
20167,2335,False
20168,4379,False
20169,1474,False
20170,2152,False
20171,1698,True
20172,2104,False
20173,2887,False
20174,2393,False
20175,3409,True
20176,1725,False
20177,1559,True
20178,2729,False
20179,2592,True
20180,2019,False
20181,1950,True
20182,1937,True
20183,2481,False
20184,2535,False
20185,1622,True
20186,2223,True
20187,2710,True
20188,2849,False
20189,2972,False
20190,2067,True
20191,1850,False
20192,1554,True
20193,2935,False
20194,1997,True
20195,2466,True
20196,2006,True
20197,2027,False
20198,2974,True
20199,3219,False
20200,3379,False
20201,3623,True
20202,1400,False
20203,1997,True
20204,1553,True
20205,2043,False
20206,2626,False
20207,2398,True
20208,2130,False
20209,1975,False
20210,2714,False
20211,2204,True
20212,2939,True
20213,2740,False
20214,2362,False
20215,1296,False
20216,2697,True
20217,2745,False
20218,2805,False
20219,2446,False
20220,2799,False
20221,1716,False
20222,2056,True
20223,3015,False
20224,1709,True
20225,3179,False
20226,2836,False
20227,1719,True
20228,1881,True
20229,2609,True
20230,2209,True
20231,2312,False
20232,2583,False
20233,3331,True
20234,2325,True
20235,1831,False
20236,2785,True
20237,3171,True
20238,3030,False
20239,2998,True
20240,1540,False
20241,2813,True
20242,3028,True
20243,1401,True
20244,2199,False
20245,3336,True
20246,1905,False
20247,1677,True
20248,2406,True
20249,1817,False
20250,2875,True
20251,2590,True
20252,2145,True
20253,2682,True
20254,2137,False
20255,3984,False
20256,2933,False
20257,2185,True
20258,1632,False
20259,2711,True
20260,1606,True
20261,2349,False
20262,2019,True
20263,1992,True
20264,3351,True
20265,2618,False
20266,2973,True
20267,2175,False
20268,2620,False
20269,1266,True
20270,1893,False
20271,1902,True
20272,1315,True
20273,4013,True
20274,2862,False
20275,3605,False
20276,3114,False
20277,2396,False
20278,1833,False
20279,1878,True
20280,2835,False
20281,2522,False
20282,2525,True
20283,2180,True
20284,4108,False
20285,2122,False
20286,1910,False
20287,2404,True
20288,2088,True
20289,1966,True
20290,2680,False
20291,1851,False
20292,2261,True
20293,3137,False
20294,3412,True
20295,2136,True
20296,3028,False
20297,1304,True
20298,2603,False
20299,3596,False
20300,2769,False
20301,3861,True
20302,3315,False
20303,2510,False
20304,3007,False
20305,2857,True
20306,2113,False
20307,1740,True
20308,2063,False
20309,3287,False
20310,2262,True
20311,1414,True
20312,2127,True
20313,1681,True
20314,2779,False
20315,2923,True
20316,3568,True
20317,2297,False
20318,2340,True
20319,3138,False
20320,2400,False
20321,3244,True
20322,2463,True
20323,2392,False
20324,2875,True
20325,2928,False
20326,2532,False
20327,1377,False
20328,1482,True
20329,2051,False
20330,4065,True
20331,2528,True
20332,3219,True
20333,1821,True
20334,2433,True
20335,2684,False
20336,2732,False
20337,2968,False
20338,2334,True
20339,2332,True
20340,2189,True
20341,1965,True
20342,4017,True
20343,3126,False
20344,2644,False
20345,1500,True
20346,1566,False
20347,1961,True
20348,2692,True
20349,2563,False
20350,2496,False
20351,2544,True
20352,2096,True
20353,3117,True
20354,2387,True
20355,1340,True
20356,1634,True
20357,1370,False
20358,2623,False
20359,1714,True
20360,1654,False
20361,3002,False
20362,2134,False
20363,2635,True
20364,3164,False
20365,2587,False
20366,2071,True
20367,2094,True
20368,1941,False
20369,3206,False
20370,2742,False
20371,1933,True
20372,2140,False
20373,1938,True
20374,3060,True
20375,1851,False
20376,2032,True
20377,2455,True
20378,3887,True
20379,3189,True
20380,2725,False
20381,2212,False
20382,2046,False
20383,2552,False
20384,2614,True
20385,1819,False
20386,1795,False
20387,2070,False
20388,1719,False
20389,2052,False
20390,2519,True
20391,1624,False
20392,1684,False
20393,2428,False
20394,1016,False
20395,1854,False
20396,1809,True
20397,3358,False
20398,2447,True
20399,1898,False
20400,2183,False
20401,2280,True
20402,3254,True
20403,2873,True
20404,3139,False
20405,1976,False
20406,1771,True
20407,3818,False
20408,4568,False
20409,2259,True
20410,2366,True
20411,2374,True
20412,3300,True
20413,2165,False
20414,3093,True
20415,2176,True
20416,2463,False
20417,2863,True
20418,2012,True
20419,1869,True
20420,2536,False
20421,1934,True
20422,2151,False
20423,1676,True
20424,1946,True
20425,2552,False
20426,2879,True
20427,2415,True
20428,2131,False
20429,1810,True
20430,1730,False
20431,1720,False
20432,3086,False
20433,1735,True
20434,3049,True
20435,2703,True
20436,1749,True
20437,1625,False
20438,1925,False
20439,2968,True
20440,1913,True
20441,2415,True
20442,1924,True
20443,2031,True
20444,2158,True
20445,3123,True
20446,2629,False
20447,1945,False
20448,1258,False
20449,2603,False
20450,3020,False
20451,2742,True
20452,2795,True
20453,1945,True
20454,2791,True
20455,3167,True
20456,2579,True
20457,2757,False
20458,2834,False
20459,2570,False
20460,3318,False
20461,3030,False
20462,1385,False
20463,2510,False
20464,3185,False
20465,2534,True
20466,2630,False
20467,1945,False
20468,2396,False
20469,2032,True
20470,2431,True
20471,2137,False
20472,2212,False
20473,2026,True
20474,3665,False
20475,3633,False
20476,1738,True
20477,3135,True
20478,2513,True
20479,2235,True
20480,2753,True
20481,1527,True
20482,1905,True
20483,3152,False
20484,1764,True
20485,3164,False
20486,2272,False
20487,2363,False
20488,2095,True
20489,3461,False
20490,3574,True
20491,1537,True
20492,2154,False
20493,2736,True
20494,2831,True
20495,2607,True
20496,3984,False
20497,2175,False
20498,3515,False
20499,2071,True
20500,2150,True
20501,2366,True
20502,1269,False
20503,2017,True
20504,2098,False
20505,1773,False
20506,2365,True
20507,2071,False
20508,3419,True
20509,3778,False
20510,3470,False
20511,1806,True
20512,1971,True
20513,2389,False
20514,3021,True
20515,2127,False
20516,2828,True
20517,837,True
20518,2787,False
20519,2413,False
20520,3451,True
20521,2318,True
20522,2161,True
20523,2269,False
20524,2220,False
20525,2258,True
20526,1751,True
20527,1773,False
20528,2157,True
20529,2917,True
20530,2977,True
20531,1767,True
20532,1890,True
20533,1788,True
20534,1695,True
20535,3306,False
20536,2143,True
20537,2102,False
20538,2889,True
20539,1803,False
20540,1908,True
20541,2141,False
20542,2423,False
20543,2902,False
20544,2719,True
20545,2595,False
20546,2610,True
20547,2086,True
20548,2634,False
20549,2569,False
20550,2613,True
20551,1734,True
20552,2486,False
20553,2838,False
20554,1743,True
20555,2584,True
20556,3469,True
20557,3233,True
20558,2268,True
20559,1857,False
20560,2833,True
20561,2425,True
20562,3208,True
20563,2874,True
20564,3020,True
20565,2571,True
20566,2983,False
20567,2372,True
20568,3419,False
20569,2665,True
20570,2433,False
20571,2774,True
20572,3804,True
20573,2513,False
20574,2546,False
20575,2579,False
20576,3006,True
20577,2693,False
20578,2168,False
20579,2806,True
20580,2672,True
20581,2714,False
20582,1857,False
20583,2563,True
20584,2583,True
20585,1318,True
20586,3414,True
20587,3111,False
20588,3123,False
20589,2434,False
20590,2619,True
20591,3449,False
20592,1975,True
20593,2905,False
20594,2706,False
20595,2331,True
20596,1996,False
20597,2287,True
20598,3294,True
20599,4068,False
20600,3267,True
20601,2340,True
20602,2605,True
20603,2784,False
20604,2452,False
20605,3363,True
20606,3533,True
20607,3303,True
20608,2684,False
20609,3192,True
20610,1812,True
20611,1839,True
20612,1976,True
20613,2046,False
20614,2044,False
20615,1890,False
20616,3540,False
20617,2676,False
20618,1849,True
20619,3389,True
20620,2451,False
20621,2253,False
20622,2561,False
20623,2240,False
20624,1725,False
20625,1915,True
20626,2367,True
20627,1626,True
20628,2262,True
20629,1517,True
20630,5097,True
20631,2555,False
20632,1487,True
20633,2173,True
20634,3323,False
20635,2016,True
20636,4172,False
20637,2640,True
20638,2629,False
20639,2371,True
20640,3059,True
20641,2419,False
20642,3843,False
20643,2118,True
20644,1813,True
20645,2146,False
20646,2987,False
20647,1810,False
20648,1612,False
20649,1670,True
20650,795,True
20651,2266,True
20652,1373,True
20653,2174,True
20654,3588,False
20655,2640,True
20656,1353,True
20657,3093,False
20658,2704,True
20659,3341,True
20660,1611,False
20661,2420,False
20662,1954,True
20663,2217,True
20664,2032,True
20665,2679,True
20666,3173,False
20667,2132,False
20668,2721,True
20669,1589,False
20670,1648,True
20671,3211,True
20672,2869,True
20673,1869,True
20674,2329,True
20675,2645,False
20676,1632,False
20677,1782,True
20678,2480,False
20679,2909,False
20680,3000,False
20681,2011,False
20682,2121,False
20683,2276,True
20684,1565,True
20685,3709,True
20686,3446,False
20687,2256,True
20688,3461,False
20689,4324,True
20690,2269,False
20691,3445,False
20692,2001,True
20693,2100,True
20694,1863,True
20695,2009,False
20696,2795,True
20697,2417,True
20698,2113,True
20699,3316,True
20700,2805,False
20701,2360,False
20702,1743,True
20703,1901,True
20704,2455,True
20705,2063,False
20706,2786,True
20707,3461,False
20708,1915,False
20709,2130,True
20710,1725,True
20711,3808,True
20712,2460,True
20713,3202,False
20714,2768,True
20715,3080,False
20716,2335,True
20717,3104,False
20718,2189,False
20719,2132,False
20720,2217,True
20721,2321,False
20722,1782,True
20723,3209,False
20724,2163,True
20725,2012,True
20726,3151,False
20727,2761,False
20728,2211,True
20729,2325,True
20730,2228,False
20731,1365,False
20732,2271,False
20733,2815,False
20734,1817,True
20735,4237,True
20736,1962,True
20737,1991,False
20738,2183,False
20739,1913,False
20740,1644,True
20741,1998,False
20742,2447,False
20743,1516,False
20744,2582,False
20745,1753,True
20746,3165,True
20747,3062,True
20748,2883,True
20749,2516,True
20750,1787,False
20751,1959,False
20752,2485,True
20753,2538,True
20754,1829,True
20755,2437,True
20756,1915,True
20757,2319,True
20758,2650,True
20759,2533,True
20760,2202,False
20761,2021,False
20762,2328,True
20763,2496,True
20764,2058,True
20765,2509,False
20766,1856,False
20767,3558,False
20768,2673,True
20769,1820,False
20770,2761,True
20771,3152,True
20772,2370,False
20773,2659,True
20774,2371,False
20775,2124,False
20776,1759,True
20777,2487,False
20778,3294,False
20779,2234,True
20780,2302,False
20781,1961,False
20782,2519,False
20783,3403,True
20784,2024,True
20785,1771,True
20786,2728,False
20787,1629,True
20788,2206,True
20789,2740,True
20790,2176,False
20791,2557,False
20792,3511,False
20793,3052,True
20794,2118,False
20795,2336,True
20796,1277,False
20797,2893,True
20798,1661,True
20799,2265,False
20800,2896,True
20801,2252,True
20802,3746,True
20803,3011,True
20804,1098,True
20805,1691,False
20806,2927,False
20807,2156,False
20808,2549,True
20809,2700,True
20810,3223,True
20811,2536,False
20812,3019,True
20813,3306,False
20814,2500,False
20815,3717,False
20816,2249,True
20817,1759,True
20818,2848,False
20819,1835,True
20820,2236,False
20821,1471,True
20822,2307,False
20823,1721,True
20824,2226,False
20825,3386,False
20826,2679,False
20827,2611,False
20828,3350,False
20829,2798,False
20830,2047,False
20831,2033,True
20832,1657,True
20833,2569,False
20834,3145,True
20835,2139,True
20836,1826,True
20837,2904,True
20838,3109,True
20839,2439,False
20840,1689,False
20841,2348,True
20842,2474,False
20843,2048,True
20844,2783,True
20845,1576,False
20846,1972,True
20847,1839,False
20848,1314,True
20849,2336,True
20850,1918,True
20851,3681,False
20852,2741,False
20853,2970,True
20854,2470,False
20855,2366,True
20856,2245,False
20857,3007,True
20858,2376,True
20859,2076,True
20860,3203,False
20861,2818,False
20862,4394,True
20863,2108,True
20864,2486,True
20865,1888,True
20866,1798,True
20867,2366,True
20868,2531,True
20869,1319,True
20870,2505,False
20871,2284,False
20872,2451,True
20873,3062,False
20874,2869,False
20875,2845,True
20876,2597,True
20877,2040,False
20878,1905,True
20879,2920,False
20880,3498,False
20881,1918,False
20882,1931,True
20883,2458,True
20884,2748,True
20885,2399,False
20886,2901,True
20887,1676,False
20888,3531,False
20889,3179,True
20890,2037,True
20891,1781,False
20892,2003,False
20893,1523,False
20894,2992,False
20895,2989,True
20896,4508,False
20897,1792,True
20898,3260,True
20899,2623,True
20900,1670,True
20901,3306,True
20902,2521,True
20903,2272,False
20904,3442,True
20905,2127,True
20906,3093,True
20907,1822,True
20908,2684,True
20909,1740,False
20910,2280,True
20911,2745,True
20912,3532,False
20913,1966,True
20914,2644,True
20915,2158,True
20916,2309,False
20917,2603,False
20918,1603,False
20919,2032,True
20920,1978,True
20921,4656,False
20922,2382,True
20923,3668,True
20924,1912,True
20925,3014,False
20926,3150,False
20927,2157,True
20928,1684,False
20929,2036,False
20930,2760,False
20931,1994,False
20932,1981,False
20933,2094,False
20934,2790,True
20935,2695,False
20936,2070,False
20937,3161,False
20938,2813,False
20939,1946,True
20940,2883,True
20941,2158,False
20942,1831,False
20943,3102,False
20944,3834,False
20945,3271,True
20946,3517,True
20947,2896,False
20948,2501,True
20949,3454,True
20950,1871,False
20951,2716,True
20952,2087,True
20953,2937,False
20954,2389,False
20955,2195,True
20956,1891,True
20957,3382,False
20958,2770,False
20959,2193,True
20960,2892,False
20961,1908,False
20962,2685,True
20963,2994,False
20964,2969,True
20965,2699,False
20966,1721,True
20967,2642,False
20968,2392,False
20969,2376,True
20970,1738,False
20971,4048,True
20972,3574,True
20973,2381,False
20974,2227,False
20975,2788,False
20976,2917,True
20977,3094,True
20978,1638,True
20979,2461,False
20980,2695,True
20981,1673,True
20982,3390,True
20983,1994,True
20984,4273,False
20985,2161,False
20986,1953,False
20987,1581,False
20988,1683,False
20989,2890,False
20990,1874,True
20991,2860,True
20992,2173,True
20993,2094,False
20994,3361,True
20995,3103,True
20996,2027,False
20997,1690,True
20998,2614,True
20999,2881,True
21000,2176,True
21001,3488,True
21002,2411,True
21003,2412,True
21004,1166,False
21005,1918,True
21006,2430,False
21007,3107,True
21008,1851,False
21009,3324,True
21010,2122,False
21011,2912,False
21012,1939,True
21013,2188,True
21014,2669,True
21015,2130,True
21016,3443,False
21017,2005,True
21018,2394,True
21019,2003,False
21020,2023,False
21021,2530,True
21022,1983,False
21023,3128,True
21024,1949,True
21025,2814,True
21026,1737,False
21027,2385,False
21028,2591,True
21029,2300,False
21030,1772,True
21031,2947,False
21032,3116,True
21033,3981,False
21034,1932,False
21035,2743,True
21036,2895,True
21037,2041,False
21038,1780,False
21039,1714,True
21040,2987,False
21041,1756,False
21042,3007,False
21043,2884,True
21044,1741,True
21045,2154,True
21046,2852,True
21047,2439,False
21048,2354,False
21049,3258,False
21050,2145,False
21051,3719,False
21052,3417,False
21053,2956,False
21054,2460,False
21055,2432,False
21056,1598,True
21057,2940,False
21058,2535,False
21059,4285,False
21060,2934,False
21061,2380,False
21062,2186,True
21063,2685,True
21064,2749,False
21065,2858,True
21066,3140,False
21067,2988,False
21068,2228,False
21069,2218,True
21070,1845,False
21071,2316,False
21072,2335,False
21073,2318,False
21074,2830,False
21075,3017,False
21076,2209,False
21077,2488,True
21078,2007,False
21079,3465,False
21080,2254,False
21081,3266,True
21082,3014,True
21083,2342,False
21084,3615,False
21085,3092,True
21086,2073,False
21087,1752,False
21088,2189,True
21089,2113,False
21090,2013,True
21091,3487,True
21092,2331,True
21093,2454,False
21094,1922,False
21095,2305,True
21096,3507,True
21097,3460,False
21098,2555,False
21099,1680,False
21100,3153,False
21101,2478,True
21102,1978,False
21103,2858,False
21104,2245,True
21105,2667,False
21106,1898,True
21107,1683,False
21108,2004,False
21109,1313,True
21110,2381,False
21111,3081,False
21112,2905,False
21113,3614,True
21114,3413,False
21115,2162,False
21116,2933,True
21117,2739,False
21118,2579,False
21119,2618,True
21120,1463,True
21121,2027,False
21122,3187,False
21123,2105,False
21124,1993,True
21125,2340,True
21126,2024,False
21127,2917,False
21128,1563,False
21129,2348,False
21130,1060,True
21131,1763,False
21132,2889,False
21133,2233,False
21134,4573,False
21135,2437,True
21136,1669,True
21137,1393,False
21138,2061,False
21139,3217,False
21140,1902,True
21141,2311,True
21142,3694,True
21143,2043,True
21144,2171,True
21145,886,False
21146,2120,True
21147,2603,False
21148,971,True
21149,2798,True
21150,3206,False
21151,4052,True
21152,2409,True
21153,2136,False
21154,1430,False
21155,2438,True
21156,2126,False
21157,3479,False
21158,1419,False
21159,2564,True
21160,3162,True
21161,3381,False
21162,1827,True
21163,1040,True
21164,1930,True
21165,2266,True
21166,3166,True
21167,3625,True
21168,2842,False
21169,718,True
21170,2226,False
21171,1991,True
21172,2940,True
21173,2609,True
21174,2031,False
21175,2600,False
21176,1800,True
21177,1555,False
21178,3001,True
21179,2628,False
21180,2527,False
21181,3048,False
21182,3710,False
21183,3696,False
21184,2690,False
21185,2642,False
21186,1947,False
21187,3792,False
21188,2182,True
21189,1450,True
21190,2451,True
21191,2005,True
21192,3316,True
21193,1985,True
21194,2626,False
21195,2567,False
21196,1851,False
21197,2068,False
21198,3305,True
21199,2418,True
21200,2307,False
21201,2211,False
21202,2725,True
21203,3186,True
21204,1845,True
21205,2009,True
21206,2406,False
21207,2414,True
21208,2214,False
21209,3034,False
21210,1799,False
21211,1562,True
21212,2407,True
21213,891,False
21214,3110,False
21215,2540,True
21216,3997,True
21217,2748,False
21218,2299,False
21219,2603,True
21220,2120,False
21221,1940,False
21222,2513,True
21223,2487,True
21224,2002,True
21225,2141,True
21226,1947,False
21227,2147,False
21228,147,False
21229,1480,True
21230,2659,False
21231,2159,True
21232,1978,True
21233,2403,True
21234,3398,True
21235,3393,False
21236,2662,True
21237,2017,True
21238,1849,False
21239,3408,False
21240,1871,True
21241,1638,False
21242,2964,False
21243,2720,True
21244,2262,False
21245,3252,True
21246,2871,True
21247,1324,False
21248,1834,False
21249,2684,True
21250,3384,True
21251,717,True
21252,1620,True
21253,2426,False
21254,2657,False
21255,2295,True
21256,1633,True
21257,2747,True
21258,2549,True
21259,2516,True
21260,2279,False
21261,1583,True
21262,2105,True
21263,1473,True
21264,1614,False
21265,2036,False
21266,3155,True
21267,2179,True
21268,2545,False
21269,2177,False
21270,2297,False
21271,2191,False
21272,2225,True
21273,3347,True
21274,1470,True
21275,2171,False
21276,3032,False
21277,2568,False
21278,2112,False
21279,2777,False
21280,3322,False
21281,2046,True
21282,2603,True
21283,1245,True
21284,3062,True
21285,2579,False
21286,1649,True
21287,2370,False
21288,2101,True
21289,2572,True
21290,1704,True
21291,3655,False
21292,2990,False
21293,2385,False
21294,2634,False
21295,1963,True
21296,1951,True
21297,2895,True
21298,2062,True
21299,2004,True
21300,1880,True
21301,1832,True
21302,2155,True
21303,2973,True
21304,2344,False
21305,2405,True
21306,2281,False
21307,3111,False
21308,2482,False
21309,2722,True
21310,1818,False
21311,2895,True
21312,2881,False
21313,1693,False
21314,3923,True
21315,2522,False
21316,2820,False
21317,2880,False
21318,2836,False
21319,2474,False
21320,2217,False
21321,3097,False
21322,1811,True
21323,3396,True
21324,2342,True
21325,1655,False
21326,2427,True
21327,2498,False
21328,2252,False
21329,3357,False
21330,2556,True
21331,3571,False
21332,2778,False
21333,2576,True
21334,2366,True
21335,2556,True
21336,1917,False
21337,3211,False
21338,3877,False
21339,2562,True
21340,2896,False
21341,2695,False
21342,2039,False
21343,2509,False
21344,3099,True
21345,3306,False
21346,2844,False
21347,2495,False
21348,3154,False
21349,2643,True
21350,2256,True
21351,1841,True
21352,1930,True
21353,1833,False
21354,3922,False
21355,3239,False
21356,2609,False
21357,2925,True
21358,2816,True
21359,3033,True
21360,1570,True
21361,2532,True
21362,3193,False
21363,2736,False
21364,2104,False
21365,3235,False
21366,2025,True
21367,1338,False
21368,1882,False
21369,2419,False
21370,2123,False
21371,3018,False
21372,3128,False
21373,2277,False
21374,1101,False
21375,2939,False
21376,2397,True
21377,1629,False
21378,1349,False
21379,2892,False
21380,2264,True
21381,1739,False
21382,2143,True
21383,1997,True
21384,2298,True
21385,2264,True
21386,2237,True
21387,2473,False
21388,3811,False
21389,2198,True
21390,2158,False
21391,2561,False
21392,2186,True
21393,2913,False
21394,2507,False
21395,1775,True
21396,3047,True
21397,2531,True
21398,2283,False
21399,2314,True
21400,2944,True
21401,1943,True
21402,2531,False
21403,2144,False
21404,2977,True
21405,3713,False
21406,2337,False
21407,2217,False
21408,813,True
21409,2741,False
21410,2675,False
21411,2056,False
21412,3007,True
21413,2735,True
21414,2248,False
21415,4113,False
21416,3507,True
21417,1959,True
21418,2701,False
21419,3962,False
21420,2525,True
21421,2922,False
21422,2483,False
21423,2996,False
21424,3682,True
21425,4666,True
21426,3675,False
21427,1977,False
21428,2303,True
21429,1549,True
21430,3123,True
21431,2698,False
21432,3881,True
21433,2588,True
21434,3224,True
21435,2217,True
21436,2022,True
21437,2451,True
21438,3721,True
21439,2038,False
21440,2751,False
21441,2321,False
21442,3419,False
21443,3568,True
21444,2739,False
21445,3249,False
21446,1318,True
21447,2363,True
21448,3292,False
21449,2880,False
21450,2808,True
21451,1456,False
21452,2688,True
21453,2101,False
21454,3723,False
21455,2096,False
21456,2792,False
21457,2074,False
21458,2413,True
21459,1932,True
21460,2303,False
21461,2403,True
21462,3466,True
21463,2160,True
21464,2506,True
21465,2018,False
21466,1690,True
21467,5140,True
21468,3327,False
21469,3088,True
21470,3248,False
21471,2219,True
21472,3687,True
21473,2506,True
21474,2486,True
21475,2063,True
21476,2499,True
21477,2874,True
21478,2070,True
21479,2241,False
21480,3105,True
21481,3049,True
21482,2841,False
21483,2352,False
21484,3193,False
21485,1781,True
21486,1918,True
21487,3126,False
21488,2394,False
21489,3323,True
21490,2271,True
21491,2725,False
21492,1606,True
21493,2523,True
21494,2693,True
21495,2370,True
21496,1581,False
21497,1548,False
21498,3257,False
21499,3494,False
21500,2877,False
21501,2365,False
21502,2542,True
21503,2897,True
21504,2962,False
21505,2172,True
21506,2146,True
21507,2499,False
21508,2879,False
21509,1785,True
21510,2102,True
21511,3188,False
21512,2369,False
21513,2346,False
21514,1479,True
21515,2044,True
21516,1942,True
21517,2471,True
21518,2337,True
21519,1999,True
21520,2407,True
21521,2601,False
21522,2136,True
21523,3024,False
21524,2335,False
21525,2520,True
21526,2508,True
21527,1735,False
21528,1928,False
21529,2868,True
21530,2562,False
21531,2992,False
21532,2077,True
21533,2362,False
21534,2217,False
21535,2058,False
21536,1376,True
21537,3469,False
21538,1744,True
21539,2401,False
21540,2284,False
21541,2521,False
21542,3215,False
21543,2788,True
21544,3126,False
21545,3384,True
21546,2846,True
21547,2623,True
21548,1566,False
21549,2572,True
21550,3200,True
21551,1976,False
21552,3186,False
21553,3557,False
21554,2764,False
21555,2770,False
21556,3897,False
21557,1977,True
21558,1726,False
21559,2156,True
21560,2811,True
21561,3192,True
21562,2992,False
21563,2867,False
21564,2512,True
21565,3214,False
21566,2153,False
21567,2055,False
21568,1607,True
21569,3935,True
21570,2233,True
21571,2894,True
21572,1832,True
21573,2022,True
21574,2145,False
21575,2861,False
21576,2920,True
21577,3317,False
21578,2214,True
21579,3236,True
21580,2786,False
21581,1813,True
21582,2006,True
21583,2938,False
21584,2589,True
21585,1573,True
21586,1706,True
21587,3121,False
21588,2490,False
21589,2033,True
21590,2772,True
21591,2886,False
21592,3291,False
21593,2172,True
21594,2815,True
21595,1837,True
21596,3903,True
21597,2181,True
21598,1776,True
21599,2712,True
21600,2221,False
21601,1761,True
21602,1982,True
21603,2871,False
21604,1968,False
21605,3423,False
21606,3184,False
21607,2567,True
21608,3146,True
21609,2240,True
21610,1198,True
21611,2202,False
21612,2753,False
21613,3859,True
21614,3127,True
21615,2510,True
21616,2325,True
21617,2093,True
21618,2189,False
21619,1861,False
21620,2429,True
21621,2672,False
21622,2861,True
21623,1974,True
21624,2380,False
21625,2608,True
21626,4448,False
21627,1730,True
21628,2469,False
21629,1522,True
21630,1838,True
21631,2107,False
21632,1859,True
21633,3389,True
21634,2198,True
21635,2417,False
21636,2965,False
21637,2192,False
21638,2421,False
21639,2275,True
21640,2306,False
21641,2316,True
21642,3909,True
21643,3814,False
21644,2293,True
21645,3066,True
21646,2489,True
21647,2372,False
21648,3612,False
21649,1795,False
21650,1957,True
21651,2777,True
21652,1797,False
21653,1950,True
21654,2338,False
21655,2131,False
21656,2369,True
21657,2589,False
21658,3115,True
21659,1975,False
21660,1292,True
21661,3484,False
21662,1643,True
21663,2317,True
21664,2673,False
21665,1695,False
21666,2131,True
21667,4710,True
21668,3432,True
21669,1731,True
21670,3329,True
21671,1954,True
21672,2213,True
21673,2507,True
21674,2443,False
21675,1908,True
21676,1499,True
21677,2251,True
21678,2022,True
21679,2951,True
21680,2204,True
21681,2244,True
21682,3311,False
21683,1762,False
21684,2032,True
21685,2854,False
21686,1185,False
21687,2340,False
21688,2072,True
21689,2258,False
21690,2169,True
21691,1717,True
21692,1666,True
21693,2790,False
21694,1671,True
21695,2265,False
21696,1589,True
21697,2364,False
21698,2418,True
21699,2782,True
21700,2327,True
21701,1986,False
21702,2781,True
21703,2219,True
21704,2408,False
21705,2255,False
21706,1989,True
21707,2856,True
21708,2081,True
21709,2841,True
21710,3630,False
21711,2324,False
21712,2836,False
21713,3062,False
21714,3761,True
21715,1735,False
21716,2910,False
21717,2582,True
21718,2227,True
21719,2549,False
21720,2548,False
21721,2969,True
21722,3853,False
21723,2900,True
21724,2811,True
21725,3239,False
21726,2410,False
21727,3982,False
21728,3229,False
21729,2420,False
21730,2876,True
21731,2201,True
21732,3074,True
21733,3831,False
21734,2099,True
21735,3476,False
21736,2360,False
21737,2032,True
21738,2397,True
21739,2106,True
21740,2816,True
21741,2561,False
21742,2842,False
21743,2697,False
21744,2004,False
21745,1953,False
21746,4334,True
21747,1611,True
21748,2540,True
21749,3142,False
21750,1924,False
21751,2047,True
21752,3284,False
21753,2220,True
21754,1098,False
21755,3089,True
21756,3147,True
21757,2024,False
21758,1955,True
21759,3860,False
21760,2487,True
21761,1686,False
21762,2917,True
21763,2006,True
21764,2284,True
21765,3225,False
21766,1947,False
21767,2398,True
21768,2887,False
21769,2025,True
21770,2848,False
21771,1575,False
21772,2662,False
21773,2194,False
21774,2340,True
21775,3689,True
21776,1236,True
21777,2232,False
21778,2792,True
21779,3923,False
21780,2107,False
21781,3123,False
21782,2282,True
21783,1308,True
21784,1967,False
21785,2826,False
21786,3252,True
21787,2913,False
21788,2612,False
21789,2108,True
21790,2531,True
21791,1782,True
21792,1909,True
21793,2350,True
21794,2683,False
21795,1750,False
21796,1971,False
21797,1731,True
21798,4267,True
21799,2587,True
21800,3176,False
21801,2851,True
21802,2981,True
21803,2366,True
21804,1598,False
21805,1842,True
21806,1972,True
21807,1567,True
21808,1971,True
21809,1471,False
21810,3139,True
21811,2858,True
21812,2133,False
21813,3086,False
21814,2305,True
21815,3568,True
21816,3564,True
21817,4098,False
21818,1877,True
21819,1907,True
21820,3629,True
21821,2091,False
21822,2081,False
21823,823,True
21824,1944,True
21825,1551,True
21826,4153,True
21827,2062,True
21828,2205,False
21829,2071,False
21830,2759,True
21831,2524,True
21832,1828,True
21833,2489,True
21834,3299,False
21835,2780,False
21836,1406,True
21837,1836,False
21838,1661,True
21839,2093,True
21840,1425,True
21841,2849,False
21842,2927,False
21843,2135,False
21844,3152,True
21845,1615,True
21846,1985,False
21847,2476,False
21848,3504,True
21849,1782,True
21850,3011,True
21851,2911,True
21852,2681,True
21853,4443,True
21854,3251,True
21855,3126,False
21856,2257,False
21857,1936,False
21858,3243,True
21859,2834,True
21860,2239,True
21861,3002,False
21862,2570,True
21863,2521,False
21864,1701,False
21865,1830,False
21866,2198,True
21867,2198,False
21868,2263,False
21869,2360,True
21870,2703,True
21871,3021,True
21872,1998,False
21873,2110,False
21874,3218,True
21875,3839,True
21876,2299,False
21877,3185,False
21878,1486,False
21879,1304,False
21880,2499,False
21881,2711,False
21882,2828,False
21883,2616,False
21884,2307,False
21885,1614,False
21886,3216,True
21887,2822,True
21888,3149,False
21889,1771,True
21890,2075,True
21891,2141,False
21892,2249,False
21893,1709,False
21894,2020,False
21895,2486,False
21896,2064,True
21897,2447,True
21898,1747,True
21899,3953,False
21900,1969,False
21901,3719,False
21902,2437,True
21903,2168,False
21904,4293,False
21905,2211,False
21906,2582,False
21907,2126,False
21908,3602,False
21909,1617,True
21910,2363,False
21911,2137,False
21912,2951,False
21913,4080,False
21914,2496,True
21915,1786,False
21916,3195,True
21917,2869,False
21918,2159,True
21919,2590,True
21920,1765,False
21921,3297,True
21922,2716,False
21923,2632,True
21924,2086,False
21925,2234,False
21926,1552,True
21927,1783,False
21928,3177,False
21929,3399,True
21930,2590,False
21931,2589,False
21932,1906,False
21933,2424,False
21934,2563,True
21935,2029,False
21936,1813,False
21937,3444,False
21938,2044,True
21939,3095,True
21940,2206,False
21941,1946,True
21942,2793,False
21943,2382,False
21944,2116,False
21945,2366,True
21946,3811,False
21947,2429,False
21948,1775,True
21949,2069,False
21950,2945,True
21951,4167,False
21952,1687,True
21953,2791,True
21954,3603,False
21955,1761,True
21956,1852,True
21957,2598,True
21958,2645,True
21959,4228,True
21960,2680,True
21961,3413,True
21962,1885,True
21963,1750,True
21964,2090,True
21965,1671,False
21966,1977,True
21967,2167,False
21968,2779,True
21969,2536,True
21970,1792,True
21971,2605,False
21972,1836,True
21973,2891,False
21974,1804,False
21975,3002,False
21976,2189,False
21977,1764,True
21978,1841,False
21979,2409,True
21980,1922,False
21981,1833,True
21982,2130,True
21983,3606,True
21984,2204,True
21985,1683,True
21986,2655,False
21987,1988,True
21988,3250,False
21989,3292,False
21990,2840,True
21991,2931,False
21992,1919,False
21993,2828,True
21994,1973,True
21995,3192,False
21996,1710,True
21997,2060,False
21998,2391,True
21999,1429,True
22000,2667,False
22001,1604,True
22002,1790,False
22003,2109,False
22004,2911,False
22005,2413,True
22006,1741,False
22007,1467,True
22008,2343,False
22009,3705,True
22010,2028,True
22011,2490,False
22012,3244,False
22013,2145,True
22014,1348,True
22015,2479,True
22016,2782,True
22017,1603,False
22018,1829,False
22019,2253,True
22020,3739,True
22021,2320,True
22022,2735,True
22023,2530,True
22024,2106,True
22025,1788,True
22026,3917,False
22027,1522,False
22028,2661,False
22029,1466,True
22030,2123,False
22031,2489,True
22032,1800,True
22033,2161,True
22034,2721,False
22035,3682,False
22036,2952,False
22037,2666,True
22038,1552,False
22039,3218,False
22040,1678,True
22041,2424,True
22042,1372,True
22043,2983,False
22044,2349,True
22045,1705,True
22046,6584,True
22047,1875,True
22048,3039,True
22049,2930,False
22050,1970,True
22051,3242,False
22052,2622,False
22053,1889,True
22054,2206,False
22055,3964,False
22056,2102,False
22057,2622,False
22058,2407,True
22059,2397,True
22060,2411,False
22061,1917,False
22062,1482,True
22063,2113,False
22064,2205,True
22065,2188,True
22066,2219,False
22067,2461,True
22068,2888,True
22069,2585,True
22070,1697,False
22071,1998,True
22072,2630,True
22073,2230,False
22074,2818,False
22075,2034,False
22076,3137,False
22077,3951,True
22078,3429,True
22079,2648,False
22080,3213,False
22081,1667,False
22082,2883,True
22083,2223,False
22084,2310,True
22085,3419,False
22086,2093,False
22087,2417,False
22088,2897,True
22089,2006,False
22090,2451,False
22091,2759,False
22092,4418,True
22093,1394,True
22094,3391,True
22095,2050,True
22096,2288,True
22097,1125,True
22098,2651,True
22099,2477,True
22100,3814,True
22101,2022,False
22102,4078,True
22103,3502,False
22104,4199,False
22105,4188,True
22106,2901,True
22107,2050,True
22108,1611,False
22109,2994,False
22110,2215,False
22111,3551,True
22112,2326,False
22113,3172,True
22114,2319,True
22115,1591,True
22116,2921,True
22117,1401,True
22118,3873,False
22119,1930,True
22120,2045,False
22121,1859,True
22122,1802,False
22123,2742,True
22124,2415,False
22125,2628,False
22126,2472,False
22127,2366,True
22128,1864,False
22129,1806,True
22130,3994,False
22131,2152,True
22132,2035,True
22133,3002,True
22134,1939,False
22135,2621,False
22136,2130,True
22137,1944,False
22138,2475,False
22139,2398,True
22140,1896,False
22141,3037,True
22142,2359,True
22143,1688,True
22144,2072,False
22145,2481,True
22146,3674,True
22147,2362,True
22148,2651,True
22149,2390,False
22150,1659,False
22151,2176,True
22152,2274,True
22153,3700,False
22154,2453,False
22155,2463,True
22156,2353,True
22157,2492,True
22158,2327,True
22159,1852,True
22160,1443,False
22161,1618,False
22162,2319,True
22163,3116,True
22164,2081,False
22165,2133,True
22166,2127,False
22167,2543,True
22168,2033,False
22169,3943,True
22170,2673,True
22171,2014,True
22172,2813,True
22173,3536,True
22174,2192,True
22175,2420,True
22176,2571,True
22177,1791,True
22178,1502,True
22179,2413,True
22180,3088,True
22181,2008,True
22182,2550,True
22183,2004,True
22184,1702,True
22185,1790,False
22186,2490,False
22187,1563,False
22188,3735,False
22189,2601,False
22190,2470,True
22191,2397,True
22192,2982,False
22193,2227,False
22194,4583,False
22195,3404,True
22196,1801,False
22197,3372,True
22198,2452,False
22199,2092,False
22200,2840,False
22201,1621,True
22202,2189,False
22203,2304,False
22204,2380,True
22205,2240,True
22206,2342,True
22207,1770,True
22208,2836,True
22209,2331,False
22210,3484,True
22211,2571,False
22212,2971,False
22213,3858,False
22214,2358,False
22215,1565,False
22216,2038,False
22217,1794,True
22218,2096,False
22219,3010,False
22220,3852,False
22221,2793,False
22222,2944,True
22223,2453,False
22224,2844,False
22225,2641,False
22226,3483,False
22227,1944,False
22228,2263,True
22229,2384,False
22230,2422,False
22231,3424,False
22232,3977,True
22233,2371,False
22234,1648,True
22235,2518,True
22236,2157,True
22237,1507,True
22238,3489,True
22239,2689,True
22240,2199,False
22241,2305,True
22242,1954,True
22243,3952,False
22244,2141,False
22245,2279,True
22246,2178,True
22247,2455,False
22248,2296,False
22249,1940,False
22250,4415,True
22251,2502,True
22252,2087,True
22253,3706,True
22254,3264,False
22255,1866,False
22256,1780,True
22257,2167,True
22258,1899,True
22259,2219,True
22260,2638,False
22261,1314,True
22262,4538,False
22263,2587,True
22264,4547,False
22265,1937,True
22266,1303,True
22267,1420,True
22268,2010,True
22269,2515,False
22270,1587,False
22271,2282,False
22272,3015,True
22273,1994,True
22274,2849,True
22275,2186,True
22276,1767,False
22277,2396,True
22278,1613,False
22279,2524,False
22280,1804,True
22281,2374,False
22282,2787,True
22283,1520,True
22284,2647,False
22285,1797,True
22286,2931,True
22287,2193,True
22288,2081,False
22289,2251,False
22290,2549,True
22291,2515,False
22292,1953,False
22293,1787,True
22294,2643,False
22295,2810,False
22296,1877,True
22297,2845,True
22298,2502,True
22299,2593,True
22300,2329,False
22301,3377,True
22302,1992,True
22303,2445,False
22304,2182,True
22305,2168,False
22306,2314,False
22307,2487,True
22308,2404,True
22309,2171,True
22310,2919,False
22311,2061,False
22312,2569,True
22313,2718,False
22314,3296,False
22315,2295,False
22316,2119,True
22317,1945,False
22318,3088,True
22319,3017,True
22320,2524,False
22321,1906,True
22322,1767,False
22323,3094,True
22324,1630,True
22325,2283,True
22326,2333,True
22327,2230,True
22328,1977,False
22329,2103,False
22330,3364,True
22331,1808,True
22332,1800,True
22333,1945,True
22334,2870,False
22335,4554,False
22336,3312,False
22337,3146,True
22338,1816,True
22339,2354,False
22340,1782,True
22341,2680,False
22342,2924,False
22343,2057,False
22344,2428,False
22345,1939,False
22346,1600,True
22347,3763,True
22348,1731,True
22349,1767,False
22350,2414,True
22351,1795,True
22352,1680,True
22353,1435,True
22354,2882,False
22355,3954,True
22356,2183,True
22357,1847,True
22358,2321,False
22359,2432,True
22360,2277,False
22361,2980,True
22362,2539,True
22363,2247,True
22364,4501,False
22365,1701,True
22366,2662,True
22367,1409,True
22368,2423,False
22369,2435,True
22370,1789,False
22371,3286,True
22372,2983,False
22373,3291,False
22374,3711,True
22375,1524,True
22376,1466,True
22377,2654,False
22378,3780,False
22379,3555,False
22380,2473,False
22381,2567,True
22382,2485,True
22383,2140,False
22384,2401,True
22385,2645,False
22386,2191,False
22387,2991,False
22388,1569,True
22389,3000,False
22390,3543,False
22391,2016,False
22392,2923,False
22393,2219,True
22394,2608,False
22395,3505,True
22396,3086,True
22397,2951,True
22398,2406,True
22399,2724,False
22400,2620,False
22401,2935,False
22402,2191,True
22403,2149,True
22404,2353,False
22405,2643,True
22406,3652,True
22407,2043,False
22408,2226,True
22409,3199,False
22410,2991,False
22411,1798,False
22412,1709,False
22413,2037,False
22414,1562,True
22415,2367,False
22416,2574,False
22417,2164,False
22418,2474,False
22419,2082,False
22420,1356,True
22421,2661,True
22422,3672,True
22423,1585,False
22424,3295,True
22425,2643,False
22426,2631,False
22427,2650,True
22428,2718,False
22429,2827,True
22430,2312,True
22431,2180,False
22432,2960,True
22433,1676,False
22434,3040,True
22435,2799,False
22436,2536,True
22437,1888,True
22438,2235,True
22439,2882,False
22440,2540,True
22441,2894,False
22442,1890,True
22443,2478,True
22444,2219,False
22445,3012,False
22446,2364,True
22447,3334,True
22448,2080,True
22449,1848,True
22450,1956,True
22451,3060,True
22452,2828,False
22453,3053,False
22454,2732,False
22455,2961,False
22456,2195,False
22457,1855,True
22458,1769,False
22459,2736,False
22460,3031,False
22461,2410,False
22462,2823,True
22463,2337,False
22464,1921,False
22465,1328,False
22466,1701,True
22467,1941,False
22468,1989,True
22469,2079,False
22470,2292,False
22471,2173,False
22472,2945,True
22473,2166,True
22474,4376,True
22475,1962,True
22476,1774,False
22477,2748,False
22478,1932,False
22479,1923,False
22480,2812,True
22481,1862,True
22482,2139,True
22483,2664,False
22484,2216,False
22485,2043,True
22486,2338,False
22487,3203,False
22488,2065,True
22489,2478,True
22490,2484,True
22491,1323,False
22492,2221,False
22493,1910,True
22494,2130,True
22495,1919,True
22496,2078,True
22497,2277,True
22498,2700,False
22499,2859,False
22500,3062,False
22501,2666,True
22502,1645,False
22503,3099,False
22504,2142,False
22505,2366,True
22506,3688,False
22507,2212,False
22508,1715,True
22509,1838,False
22510,2808,True
22511,2501,False
22512,2892,False
22513,3829,True
22514,2219,True
22515,2647,True
22516,4015,False
22517,2839,False
22518,3425,False
22519,1828,False
22520,2616,True
22521,2352,False
22522,1893,False
22523,3982,False
22524,3578,False
22525,2322,False
22526,1938,False
22527,1853,True
22528,3052,True
22529,2290,True
22530,2006,True
22531,2277,False
22532,2583,False
22533,2804,False
22534,2959,True
22535,1932,True
22536,2256,False
22537,2443,True
22538,3121,False
22539,2225,False
22540,2391,False
22541,2407,False
22542,2113,True
22543,1686,True
22544,2816,True
22545,2078,True
22546,1935,True
22547,3081,False
22548,2685,True
22549,2615,False
22550,3263,False
22551,1643,True
22552,3765,True
22553,2106,True
22554,2858,False
22555,3888,False
22556,1957,False
22557,2140,True
22558,2805,False
22559,3152,True
22560,1823,True
22561,1989,True
22562,2064,False
22563,2868,True
22564,2826,False
22565,2573,False
22566,3204,False
22567,2305,False
22568,4110,False
22569,2680,True
22570,4268,False
22571,4055,False
22572,1780,False
22573,2973,False
22574,3039,True
22575,3169,False
22576,2124,True
22577,2930,False
22578,2808,False
22579,2057,True
22580,2534,False
22581,2250,True
22582,2884,True
22583,2327,False
22584,2291,True
22585,3084,False
22586,2717,True
22587,2117,False
22588,2714,True
22589,1826,True
22590,1903,True
22591,2855,True
22592,2973,False
22593,2847,False
22594,2228,False
22595,1936,True
22596,1968,False
22597,1601,False
22598,2934,False
22599,2690,False
22600,2714,True
22601,1962,True
22602,2846,True
22603,724,True
22604,3256,False
22605,2616,True
22606,2238,False
22607,2171,True
22608,3416,True
22609,2182,True
22610,2464,False
22611,1844,False
22612,2060,True
22613,2233,False
22614,2733,True
22615,1969,True
22616,3041,True
22617,2620,False
22618,3965,True
22619,2004,False
22620,4468,True
22621,3433,True
22622,2665,False
22623,2169,False
22624,3191,False
22625,3033,True
22626,2241,True
22627,2406,True
22628,2559,False
22629,2967,True
22630,2624,False
22631,2305,True
22632,1859,True
22633,1730,True
22634,2589,False
22635,2434,True
22636,3030,True
22637,2552,True
22638,2534,False
22639,1839,False
22640,2722,True
22641,2494,True
22642,2676,False
22643,2304,False
22644,2447,True
22645,1989,True
22646,3024,True
22647,1688,True
22648,2688,False
22649,3444,True
22650,3358,False
22651,2214,True
22652,3860,False
22653,2887,False
22654,3120,False
22655,2105,True
22656,1903,True
22657,2682,False
22658,2779,False
22659,3304,False
22660,3478,True
22661,2040,True
22662,3045,True
22663,2383,True
22664,2012,True
22665,2213,True
22666,2017,True
22667,2114,True
22668,1384,True
22669,1256,False
22670,2519,False
22671,2032,True
22672,2670,False
22673,2191,False
22674,2006,False
22675,2328,True
22676,1736,False
22677,1919,True
22678,1992,True
22679,3083,True
22680,2531,True
22681,2559,True
22682,1842,False
22683,3748,False
22684,1527,False
22685,1803,True
22686,1703,False
22687,3317,True
22688,2135,True
22689,2145,False
22690,1601,False
22691,1298,True
22692,2613,True
22693,2762,True
22694,3395,True
22695,1822,True
22696,2912,True
22697,2283,False
22698,4085,False
22699,2072,False
22700,2568,False
22701,2717,True
22702,2009,True
22703,3051,False
22704,2562,True
22705,2726,True
22706,2841,False
22707,2337,False
22708,3618,True
22709,3508,False
22710,3037,True
22711,2084,True
22712,3385,True
22713,2007,False
22714,3149,False
22715,2006,True
22716,2998,False
22717,2436,False
22718,1697,True
22719,2857,False
22720,1897,False
22721,2453,False
22722,2374,True
22723,2628,True
22724,2013,False
22725,3096,False
22726,1605,True
22727,2521,True
22728,2066,True
22729,1775,True
22730,2456,True
22731,1964,False
22732,2767,False
22733,1773,True
22734,3322,True
22735,1848,True
22736,2217,True
22737,2127,True
22738,2228,True
22739,2639,False
22740,2325,True
22741,2128,True
22742,3361,False
22743,3033,True
22744,1581,True
22745,2542,True
22746,1955,True
22747,3869,False
22748,2171,True
22749,2016,True
22750,1851,False
22751,1860,True
22752,3518,True
22753,2911,False
22754,1442,True
22755,1705,True
22756,2230,True
22757,1683,True
22758,2356,False
22759,1942,True
22760,2948,False
22761,2960,False
22762,2380,True
22763,2879,False
22764,1462,True
22765,2466,True
22766,2469,True
22767,2449,False
22768,2699,False
22769,2175,False
22770,2887,False
22771,2336,False
22772,1898,False
22773,1969,False
22774,2888,True
22775,3007,False
22776,3002,False
22777,2288,False
22778,1786,False
22779,3439,True
22780,2164,True
22781,3067,True
22782,3635,False
22783,2467,False
22784,2251,False
22785,2561,True
22786,2637,False
22787,2158,True
22788,1933,True
22789,2091,False
22790,2477,False
22791,2509,True
22792,2159,True
22793,3039,False
22794,2602,False
22795,1922,False
22796,2306,False
22797,2591,True
22798,4053,True
22799,3198,False
22800,2792,True
22801,2489,True
22802,3100,True
22803,2672,False
22804,2685,False
22805,2596,False
22806,1868,True
22807,2969,False
22808,1973,True
22809,3171,False
22810,2163,True
22811,1757,False
22812,2632,False
22813,2766,False
22814,3025,True
22815,2270,True
22816,4262,False
22817,2403,False
22818,1909,True
22819,2496,False
22820,1667,True
22821,1843,False
22822,2576,False
22823,1778,False
22824,2788,False
22825,2236,False
22826,2073,True
22827,2163,False
22828,3125,True
22829,1827,False
22830,2568,False
22831,2237,False
22832,2204,True
22833,2629,False
22834,2525,False
22835,1719,False
22836,1806,True
22837,2296,True
22838,2625,True
22839,2266,True
22840,2387,False
22841,2163,False
22842,2612,True
22843,2430,True
22844,2215,False
22845,2344,True
22846,2658,True
22847,3330,True
22848,2846,False
22849,2579,False
22850,3046,False
22851,3402,False
22852,1442,False
22853,3189,False
22854,1937,False
22855,2502,True
22856,2403,False
22857,2082,False
22858,2244,True
22859,2093,False
22860,3325,False
22861,2371,False
22862,2960,True
22863,3615,True
22864,1509,True
22865,1973,True
22866,2377,True
22867,2354,False
22868,2271,True
22869,1913,True
22870,4244,True
22871,2589,True
22872,2176,True
22873,1461,False
22874,2340,False
22875,3077,False
22876,2086,False
22877,2627,False
22878,1811,False
22879,2594,False
22880,2735,False
22881,2295,False
22882,2345,True
22883,2481,True
22884,3116,False
22885,1548,True
22886,2488,False
22887,1913,True
22888,3589,True
22889,3989,True
22890,1601,True
22891,2574,True
22892,2988,False
22893,2174,True
22894,1871,True
22895,2918,False
22896,2850,True
22897,1919,True
22898,2696,True
22899,2222,False
22900,3218,False
22901,2334,True
22902,2067,True
22903,3003,False
22904,1721,True
22905,2853,True
22906,3326,False
22907,2485,True
22908,2365,True
22909,2876,False
22910,3616,True
22911,3066,False
22912,2402,False
22913,1806,False
22914,2363,True
22915,3014,True
22916,3039,False
22917,1307,True
22918,2635,True
22919,3856,False
22920,2861,True
22921,2051,True
22922,1479,True
22923,3075,False
22924,2377,True
22925,3340,False
22926,2698,False
22927,3269,True
22928,2540,True
22929,1421,False
22930,2989,True
22931,2323,False
22932,3007,True
22933,2343,True
22934,3460,True
22935,2366,True
22936,2126,True
22937,2661,False
22938,3003,True
22939,3206,False
22940,2912,False
22941,2905,True
22942,2636,False
22943,1764,True
22944,2017,False
22945,2487,False
22946,2134,True
22947,1526,True
22948,2244,False
22949,2174,True
22950,1691,False
22951,2092,False
22952,2716,True
22953,2520,True
22954,2907,False
22955,2157,True
22956,2465,False
22957,2274,True
22958,2405,False
22959,1808,True
22960,1419,True
22961,2027,False
22962,2753,False
22963,2758,False
22964,2370,False
22965,1734,True
22966,2737,True
22967,2784,False
22968,4269,True
22969,1540,True
22970,1706,True
22971,1660,True
22972,2095,False
22973,2554,True
22974,1998,True
22975,3498,True
22976,2208,False
22977,1962,False
22978,2065,True
22979,2717,False
22980,2485,True
22981,3303,False
22982,2709,False
22983,2406,True
22984,3054,True
22985,2684,True
22986,2574,False
22987,2976,True
22988,1606,True
22989,2976,True
22990,3028,True
22991,2382,True
22992,2299,False
22993,3020,True
22994,1743,True
22995,2538,False
22996,3063,False
22997,3002,False
22998,2981,False
22999,3050,True
23000,3394,True
23001,2558,False
23002,2962,True
23003,3489,True
23004,2685,False
23005,3745,True
23006,1964,False
23007,2520,False
23008,1658,True
23009,3594,True
23010,1790,False
23011,1584,True
23012,975,True
23013,2564,False
23014,3105,False
23015,3246,False
23016,2253,True
23017,2204,True
23018,2092,True
23019,3058,True
23020,1591,True
23021,3097,False
23022,2669,False
23023,3907,False
23024,2860,True
23025,2669,False
23026,3159,True
23027,2692,False
23028,2555,False
23029,2543,True
23030,1730,True
23031,3507,False
23032,3339,False
23033,1894,False
23034,2387,True
23035,1768,True
23036,1787,False
23037,2748,False
23038,2666,True
23039,2652,False
23040,1566,True
23041,1854,False
23042,1797,True
23043,2854,False
23044,2075,False
23045,3260,False
23046,2710,True
23047,2048,True
23048,2373,True
23049,4645,True
23050,2444,False
23051,2098,True
23052,2029,True
23053,2716,False
23054,3109,True
23055,1964,False
23056,1421,False
23057,2937,True
23058,3694,True
23059,2556,True
23060,2941,True
23061,2255,True
23062,1821,False
23063,1468,True
23064,2438,False
23065,2266,True
23066,2789,False
23067,2855,True
23068,3169,True
23069,2287,True
23070,2037,True
23071,2914,False
23072,1954,True
23073,1952,False
23074,2149,True
23075,2361,True
23076,3144,True
23077,3321,True
23078,2209,True
23079,2549,False
23080,2030,True
23081,1077,True
23082,2221,True
23083,2406,True
23084,2195,False
23085,3732,False
23086,2819,False
23087,2526,True
23088,2573,False
23089,3072,True
23090,3270,True
23091,2175,False
23092,1632,True
23093,2472,True
23094,2433,True
23095,3171,False
23096,4485,True
23097,2234,False
23098,1551,True
23099,2500,False
23100,1737,True
23101,2755,False
23102,2594,True
23103,2009,True
23104,2529,False
23105,1887,False
23106,2050,True
23107,2395,True
23108,1697,True
23109,2519,False
23110,2203,False
23111,2475,True
23112,2665,False
23113,3754,True
23114,1649,True
23115,2603,False
23116,3377,True
23117,1616,True
23118,2109,False
23119,3310,False
23120,2188,True
23121,3593,False
23122,2148,True
23123,1082,False
23124,2277,False
23125,2913,True
23126,3339,True
23127,1970,True
23128,2000,False
23129,3143,False
23130,1708,False
23131,2666,True
23132,3862,True
23133,2987,False
23134,2127,True
23135,2862,True
23136,2734,True
23137,1642,False
23138,2363,True
23139,2426,False
23140,2011,True
23141,2280,True
23142,2234,True
23143,2209,True
23144,2232,True
23145,2515,True
23146,2556,True
23147,2444,True
23148,1958,True
23149,2431,True
23150,2446,False
23151,4133,False
23152,2332,False
23153,2226,False
23154,1600,False
23155,2277,False
23156,2407,False
23157,2672,False
23158,2067,True
23159,2831,True
23160,2173,True
23161,2580,True
23162,2804,False
23163,3597,True
23164,1734,True
23165,2516,True
23166,2605,True
23167,3452,False
23168,2616,True
23169,2037,True
23170,2359,False
23171,2151,False
23172,2617,True
23173,2761,False
23174,2077,True
23175,2175,False
23176,1856,False
23177,3376,False
23178,3414,True
23179,2513,True
23180,2450,False
23181,2104,True
23182,2823,False
23183,2296,True
23184,3312,False
23185,3124,False
23186,3357,False
23187,3288,False
23188,2990,False
23189,2068,True
23190,1902,False
23191,3159,True
23192,2753,False
23193,3210,False
23194,2839,False
23195,2630,False
23196,2588,True
23197,3042,True
23198,1716,True
23199,1594,False
23200,2657,False
23201,2772,False
23202,1541,True
23203,2712,False
23204,2269,True
23205,2609,False
23206,2551,True
23207,2738,True
23208,1619,False
23209,2303,True
23210,2372,False
23211,2138,True
23212,2199,True
23213,1373,True
23214,3402,False
23215,3985,True
23216,2110,True
23217,2068,False
23218,1202,True
23219,2130,True
23220,2242,True
23221,2016,True
23222,2816,True
23223,3024,False
23224,2438,True
23225,2657,False
23226,2179,False
23227,2703,True
23228,3847,False
23229,3955,False
23230,3026,False
23231,3070,True
23232,2836,True
23233,2977,False
23234,2633,True
23235,2590,True
23236,2461,True
23237,3404,False
23238,2461,False
23239,1774,False
23240,2926,False
23241,1823,True
23242,2758,False
23243,2686,False
23244,1898,True
23245,2843,False
23246,1832,True
23247,1780,True
23248,3165,False
23249,2474,True
23250,3091,False
23251,2002,True
23252,2565,True
23253,2735,False
23254,2040,True
23255,1794,True
23256,2052,False
23257,2815,True
23258,2553,True
23259,2568,True
23260,1420,True
23261,2315,False
23262,2568,False
23263,2389,True
23264,1820,True
23265,2578,False
23266,2563,False
23267,1941,True
23268,2807,False
23269,2291,True
23270,2119,False
23271,1794,False
23272,2586,False
23273,2320,False
23274,2078,False
23275,2121,True
23276,1624,True
23277,2601,False
23278,1758,False
23279,2043,True
23280,2360,True
23281,3043,True
23282,2343,True
23283,2498,True
23284,4333,False
23285,2447,True
23286,1971,True
23287,2504,True
23288,1486,True
23289,1582,False
23290,2844,False
23291,2278,True
23292,2341,True
23293,4418,True
23294,3159,True
23295,2389,False
23296,3077,True
23297,2652,True
23298,2666,False
23299,2026,True
23300,2738,True
23301,2120,True
23302,2103,True
23303,2417,True
23304,3516,False
23305,1960,True
23306,2248,False
23307,2989,False
23308,1526,True
23309,3315,False
23310,3635,True
23311,3297,False
23312,1783,False
23313,2568,False
23314,1896,False
23315,2664,False
23316,2215,True
23317,2768,True
23318,2195,False
23319,2225,False
23320,2042,True
23321,2016,False
23322,1466,False
23323,1812,True
23324,2358,False
23325,2316,False
23326,3187,True
23327,2968,False
23328,2032,True
23329,2808,True
23330,1821,False
23331,2372,False
23332,4395,True
23333,2709,True
23334,3068,True
23335,2926,True
23336,2401,False
23337,2467,False
23338,2569,True
23339,2430,False
23340,2038,False
23341,2449,False
23342,2577,False
23343,3090,False
23344,2360,False
23345,2569,False
23346,4238,True
23347,2900,False
23348,1669,True
23349,2723,False
23350,2090,False
23351,4125,True
23352,2100,False
23353,2453,False
23354,1875,True
23355,1414,True
23356,1272,True
23357,3606,False
23358,1757,False
23359,3244,False
23360,2158,True
23361,1954,False
23362,3782,False
23363,2808,False
23364,4055,True
23365,4025,True
23366,3062,False
23367,2062,False
23368,3285,False
23369,1885,True
23370,3574,False
23371,1891,False
23372,2193,False
23373,2382,False
23374,1747,False
23375,1664,True
23376,1986,False
23377,2737,False
23378,3485,False
23379,2001,True
23380,2365,False
23381,1926,False
23382,3172,True
23383,2968,False
23384,2422,False
23385,3931,False
23386,939,False
23387,1731,True
23388,1948,False
23389,2181,True
23390,1869,True
23391,2576,True
23392,3213,False
23393,2398,False
23394,1744,True
23395,1873,False
23396,2198,False
23397,3291,False
23398,2477,True
23399,2032,True
23400,2336,True
23401,2565,False
23402,2012,False
23403,1901,True
23404,1730,False
23405,1947,True
23406,2010,False
23407,3077,False
23408,3421,False
23409,2706,True
23410,1227,True
23411,2384,False
23412,2580,True
23413,2853,False
23414,1789,False
23415,2621,True
23416,2014,True
23417,1988,False
23418,2482,False
23419,2496,False
23420,2744,True
23421,2829,True
23422,3288,True
23423,1712,False
23424,2727,False
23425,2846,False
23426,3374,False
23427,1405,False
23428,2050,False
23429,2077,True
23430,3267,False
23431,3561,True
23432,2239,False
23433,1760,False
23434,2632,False
23435,2802,True
23436,3130,False
23437,3274,True
23438,2185,False
23439,3412,False
23440,2158,False
23441,3139,False
23442,2091,True
23443,2614,True
23444,2397,True
23445,3165,False
23446,2295,True
23447,2152,True
23448,2577,False
23449,2566,True
23450,2693,False
23451,2256,True
23452,2527,True
23453,1964,True
23454,2806,True
23455,2658,False
23456,2927,True
23457,2697,True
23458,3423,False
23459,3177,True
23460,2148,True
23461,2606,True
23462,2409,True
23463,2184,False
23464,2310,True
23465,2406,False
23466,1618,True
23467,2751,False
23468,2232,False
23469,1996,False
23470,4702,True
23471,2081,False
23472,3271,False
23473,2789,True
23474,2105,True
23475,3803,True
23476,2743,True
23477,2480,False
23478,2483,False
23479,2902,False
23480,2489,False
23481,2467,True
23482,2404,True
23483,2066,False
23484,1991,True
23485,1957,True
23486,2342,True
23487,2826,False
23488,4075,False
23489,1903,True
23490,3242,True
23491,2480,False
23492,1948,True
23493,2480,False
23494,2489,False
23495,2629,True
23496,2417,True
23497,3175,True
23498,2374,False
23499,2754,True
23500,1862,True
23501,2061,True
23502,3978,False
23503,3196,False
23504,2793,False
23505,4004,False
23506,1918,True
23507,2089,True
23508,2377,True
23509,2251,True
23510,2087,True
23511,1817,True
23512,2327,False
23513,3443,False
23514,2059,True
23515,2301,False
23516,2240,False
23517,2463,True
23518,4288,True
23519,2055,True
23520,2416,True
23521,2228,True
23522,1705,False
23523,3259,False
23524,2866,True
23525,2143,False
23526,3206,False
23527,2384,False
23528,3205,False
23529,1949,False
23530,3632,False
23531,2186,True
23532,2176,False
23533,2191,True
23534,1906,True
23535,3132,True
23536,3232,False
23537,2192,False
23538,2192,True
23539,2250,False
23540,2403,False
23541,3078,False
23542,2307,True
23543,1968,True
23544,2470,True
23545,3240,True
23546,801,True
23547,2054,True
23548,367,False
23549,3284,False
23550,2330,True
23551,2180,True
23552,2975,False
23553,2342,True
23554,2591,True
23555,2429,False
23556,3080,True
23557,2783,False
23558,2455,False
23559,2150,False
23560,3063,False
23561,2893,True
23562,3366,False
23563,1590,True
23564,1834,True
23565,2592,True
23566,2785,False
23567,1641,True
23568,2687,True
23569,1600,True
23570,2088,False
23571,2772,False
23572,2365,True
23573,3256,False
23574,1857,True
23575,3068,True
23576,2153,False
23577,2592,False
23578,2089,True
23579,2258,False
23580,2201,False
23581,3381,True
23582,2219,True
23583,1256,False
23584,1246,False
23585,2593,False
23586,2790,False
23587,3034,False
23588,1767,True
23589,2427,True
23590,3003,False
23591,2439,True
23592,1671,True
23593,2372,True
23594,1790,True
23595,2226,False
23596,2352,True
23597,2504,False
23598,2565,True
23599,2012,False
23600,2656,False
23601,2306,False
23602,2310,False
23603,2877,False
23604,2650,True
23605,3125,False
23606,2186,False
23607,2685,False
23608,2243,True
23609,2642,False
23610,3092,True
23611,3187,False
23612,1969,True
23613,2302,True
23614,1773,True
23615,3001,True
23616,3216,False
23617,2281,True
23618,2960,False
23619,2899,False
23620,3993,True
23621,3658,True
23622,2689,False
23623,1834,True
23624,2326,False
23625,1836,True
23626,2102,True
23627,3047,True
23628,3469,False
23629,2961,False
23630,2341,True
23631,2749,True
23632,1504,True
23633,2492,True
23634,1323,True
23635,2443,True
23636,2314,True
23637,3560,False
23638,1833,False
23639,2663,True
23640,1950,False
23641,1815,True
23642,2073,True
23643,1519,True
23644,3355,True
23645,2745,True
23646,2478,False
23647,3274,False
23648,2427,True
23649,2939,False
23650,2525,False
23651,2504,True
23652,3048,True
23653,2578,False
23654,1773,True
23655,2988,True
23656,1955,False
23657,1990,False
23658,1793,False
23659,2597,False
23660,2309,False
23661,2896,False
23662,2125,True
23663,2373,False
23664,3289,False
23665,1834,False
23666,2753,False
23667,1849,False
23668,2571,False
23669,2907,False
23670,2303,True
23671,4535,True
23672,1720,True
23673,3590,False
23674,2204,False
23675,3261,False
23676,1979,False
23677,2277,True
23678,1614,False
23679,4207,True
23680,3206,True
23681,3148,True
23682,1998,True
23683,1604,False
23684,3282,True
23685,2999,False
23686,3586,False
23687,1134,False
23688,2451,True
23689,2326,False
23690,1868,True
23691,3025,True
23692,2353,True
23693,2074,False
23694,2440,True
23695,2394,True
23696,3324,True
23697,3676,True
23698,3454,False
23699,3111,False
23700,4028,True
23701,3165,False
23702,1970,True
23703,2062,True
23704,2292,True
23705,3105,False
23706,1344,False
23707,2048,True
23708,2558,True
23709,1698,True
23710,3394,False
23711,2667,True
23712,2079,True
23713,2935,False
23714,2374,False
23715,2473,False
23716,2235,True
23717,1915,False
23718,2015,False
23719,1699,False
23720,2737,False
23721,1630,True
23722,1908,False
23723,3243,True
23724,2953,True
23725,1934,False
23726,1979,True
23727,2737,False
23728,2992,False
23729,1921,True
23730,2661,True
23731,2453,True
23732,2408,True
23733,3619,False
23734,3631,True
23735,1580,False
23736,2577,False
23737,2212,True
23738,2232,True
23739,3031,False
23740,2112,True
23741,3188,True
23742,2043,True
23743,2409,False
23744,2792,False
23745,1301,False
23746,1983,False
23747,3428,True
23748,2820,True
23749,3219,True
23750,3653,False
23751,1565,True
23752,2684,False
23753,2502,False
23754,2984,False
23755,2067,True
23756,2764,True
23757,1832,True
23758,2075,False
23759,1773,False
23760,3221,True
23761,2021,True
23762,1452,True
23763,3393,False
23764,2351,False
23765,2213,False
23766,2707,True
23767,2686,True
23768,2369,False
23769,1700,True
23770,2122,False
23771,2566,False
23772,2119,True
23773,1863,False
23774,2476,True
23775,1946,True
23776,3406,False
23777,1980,True
23778,1925,True
23779,2623,False
23780,1493,True
23781,2765,True
23782,2771,True
23783,1638,True
23784,2643,True
23785,2046,False
23786,3219,True
23787,2398,False
23788,3133,False
23789,2882,True
23790,1883,True
23791,1935,False
23792,3216,True
23793,2749,True
23794,2861,True
23795,2838,False
23796,2512,True
23797,2369,True
23798,2013,False
23799,3274,True
23800,2420,False
23801,2193,True
23802,2786,True
23803,2408,True
23804,3767,False
23805,1759,True
23806,3005,False
23807,1863,True
23808,2213,True
23809,3418,False
23810,2656,False
23811,1948,True
23812,3441,False
23813,2140,False
23814,3470,False
23815,2325,False
23816,2375,True
23817,1966,True
23818,2571,False
23819,2514,True
23820,2216,False
23821,2926,False
23822,3288,False
23823,2056,False
23824,1856,True
23825,2011,True
23826,1840,False
23827,3026,False
23828,2414,False
23829,2097,False
23830,2991,False
23831,3610,True
23832,3008,True
23833,2059,False
23834,2244,False
23835,2358,True
23836,3367,False
23837,2084,False
23838,2603,True
23839,1772,True
23840,2121,False
23841,2774,False
23842,1754,True
23843,2080,True
23844,1202,True
23845,2344,False
23846,2321,True
23847,3475,False
23848,2947,True
23849,1847,False
23850,1473,False
23851,1698,True
23852,2854,True
23853,3395,False
23854,1735,True
23855,2738,False
23856,3140,True
23857,2635,True
23858,1679,True
23859,1955,True
23860,2714,True
23861,2546,True
23862,2132,True
23863,2174,True
23864,2057,True
23865,2678,True
23866,2809,False
23867,3177,True
23868,2948,True
23869,2043,True
23870,3353,True
23871,4156,True
23872,2187,True
23873,1509,False
23874,2809,False
23875,2437,True
23876,3412,False
23877,2196,True
23878,2229,True
23879,2036,True
23880,2957,True
23881,2554,True
23882,3189,False
23883,2549,False
23884,2522,True
23885,2191,False
23886,2341,False
23887,1891,False
23888,1911,True
23889,2778,True
23890,2258,True
23891,2136,True
23892,1985,True
23893,2983,False
23894,3358,False
23895,2596,True
23896,3098,False
23897,1699,True
23898,2526,True
23899,2528,True
23900,2323,True
23901,2498,False
23902,2246,False
23903,2158,False
23904,1605,True
23905,1981,True
23906,2628,False
23907,3213,True
23908,2102,False
23909,3434,True
23910,3933,False
23911,2097,True
23912,3196,False
23913,2317,True
23914,1101,False
23915,2777,False
23916,1941,False
23917,2663,False
23918,1739,True
23919,1489,True
23920,2549,True
23921,3133,False
23922,2976,True
23923,2653,False
23924,2223,False
23925,1977,False
23926,2343,True
23927,3740,True
23928,2819,False
23929,1996,True
23930,2425,True
23931,2663,False
23932,1572,True
23933,1837,True
23934,2227,False
23935,1818,True
23936,2905,True
23937,2347,False
23938,2342,False
23939,3104,False
23940,2326,False
23941,1889,False
23942,2151,False
23943,1958,False
23944,2195,True
23945,2332,False
23946,2712,False
23947,3113,True
23948,2650,False
23949,2338,True
23950,1956,False
23951,1995,True
23952,3918,True
23953,2922,True
23954,2666,False
23955,2479,False
23956,2838,False
23957,2159,False
23958,2449,False
23959,3527,False
23960,3145,False
23961,2494,False
23962,2923,False
23963,1532,True
23964,2536,False
23965,2443,True
23966,2083,False
23967,2338,True
23968,2530,False
23969,1797,False
23970,2338,True
23971,1846,True
23972,2401,True
23973,2661,True
23974,2541,False
23975,3692,False
23976,2401,False
23977,2404,False
23978,2189,False
23979,2620,False
23980,2612,True
23981,2537,True
23982,3465,True
23983,2123,False
23984,2821,False
23985,2163,True
23986,3410,False
23987,2461,True
23988,5222,True
23989,2065,True
23990,2358,False
23991,2750,False
23992,1940,False
23993,2339,False
23994,1845,True
23995,1801,True
23996,3057,False
23997,2158,False
23998,2741,True
23999,2006,True
24000,2351,False
24001,1971,True
24002,2538,False
24003,2531,False
24004,3137,False
24005,2157,True
24006,2369,False
24007,2075,False
24008,3935,False
24009,2263,True
24010,3131,True
24011,2712,False
24012,2696,True
24013,2802,False
24014,3797,False
24015,2672,False
24016,1867,True
24017,2836,True
24018,2168,True
24019,3578,False
24020,2586,False
24021,2934,False
24022,4095,True
24023,2195,True
24024,1819,True
24025,2274,True
24026,2435,False
24027,3078,False
24028,2918,False
24029,2446,False
24030,2844,False
24031,2407,False
24032,2855,False
24033,2173,False
24034,1803,True
24035,2327,False
24036,3196,False
24037,3391,True
24038,2617,False
24039,1734,False
24040,2284,True
24041,3528,False
24042,2470,True
24043,3799,False
24044,3372,True
24045,1421,True
24046,1559,True
24047,2963,False
24048,2964,True
24049,2326,False
24050,2554,True
24051,2891,True
24052,1647,True
24053,1619,True
24054,1378,False
24055,2183,True
24056,2385,True
24057,2450,False
24058,1509,True
24059,3570,True
24060,2616,False
24061,2529,False
24062,1893,True
24063,2969,False
24064,3121,True
24065,3492,True
24066,1932,True
24067,2338,True
24068,2044,True
24069,2235,False
24070,1896,False
24071,2576,False
24072,2436,True
24073,2777,True
24074,3065,False
24075,3245,True
24076,3460,False
24077,2813,True
24078,2809,True
24079,2399,False
24080,1995,False
24081,1756,True
24082,2532,False
24083,2444,True
24084,1658,True
24085,2339,True
24086,2170,True
24087,2613,False
24088,3026,False
24089,3161,False
24090,2055,True
24091,2836,False
24092,1984,False
24093,1824,False
24094,2479,True
24095,4013,False
24096,2596,False
24097,2689,False
24098,2651,False
24099,3775,True
24100,3582,True
24101,2552,False
24102,2213,True
24103,2827,False
24104,1973,True
24105,1858,True
24106,3483,True
24107,1973,False
24108,1837,True
24109,2115,False
24110,1953,True
24111,2264,True
24112,3562,True
24113,3439,True
24114,1863,True
24115,1852,True
24116,4223,False
24117,2776,False
24118,1783,True
24119,2980,True
24120,1797,True
24121,1589,True
24122,2221,False
24123,2658,True
24124,2463,True
24125,3288,False
24126,2672,False
24127,2343,True
24128,2400,True
24129,2419,False
24130,1920,False
24131,2612,False
24132,1917,False
24133,3122,False
24134,1914,False
24135,3570,True
24136,2398,True
24137,2494,True
24138,2976,False
24139,3131,True
24140,1712,False
24141,1937,True
24142,2526,False
24143,2979,True
24144,2464,True
24145,2338,False
24146,2906,False
24147,1742,True
24148,2983,True
24149,2710,True
24150,1902,False
24151,4137,True
24152,2505,True
24153,2421,False
24154,2565,False
24155,2111,False
24156,1989,True
24157,2469,False
24158,1543,False
24159,3627,False
24160,3739,False
24161,2231,False
24162,2862,True
24163,2294,False
24164,2143,True
24165,2092,False
24166,2815,True
24167,2478,True
24168,2414,False
24169,3291,False
24170,2225,False
24171,2183,True
24172,3085,False
24173,2781,False
24174,4348,False
24175,1794,True
24176,2492,True
24177,2065,True
24178,2624,False
24179,2281,False
24180,2126,False
24181,1972,True
24182,1958,False
24183,2238,False
24184,1667,False
24185,2004,True
24186,2586,False
24187,2732,False
24188,1931,True
24189,2165,False
24190,3190,True
24191,2923,True
24192,3100,True
24193,2730,False
24194,2638,False
24195,2720,False
24196,2624,False
24197,2120,False
24198,2053,False
24199,3338,True
24200,1950,True
24201,3075,False
24202,2753,True
24203,2775,False
24204,2619,False
24205,3053,True
24206,1880,True
24207,3475,False
24208,3196,False
24209,2046,True
24210,2295,False
24211,2018,False
24212,2356,True
24213,2420,False
24214,2056,True
24215,2323,True
24216,1634,False
24217,2677,True
24218,2118,False
24219,1885,True
24220,264,False
24221,1425,True
24222,2689,False
24223,2218,True
24224,2073,True
24225,2779,True
24226,1575,True
24227,1842,True
24228,2903,False
24229,1826,True
24230,3056,True
24231,2469,False
24232,1556,True
24233,2876,True
24234,2319,True
24235,3522,True
24236,2069,True
24237,3387,False
24238,3880,False
24239,2244,True
24240,2524,True
24241,2523,True
24242,1676,True
24243,2641,True
24244,2693,False
24245,2702,True
24246,2384,True
24247,3144,False
24248,1736,True
24249,2524,True
24250,2579,True
24251,1432,True
24252,2404,False
24253,2677,True
24254,3431,False
24255,3414,True
24256,2656,True
24257,3865,False
24258,2160,True
24259,2635,False
24260,1787,True
24261,2221,True
24262,2527,True
24263,2853,False
24264,2360,True
24265,2194,True
24266,1914,False
24267,3022,False
24268,3785,False
24269,2152,False
24270,3093,True
24271,3276,True
24272,3688,False
24273,1239,True
24274,3651,False
24275,2119,True
24276,4182,False
24277,2461,False
24278,3071,True
24279,3206,False
24280,2833,True
24281,2442,False
24282,2839,False
24283,2933,True
24284,1990,True
24285,2326,True
24286,2554,True
24287,2790,False
24288,1671,False
24289,2417,True
24290,2323,True
24291,1985,False
24292,3209,True
24293,2113,True
24294,3389,True
24295,2859,True
24296,3086,True
24297,2119,True
24298,1600,False
24299,3344,False
24300,2376,True
24301,1042,True
24302,2667,False
24303,2425,True
24304,2853,False
24305,1669,True
24306,1682,True
24307,3405,False
24308,2140,False
24309,2888,True
24310,3213,True
24311,4490,True
24312,2266,False
24313,2631,True
24314,2643,True
24315,2175,False
24316,2279,True
24317,2134,False
24318,2064,False
24319,2144,False
24320,2624,True
24321,2695,False
24322,1712,False
24323,1656,True
24324,3034,True
24325,3395,True
24326,2821,False
24327,1479,True
24328,1474,False
24329,3491,False
24330,3514,True
24331,1858,True
24332,3038,False
24333,3837,True
24334,2223,False
24335,2994,False
24336,1633,True
24337,1960,False
24338,2552,False
24339,2539,False
24340,1870,False
24341,2938,False
24342,2344,True
24343,2500,False
24344,3416,True
24345,2449,True
24346,2171,False
24347,1843,True
24348,1247,True
24349,2366,False
24350,2554,True
24351,1744,True
24352,589,False
24353,2277,False
24354,2505,False
24355,1131,False
24356,2460,False
24357,1066,False
24358,1966,False
24359,2347,True
24360,3229,True
24361,2626,True
24362,1817,True
24363,3652,False
24364,1636,True
24365,2444,False
24366,1782,True
24367,2650,False
24368,1944,True
24369,1306,True
24370,2028,True
24371,4738,False
24372,2085,False
24373,1778,True
24374,2168,True
24375,2640,True
24376,2442,False
24377,3077,False
24378,1772,True
24379,2606,True
24380,1716,True
24381,2618,True
24382,2208,True
24383,2222,True
24384,2658,True
24385,1833,True
24386,605,False
24387,2182,False
24388,2150,True
24389,2014,False
24390,1441,True
24391,3292,False
24392,4322,False
24393,2363,False
24394,2823,True
24395,2320,True
24396,2314,True
24397,2388,True
24398,2553,True
24399,2100,False
24400,2601,True
24401,2073,True
24402,2060,False
24403,2499,False
24404,1525,False
24405,2378,False
24406,2264,False
24407,1795,False
24408,2054,True
24409,3479,False
24410,1973,True
24411,2204,True
24412,4088,False
24413,2948,True
24414,1948,False
24415,2641,False
24416,2162,False
24417,1785,True
24418,2263,False
24419,2583,False
24420,2187,False
24421,3349,True
24422,2483,True
24423,2030,False
24424,1906,False
24425,1927,False
24426,2409,False
24427,1776,True
24428,2087,False
24429,3191,True
24430,2113,True
24431,2289,True
24432,1562,False
24433,2762,False
24434,1879,False
24435,3004,True
24436,2062,True
24437,1721,False
24438,1190,True
24439,2002,True
24440,1640,True
24441,1693,False
24442,1906,False
24443,3231,False
24444,2123,False
24445,4280,True
24446,1649,False
24447,2229,True
24448,2259,True
24449,2771,True
24450,1984,True
24451,2004,False
24452,3035,True
24453,3131,True
24454,3661,True
24455,1716,False
24456,1638,False
24457,2752,True
24458,2728,False
24459,3259,True
24460,1490,True
24461,3287,True
24462,4050,True
24463,1501,False
24464,2479,True
24465,3150,True
24466,2884,False
24467,1713,True
24468,3225,False
24469,2834,True
24470,1885,True
24471,2739,False
24472,2109,True
24473,2471,True
24474,202,False
24475,1923,True
24476,2492,True
24477,2803,True
24478,2030,False
24479,2409,False
24480,1929,True
24481,2703,True
24482,3353,False
24483,2939,False
24484,2270,False
24485,1553,True
24486,1600,True
24487,2567,False
24488,1823,True
24489,4587,True
24490,2742,False
24491,2566,False
24492,1819,True
24493,1592,True
24494,2298,False
24495,2426,False
24496,2199,True
24497,1628,False
24498,3024,False
24499,2227,False
24500,2046,True
24501,2764,False
24502,2151,False
24503,1939,True
24504,1831,False
24505,2026,True
24506,2399,False
24507,2683,False
24508,1923,False
24509,2251,False
24510,4330,False
24511,2347,False
24512,3597,False
24513,2590,False
24514,2632,True
24515,2873,True
24516,2051,True
24517,1966,True
24518,2536,True
24519,1522,False
24520,2226,True
24521,3384,True
24522,2662,False
24523,3031,False
24524,2489,False
24525,2787,True
24526,1352,True
24527,2388,True
24528,2625,False
24529,2845,False
24530,2519,True
24531,3404,False
24532,2746,True
24533,2067,False
24534,2502,True
24535,3151,False
24536,2529,True
24537,3210,True
24538,2846,False
24539,1382,True
24540,1754,False
24541,1518,False
24542,3697,True
24543,1912,True
24544,1861,True
24545,2054,True
24546,2354,False
24547,807,True
24548,2908,True
24549,2864,True
24550,2428,False
24551,2240,True
24552,3083,True
24553,1958,False
24554,2547,True
24555,2835,True
24556,2472,True
24557,2420,True
24558,2169,True
24559,1933,False
24560,2654,False
24561,4761,False
24562,3119,False
24563,2348,True
24564,2233,False
24565,2063,True
24566,3857,False
24567,1786,True
24568,3915,True
24569,3021,False
24570,2509,False
24571,2989,True
24572,1891,True
24573,2670,False
24574,1210,True
24575,2180,False
24576,3023,True
24577,2277,False
24578,4052,True
24579,2647,False
24580,3110,True
24581,2158,True
24582,2640,False
24583,2201,False
24584,2827,True
24585,3103,False
24586,2844,False
24587,3292,True
24588,1935,False
24589,2554,False
24590,3030,False
24591,2298,False
24592,1851,False
24593,1643,False
24594,2379,True
24595,2167,True
24596,1978,True
24597,2046,True
24598,2393,False
24599,3223,False
24600,1473,False
24601,2314,False
24602,3431,True
24603,1756,False
24604,1101,False
24605,2369,False
24606,2362,True
24607,2786,False
24608,2245,False
24609,2494,False
24610,1818,True
24611,2911,False
24612,2592,False
24613,1893,True
24614,1523,True
24615,2400,False
24616,2387,True
24617,1946,True
24618,2022,True
24619,3450,True
24620,2179,True
24621,2039,True
24622,3271,False
24623,2376,False
24624,2619,False
24625,2842,False
24626,1361,False
24627,2123,False
24628,2266,True
24629,2315,False
24630,2463,True
24631,2402,False
24632,2028,True
24633,3084,True
24634,1790,False
24635,4027,False
24636,2084,False
24637,2493,False
24638,3243,False
24639,1916,False
24640,1844,False
24641,2662,False
24642,2506,True
24643,2472,False
24644,1615,True
24645,1840,False
24646,2262,True
24647,2274,True
24648,2038,False
24649,2623,False
24650,2625,True
24651,2443,False
24652,2418,False
24653,2632,True
24654,3509,False
24655,1716,True
24656,3852,False
24657,2186,False
24658,2368,True
24659,2046,False
24660,2158,False
24661,1564,True
24662,1621,True
24663,2968,True
24664,3019,True
24665,3020,False
24666,2677,True
24667,1420,True
24668,1798,False
24669,1766,True
24670,2674,True
24671,2592,True
24672,1708,False
24673,3139,False
24674,2163,True
24675,2393,True
24676,2240,False
24677,2347,True
24678,2330,False
24679,4459,True
24680,1949,True
24681,2499,True
24682,2930,False
24683,2196,True
24684,2854,False
24685,2449,False
24686,2148,False
24687,1292,False
24688,2205,True
24689,3015,False
24690,2717,True
24691,2709,True
24692,2540,True
24693,1687,True
24694,2326,True
24695,2801,False
24696,1905,True
24697,2942,False
24698,2779,False
24699,2525,True
24700,2647,False
24701,2790,True
24702,1798,True
24703,3016,False
24704,2787,False
24705,1281,True
24706,2574,True
24707,1564,True
24708,2754,True
24709,2230,False
24710,2332,False
24711,1763,True
24712,2194,False
24713,2586,False
24714,1381,True
24715,1296,False
24716,2255,True
24717,2597,True
24718,2474,False
24719,3326,False
24720,2143,False
24721,2631,True
24722,1895,True
24723,2817,False
24724,2682,True
24725,1227,False
24726,1499,False
24727,3192,False
24728,1665,True
24729,2563,False
24730,2636,True
24731,2553,False
24732,2358,False
24733,2218,True
24734,2674,True
24735,2959,False
24736,1969,False
24737,2478,True
24738,2301,True
24739,1594,False
24740,1997,True
24741,2631,True
24742,2913,True
24743,2304,True
24744,3270,False
24745,1281,True
24746,2046,False
24747,3263,True
24748,2008,True
24749,2070,False
24750,2031,True
24751,2556,True
24752,2553,False
24753,3201,False
24754,1773,False
24755,2379,True
24756,2849,False
24757,1279,False
24758,1686,True
24759,1871,False
24760,3443,False
24761,3071,True
24762,3363,False
24763,2846,False
24764,2910,False
24765,2364,False
24766,2301,True
24767,1892,True
24768,2864,False
24769,2809,False
24770,2854,True
24771,2632,False
24772,3467,True
24773,1926,True
24774,1714,True
24775,4005,True
24776,2159,False
24777,2263,False
24778,2955,False
24779,2820,False
24780,2365,False
24781,997,True
24782,3109,True
24783,2772,False
24784,3305,True
24785,2515,True
24786,2552,False
24787,2551,True
24788,2273,False
24789,2577,True
24790,1739,False
24791,2167,True
24792,2417,False
24793,2666,False
24794,1615,False
24795,3403,False
24796,2475,True
24797,1715,True
24798,1527,True
24799,2698,False
24800,2466,True
24801,3083,False
24802,1594,True
24803,2570,False
24804,3456,True
24805,2902,False
24806,3375,True
24807,2235,True
24808,2311,False
24809,2913,False
24810,3412,False
24811,2014,True
24812,2026,True
24813,3543,True
24814,1847,False
24815,2710,False
24816,2609,False
24817,3614,False
24818,2936,True
24819,1600,True
24820,2490,True
24821,2481,False
24822,2693,False
24823,2841,True
24824,2410,True
24825,2203,False
24826,2172,False
24827,1981,False
24828,2213,True
24829,2908,False
24830,2622,True
24831,2581,False
24832,3236,True
24833,1938,True
24834,2032,False
24835,2190,True
24836,1499,False
24837,2034,True
24838,2484,True
24839,2544,False
24840,1586,False
24841,3375,False
24842,2401,False
24843,3009,False
24844,2800,False
24845,2857,True
24846,3238,True
24847,2615,True
24848,2563,False
24849,2116,False
24850,1671,True
24851,3356,True
24852,1890,False
24853,1637,True
24854,2095,True
24855,1715,True
24856,2519,False
24857,1489,True
24858,1637,True
24859,3023,False
24860,2573,True
24861,2049,False
24862,2375,False
24863,2651,False
24864,2391,True
24865,3910,False
24866,2808,True
24867,2908,True
24868,2438,True
24869,2199,False
24870,1847,False
24871,1680,True
24872,3179,False
24873,3050,False
24874,2789,False
24875,4038,False
24876,2536,True
24877,1687,False
24878,3015,False
24879,3565,True
24880,3580,True
24881,1991,False
24882,1528,True
24883,2163,True
24884,2340,False
24885,2259,True
24886,2084,False
24887,1685,False
24888,2364,False
24889,1525,True
24890,1918,False
24891,2186,True
24892,1545,True
24893,3023,False
24894,4109,True
24895,2133,True
24896,3016,False
24897,3027,False
24898,2008,False
24899,2258,False
24900,2929,False
24901,2123,True
24902,2971,True
24903,2557,True
24904,1589,False
24905,2631,False
24906,3214,False
24907,1906,False
24908,2212,False
24909,1624,False
24910,2082,True
24911,2203,True
24912,3113,True
24913,1939,True
24914,2927,False
24915,2938,False
24916,1934,True
24917,3012,False
24918,3526,True
24919,3055,True
24920,3226,False
24921,1974,True
24922,2255,False
24923,2937,False
24924,2182,True
24925,3350,False
24926,2092,False
24927,2119,False
24928,1996,True
24929,2176,True
24930,3038,False
24931,2546,False
24932,2146,True
24933,3359,True
24934,2019,False
24935,2823,True
24936,1533,True
24937,2703,False
24938,1561,True
24939,2030,False
24940,2935,True
24941,2548,True
24942,2388,False
24943,1752,True
24944,2424,False
24945,1174,True
24946,1962,True
24947,2226,False
24948,3164,False
24949,2008,False
24950,2363,True
24951,2179,False
24952,2623,True
24953,1795,False
24954,2873,False
24955,2599,False
24956,2327,False
24957,3699,False
24958,2550,False
24959,2232,True
24960,2036,True
24961,3548,True
24962,2245,False
24963,1891,False
24964,1775,False
24965,2053,True
24966,2344,True
24967,2874,False
24968,1370,False
24969,1303,False
24970,3315,True
24971,2161,False
24972,2814,False
24973,2371,False
24974,2710,False
24975,2220,False
24976,2625,True
24977,1687,True
24978,2490,False
24979,1891,False
24980,3408,False
24981,2673,False
24982,2342,False
24983,3306,True
24984,2705,True
24985,2074,True
24986,2590,False
24987,2383,True
24988,2765,False
24989,2364,True
24990,2035,False
24991,2707,False
24992,1757,True
24993,1598,False
24994,2236,True
24995,1659,True
24996,1910,True
24997,2094,True
24998,3204,False
24999,2500,True
25000,2516,True
25001,2387,True
25002,3104,False
25003,2976,False
25004,2185,True
25005,2527,True
25006,2211,True
25007,2851,False
25008,2440,True
25009,1929,True
25010,2014,True
25011,2332,True
25012,1786,True
25013,3913,True
25014,2133,True
25015,2747,False
25016,2793,True
25017,2617,False
25018,3946,False
25019,2148,True
25020,2147,False
25021,3576,False
25022,2627,False
25023,2597,False
25024,2487,False
25025,3114,True
25026,2004,False
25027,2762,False
25028,1919,True
25029,2677,False
25030,3769,True
25031,3248,False
25032,2913,True
25033,2267,True
25034,1921,True
25035,2715,False
25036,2471,True
25037,2362,False
25038,1821,False
25039,2660,True
25040,2505,False
25041,1977,True
25042,3081,False
25043,1764,False
25044,2417,True
25045,2834,False
25046,2815,True
25047,3231,False
25048,2403,False
25049,2417,False
25050,2306,False
25051,2240,False
25052,2024,False
25053,3707,True
25054,2391,True
25055,3025,True
25056,2640,True
25057,3736,True
25058,1702,False
25059,2448,True
25060,3317,True
25061,3336,False
25062,2610,True
25063,2346,False
25064,3056,False
25065,2977,True
25066,2218,False
25067,1531,False
25068,2063,True
25069,2217,True
25070,2397,False
25071,2043,True
25072,3198,False
25073,2340,False
25074,3203,False
25075,1966,False
25076,1937,False
25077,2475,True
25078,2555,False
25079,2564,True
25080,2974,False
25081,1909,True
25082,2788,False
25083,3045,True
25084,3596,True
25085,3235,True
25086,2870,True
25087,1695,False
25088,2090,True
25089,1792,False
25090,2609,True
25091,2841,False
25092,2366,False
25093,4577,False
25094,3164,True
25095,2875,False
25096,1622,True
25097,2891,True
25098,2190,True
25099,2711,False
25100,2208,False
25101,1698,False
25102,2045,True
25103,2172,True
25104,2610,True
25105,2175,True
25106,1808,True
25107,2907,True
25108,2981,False
25109,2196,True
25110,2449,False
25111,3410,False
25112,1573,False
25113,2146,False
25114,3584,False
25115,2146,True
25116,2999,True
25117,2618,True
25118,1722,False
25119,2445,False
25120,3049,True
25121,3421,True
25122,1898,False
25123,2229,False
25124,2057,False
25125,2430,True
25126,3125,False
25127,1839,False
25128,1763,True
25129,3961,False
25130,1914,False
25131,1794,False
25132,1921,True
25133,2345,True
25134,2733,True
25135,3020,False
25136,2343,False
25137,2815,True
25138,2193,False
25139,2196,False
25140,2285,True
25141,2526,True
25142,1965,False
25143,2471,True
25144,2067,False
25145,3516,True
25146,1889,False
25147,1384,False
25148,2325,True
25149,3010,True
25150,2110,True
25151,2169,True
25152,1995,True
25153,2278,True
25154,2586,False
25155,1574,True
25156,2541,False
25157,1908,False
25158,1926,True
25159,1965,False
25160,2157,True
25161,2970,True
25162,2904,False
25163,2570,True
25164,3018,True
25165,2694,False
25166,2068,True
25167,2345,False
25168,2140,True
25169,2064,False
25170,1520,True
25171,1589,True
25172,3510,False
25173,2115,True
25174,2333,True
25175,2382,True
25176,1461,True
25177,3537,False
25178,2033,True
25179,1755,True
25180,2666,True
25181,3534,True
25182,2056,True
25183,2211,True
25184,2678,True
25185,2296,False
25186,2196,True
25187,2542,False
25188,1256,False
25189,2131,False
25190,1797,False
25191,2062,True
25192,2747,False
25193,3722,False
25194,3037,True
25195,2412,False
25196,2562,True
25197,2341,False
25198,2902,True
25199,2537,False
25200,2497,True
25201,1645,False
25202,2564,True
25203,3422,True
25204,2126,False
25205,1503,True
25206,2233,False
25207,2003,False
25208,2648,True
25209,3218,True
25210,1781,False
25211,2175,False
25212,1454,False
25213,2157,False
25214,1673,True
25215,2452,True
25216,1413,True
25217,2149,True
25218,2761,False
25219,1080,True
25220,3286,False
25221,1606,True
25222,2275,False
25223,3005,True
25224,1962,False
25225,2144,False
25226,1855,True
25227,1514,False
25228,1593,True
25229,3066,False
25230,2407,False
25231,2613,True
25232,2721,False
25233,2889,True
25234,1914,False
25235,2276,True
25236,1490,True
25237,2996,False
25238,3079,True
25239,2165,True
25240,2278,False
25241,2433,False
25242,2073,True
25243,3691,True
25244,2989,True
25245,1942,False
25246,1549,False
25247,2001,True
25248,3819,False
25249,2600,False
25250,1730,True
25251,2227,False
25252,2318,True
25253,2300,True
25254,1953,False
25255,2290,False
25256,2166,False
25257,2781,False
25258,2156,True
25259,2486,True
25260,2720,True
25261,3477,True
25262,3584,False
25263,2313,False
25264,3139,False
25265,3044,True
25266,2157,False
25267,2660,False
25268,2235,True
25269,2518,False
25270,1643,True
25271,2244,False
25272,2141,False
25273,3218,True
25274,2284,True
25275,2165,True
25276,1795,True
25277,3199,True
25278,3334,True
25279,2347,True
25280,1930,False
25281,2999,True
25282,1868,False
25283,2394,False
25284,3379,False
25285,3596,False
25286,2906,True
25287,2013,True
25288,2487,False
25289,2913,True
25290,3072,False
25291,739,True
25292,2543,False
25293,2017,False
25294,2863,False
25295,2613,True
25296,1822,True
25297,1470,False
25298,2904,True
25299,2225,True
25300,2086,False
25301,2174,True
25302,3464,False
25303,2112,False
25304,1888,True
25305,1683,True
25306,2856,False
25307,2527,True
25308,1792,False
25309,3307,False
25310,2399,False
25311,1475,True
25312,1947,True
25313,2753,False
25314,2147,False
25315,2790,False
25316,2423,True
25317,2769,False
25318,2686,False
25319,1740,True
25320,1758,False
25321,2218,False
25322,2729,False
25323,2603,True
25324,3291,True
25325,2287,False
25326,2042,True
25327,4128,False
25328,729,True
25329,2021,True
25330,1702,True
25331,1844,True
25332,2761,False
25333,1497,True
25334,1742,False
25335,2446,False
25336,2376,True
25337,1877,False
25338,1899,True
25339,2530,True
25340,3448,False
25341,2042,True
25342,1735,True
25343,2390,False
25344,3690,True
25345,2372,False
25346,2042,True
25347,2155,True
25348,1565,True
25349,2451,False
25350,2319,False
25351,2967,True
25352,3274,False
25353,1723,True
25354,3340,True
25355,2146,True
25356,2378,True
25357,2680,True
25358,3260,False
25359,3022,True
25360,1908,False
25361,1783,True
25362,1849,False
25363,3510,True
25364,4003,False
25365,3826,False
25366,2356,False
25367,3420,False
25368,3660,True
25369,2324,False
25370,2027,False
25371,2906,False
25372,1997,True
25373,1824,True
25374,2148,False
25375,2468,True
25376,2515,True
25377,1856,False
25378,1855,False
25379,2848,True
25380,2975,False
25381,1853,True
25382,2427,True
25383,2517,True
25384,2586,False
25385,3023,False
25386,2084,False
25387,1566,False
25388,2594,False
25389,2226,True
25390,2501,False
25391,2108,True
25392,2604,True
25393,3197,False
25394,2515,True
25395,2011,True
25396,2230,True
25397,2391,False
25398,2614,True
25399,2097,False
25400,2218,True
25401,3136,False
25402,1699,False
25403,1530,True
25404,2167,True
25405,2871,True
25406,2255,True
25407,2530,True
25408,2021,False
25409,2680,True
25410,2501,False
25411,3635,True
25412,3139,False
25413,2016,True
25414,2058,True
25415,2354,True
25416,1557,True
25417,1730,True
25418,2797,True
25419,3049,False
25420,2107,False
25421,2555,True
25422,2119,False
25423,2502,True
25424,2207,False
25425,3588,True
25426,2405,True
25427,2361,True
25428,2002,True
25429,2361,False
25430,1973,False
25431,2503,True
25432,2308,True
25433,2416,False
25434,2223,True
25435,2040,True
25436,2057,True
25437,3189,True
25438,2130,True
25439,2815,False
25440,2627,False
25441,2567,False
25442,2454,True
25443,3174,True
25444,2078,False
25445,1995,False
25446,2178,False
25447,2492,True
25448,2619,True
25449,2695,True
25450,2063,False
25451,2234,False
25452,2150,False
25453,1901,True
25454,2424,False
25455,1597,False
25456,2552,False
25457,2497,True
25458,2603,True
25459,1744,True
25460,2583,False
25461,3813,True
25462,1914,True
25463,2659,True
25464,2455,True
25465,2471,False
25466,2436,True
25467,2025,False
25468,2036,False
25469,2431,False
25470,2233,False
25471,2541,True
25472,2345,False
25473,2370,False
25474,2947,False
25475,2962,False
25476,2263,False
25477,2828,True
25478,2594,False
25479,3042,False
25480,3165,True
25481,1494,True
25482,1980,False
25483,2528,False
25484,3109,False
25485,2115,True
25486,1914,True
25487,2666,False
25488,1906,False
25489,2114,True
25490,2298,False
25491,2307,True
25492,2654,True
25493,3533,False
25494,2321,True
25495,1990,True
25496,1371,True
25497,2571,True
25498,2465,False
25499,2983,False
25500,3741,True
25501,2913,False
25502,2174,True
25503,1808,True
25504,2572,False
25505,3545,False
25506,2200,True
25507,2439,True
25508,2145,True
25509,2747,True
25510,2187,True
25511,3500,True
25512,1624,False
25513,1580,True
25514,2478,True
25515,2576,True
25516,2027,False
25517,2728,True
25518,2941,True
25519,3225,False
25520,2001,True
25521,3502,False
25522,1676,True
25523,1955,True
25524,3046,True
25525,1988,True
25526,1711,False
25527,2644,True
25528,2318,False
25529,2470,False
25530,3625,True
25531,1825,False
25532,3019,True
25533,2406,True
25534,2568,False
25535,2351,False
25536,1849,True
25537,3024,True
25538,2724,False
25539,1702,True
25540,3675,True
25541,2440,False
25542,2503,True
25543,2734,True
25544,2156,True
25545,2708,True
25546,1703,False
25547,2791,True
25548,2385,True
25549,1283,True
25550,2362,True
25551,2150,False
25552,2057,False
25553,2063,False
25554,2837,False
25555,2386,True
25556,1768,True
25557,2784,True
25558,2672,True
25559,1851,False
25560,2154,True
25561,1182,True
25562,3145,True
25563,2147,False
25564,2925,False
25565,2273,False
25566,2194,True
25567,1409,True
25568,2485,False
25569,2343,True
25570,1558,True
25571,2354,False
25572,1955,True
25573,2977,False
25574,2879,True
25575,1587,True
25576,2566,False
25577,2426,False
25578,3760,True
25579,2314,False
25580,2884,False
25581,2334,True
25582,3036,True
25583,2995,False
25584,2273,True
25585,3019,False
25586,2169,True
25587,1815,True
25588,1677,False
25589,2494,False
25590,2233,True
25591,2874,True
25592,3552,False
25593,2237,True
25594,1677,False
25595,2204,True
25596,2593,True
25597,2395,False
25598,2945,True
25599,2600,True
25600,2382,True
25601,2052,True
25602,1890,False
25603,2270,False
25604,2273,False
25605,2551,True
25606,2933,False
25607,2901,True
25608,1750,False
25609,1433,True
25610,2339,True
25611,2181,True
25612,1591,True
25613,2481,True
25614,2215,False
25615,1933,True
25616,2899,True
25617,2429,True
25618,2252,True
25619,2810,True
25620,2145,False
25621,2278,True
25622,1625,True
25623,2411,True
25624,1633,True
25625,3652,False
25626,2879,False
25627,2348,False
25628,1926,False
25629,2183,True
25630,2218,False
25631,1607,False
25632,3014,True
25633,1709,False
25634,3261,False
25635,3158,False
25636,1976,True
25637,3071,True
25638,2459,True
25639,2321,True
25640,4012,True
25641,1379,True
25642,2870,True
25643,2080,True
25644,1785,True
25645,2785,True
25646,3752,False
25647,2154,False
25648,1468,True
25649,3808,False
25650,1434,False
25651,2637,True
25652,2685,False
25653,2117,False
25654,2578,False
25655,2584,True
25656,2454,False
25657,3158,True
25658,3281,True
25659,2616,True
25660,2826,False
25661,2239,False
25662,2094,False
25663,3237,False
25664,2702,False
25665,2692,False
25666,2444,False
25667,2727,True
25668,2287,True
25669,3103,False
25670,1942,True
25671,2584,True
25672,3345,False
25673,2516,True
25674,2316,True
25675,2653,False
25676,1215,True
25677,2567,False
25678,4053,True
25679,2443,False
25680,3510,True
25681,2057,False
25682,2496,False
25683,1428,True
25684,3676,True
25685,2475,False
25686,406,True
25687,1532,True
25688,2142,False
25689,1964,True
25690,2596,False
25691,3327,False
25692,2503,True
25693,2997,True
25694,1909,False
25695,2282,True
25696,2642,True
25697,2400,False
25698,2148,False
25699,2245,False
25700,1910,False
25701,2664,False
25702,1731,False
25703,2635,False
25704,2079,True
25705,2944,False
25706,2909,False
25707,2012,False
25708,2357,True
25709,3445,False
25710,1745,True
25711,2253,True
25712,2611,True
25713,2326,True
25714,2634,True
25715,3704,True
25716,2331,False
25717,1585,False
25718,1768,True
25719,2520,False
25720,1319,True
25721,1780,True
25722,2460,True
25723,2184,True
25724,2138,True
25725,2322,False
25726,3660,True
25727,2496,True
25728,3448,False
25729,2552,True
25730,2513,True
25731,2456,False
25732,3440,False
25733,3575,False
25734,1986,True
25735,2304,False
25736,1737,True
25737,1636,True
25738,2454,False
25739,2256,True
25740,2471,True
25741,2399,True
25742,2566,True
25743,3094,False
25744,1615,True
25745,2026,False
25746,3097,False
25747,2043,False
25748,2122,False
25749,1863,True
25750,1960,True
25751,1918,False
25752,2813,False
25753,1946,False
25754,2080,True
25755,3102,False
25756,2974,False
25757,1881,True
25758,2909,False
25759,3624,False
25760,2517,False
25761,3063,False
25762,1746,True
25763,2249,True
25764,2578,True
25765,4124,True
25766,2555,True
25767,2002,False
25768,1741,True
25769,2476,False
25770,2268,False
25771,2391,True
25772,1971,True
25773,4020,True
25774,2377,False
25775,1942,True
25776,2226,True
25777,2599,True
25778,2820,False
25779,2825,True
25780,2294,False
25781,2581,True
25782,2259,False
25783,2754,False
25784,2405,False
25785,1967,True
25786,2154,False
25787,2002,True
25788,3003,True
25789,2002,True
25790,2028,False
25791,2184,True
25792,2949,True
25793,2020,False
25794,1981,True
25795,2069,False
25796,2362,False
25797,1947,False
25798,2634,False
25799,2079,True
25800,2685,True
25801,2756,True
25802,2003,True
25803,2980,False
25804,2241,False
25805,3338,True
25806,2839,False
25807,2529,False
25808,2184,False
25809,2884,False
25810,2519,True
25811,2273,False
25812,2902,False
25813,3455,True
25814,2334,False
25815,2658,False
25816,3507,True
25817,2324,True
25818,2658,False
25819,3116,False
25820,3873,False
25821,1850,True
25822,3371,True
25823,2353,False
25824,2906,True
25825,2138,False
25826,2213,False
25827,1404,True
25828,2957,False
25829,2298,True
25830,2599,False
25831,1890,False
25832,2700,True
25833,2790,False
25834,2176,False
25835,2860,False
25836,3008,False
25837,1609,True
25838,2603,False
25839,1646,False
25840,1919,True
25841,1897,False
25842,2980,False
25843,4358,False
25844,3601,False
25845,3443,False
25846,2071,False
25847,2957,False
25848,2259,True
25849,2308,True
25850,2333,True
25851,3686,True
25852,1572,True
25853,2712,True
25854,3000,False
25855,1503,False
25856,2252,False
25857,1803,True
25858,3063,False
25859,2415,True
25860,2928,False
25861,3457,False
25862,3609,False
25863,2163,False
25864,2567,True
25865,2173,False
25866,2820,True
25867,1622,False
25868,1512,True
25869,1401,True
25870,3270,False
25871,1922,True
25872,2120,False
25873,1977,True
25874,2672,True
25875,1773,True
25876,1537,True
25877,3172,False
25878,1728,False
25879,2213,True
25880,3006,True
25881,2838,False
25882,3475,True
25883,2443,True
25884,2866,True
25885,2943,True
25886,1979,True
25887,3272,False
25888,892,True
25889,1540,True
25890,2470,False
25891,2233,True
25892,2186,True
25893,2858,False
25894,2744,True
25895,2364,True
25896,3495,False
25897,1802,False
25898,2671,False
25899,2590,True
25900,2429,False
25901,2570,True
25902,2560,True
25903,3842,True
25904,2389,False
25905,3699,True
25906,2603,True
25907,2172,False
25908,1344,True
25909,2959,False
25910,2306,False
25911,2845,True
25912,2817,False
25913,1430,False
25914,2311,False
25915,3876,True
25916,2051,False
25917,2401,True
25918,3026,False
25919,2566,True
25920,2875,False
25921,2754,False
25922,3170,True
25923,3095,False
25924,2920,False
25925,2102,False
25926,3173,True
25927,1670,True
25928,2063,True
25929,4322,False
25930,2041,True
25931,2070,False
25932,2872,True
25933,3024,False
25934,1772,True
25935,2609,True
25936,1690,True
25937,2031,False
25938,2207,False
25939,3451,True
25940,2849,True
25941,1801,True
25942,2400,True
25943,3264,True
25944,2717,True
25945,1959,True
25946,2437,True
25947,2996,True
25948,1535,False
25949,1913,True
25950,1980,True
25951,3129,True
25952,2288,True
25953,2536,True
25954,1689,True
25955,2761,False
25956,1195,True
25957,2691,False
25958,2432,False
25959,2415,False
25960,2614,False
25961,2547,False
25962,2855,True
25963,1517,True
25964,3121,False
25965,3049,False
25966,3213,True
25967,3327,False
25968,2238,True
25969,2807,True
25970,2060,True
25971,2544,False
25972,2672,True
25973,2052,False
25974,2211,True
25975,2684,False
25976,2494,False
25977,2539,True
25978,1553,True
25979,1879,True
25980,2612,False
25981,2066,True
25982,1964,True
25983,2404,True
25984,2358,True
25985,1762,True
25986,2210,False
25987,1941,True
25988,3074,True
25989,2698,True
25990,1848,True
25991,3485,False
25992,2757,False
25993,1836,False
25994,2977,True
25995,2681,True
25996,2564,True
25997,2991,True
25998,1871,True
25999,2633,True
26000,3393,False
26001,2583,False
26002,1964,True
26003,2416,False
26004,3143,False
26005,3547,True
26006,2721,False
26007,1994,False
26008,1635,False
26009,3345,False
26010,2185,True
26011,3138,True
26012,3926,True
26013,2615,True
26014,2808,True
26015,2934,True
26016,1802,True
26017,1339,True
26018,2374,True
26019,4790,True
26020,2426,True
26021,2604,False
26022,3093,True
26023,2484,True
26024,3052,True
26025,4235,True
26026,2039,False
26027,2751,False
26028,1704,False
26029,2193,True
26030,1802,False
26031,4236,False
26032,2112,False
26033,3571,False
26034,2724,True
26035,2797,False
26036,2387,False
26037,2036,False
26038,3759,False
26039,2621,True
26040,3356,False
26041,2597,True
26042,2792,True
26043,2660,True
26044,1988,True
26045,3023,False
26046,2821,False
26047,1976,True
26048,2271,True
26049,2398,True
26050,2167,True
26051,802,False
26052,2148,True
26053,1861,True
26054,2851,False
26055,1860,True
26056,2418,False
26057,2048,True
26058,2198,False
26059,1877,False
26060,3384,True
26061,2823,False
26062,2574,False
26063,2078,False
26064,1892,True
26065,2187,True
26066,2453,False
26067,2549,False
26068,2504,True
26069,3032,True
26070,4286,True
26071,2200,False
26072,2466,True
26073,1643,True
26074,3668,False
26075,3057,False
26076,2113,True
26077,2360,False
26078,3081,True
26079,2216,True
26080,2481,False
26081,2473,True
26082,3827,True
26083,3247,False
26084,2427,False
26085,2486,False
26086,3398,False
26087,2306,False
26088,1375,True
26089,2344,True
26090,3225,False
26091,2532,False
26092,1617,False
26093,1746,True
26094,1574,False
26095,2424,True
26096,2073,True
26097,3839,True
26098,3346,False
26099,2221,True
26100,1841,False
26101,2319,False
26102,2805,False
26103,1649,False
26104,1760,True
26105,3664,False
26106,1210,True
26107,1999,True
26108,2600,False
26109,2558,True
26110,2051,True
26111,2033,False
26112,3268,False
26113,2878,True
26114,356,True
26115,1767,False
26116,2367,True
26117,2345,True
26118,2950,True
26119,2930,False
26120,1565,True
26121,2788,False
26122,2784,False
26123,2896,True
26124,1991,False
26125,1715,False
26126,2191,False
26127,2299,False
26128,2337,True
26129,3253,True
26130,1729,False
26131,2972,True
26132,1993,True
26133,2883,False
26134,2810,True
26135,1939,True
26136,2569,True
26137,2716,False
26138,3251,False
26139,2478,False
26140,2451,True
26141,1526,True
26142,2378,True
26143,1974,False
26144,2343,True
26145,2476,False
26146,2884,True
26147,2332,True
26148,2753,False
26149,3473,True
26150,1725,True
26151,1496,True
26152,1950,True
26153,2412,False
26154,2381,False
26155,2260,True
26156,3148,False
26157,3089,False
26158,2727,False
26159,3063,False
26160,2134,True
26161,2964,True
26162,2939,False
26163,2100,False
26164,1226,False
26165,2710,True
26166,2538,False
26167,2898,True
26168,3258,False
26169,2208,True
26170,1525,True
26171,2653,True
26172,1502,True
26173,1706,False
26174,3534,False
26175,3415,True
26176,2916,False
26177,2618,True
26178,3522,False
26179,2429,True
26180,2366,False
26181,2413,False
26182,2516,True
26183,1822,True
26184,2756,False
26185,2248,True
26186,3048,False
26187,3849,True
26188,2368,False
26189,2107,True
26190,2093,False
26191,2432,True
26192,2262,True
26193,2169,True
26194,2752,True
26195,3138,False
26196,2522,True
26197,3232,False
26198,2676,False
26199,2977,True
26200,2778,False
26201,2355,False
26202,2196,True
26203,2117,False
26204,3717,True
26205,3155,True
26206,3202,False
26207,1846,False
26208,2384,False
26209,4669,False
26210,2186,True
26211,1973,False
26212,2548,True
26213,2359,False
26214,1760,True
26215,2152,False
26216,1874,True
26217,2971,True
26218,2574,True
26219,1742,False
26220,2581,True
26221,1592,True
26222,1621,False
26223,2269,True
26224,2518,True
26225,2159,True
26226,2225,True
26227,3419,False
26228,2770,True
26229,2284,False
26230,1359,True
26231,2790,True
26232,2942,True
26233,1916,True
26234,2850,True
26235,2437,True
26236,2850,True
26237,3078,False
26238,3922,True
26239,2574,False
26240,3039,False
26241,2647,False
26242,1419,True
26243,1389,True
26244,2096,True
26245,2671,True
26246,3651,False
26247,2664,True
26248,1209,False
26249,3150,False
26250,2555,False
26251,2564,False
26252,2690,False
26253,2972,False
26254,1921,True
26255,2002,False
26256,3309,False
26257,2815,False
26258,2460,False
26259,2124,False
26260,2501,False
26261,2295,False
26262,3233,True
26263,2157,True
26264,1938,True
26265,1544,True
26266,2988,True
26267,1774,False
26268,1468,True
26269,2005,False
26270,2606,True
26271,2107,True
26272,3255,True
26273,2574,True
26274,2675,True
26275,3046,True
26276,2394,False
26277,2054,False
26278,2885,False
26279,2591,False
26280,2048,True
26281,2028,True
26282,3177,False
26283,2325,False
26284,3170,False
26285,2866,True
26286,2185,True
26287,2345,True
26288,2041,False
26289,3054,False
26290,2068,False
26291,3851,True
26292,1892,False
26293,4702,True
26294,1477,True
26295,2159,False
26296,2224,True
26297,2934,False
26298,2190,False
26299,3053,False
26300,3059,True
26301,1892,True
26302,2027,False
26303,2337,True
26304,1346,True
26305,3301,False
26306,3039,True
26307,2213,False
26308,2683,False
26309,3382,False
26310,2473,True
26311,2539,False
26312,2365,False
26313,2629,False
26314,2820,False
26315,1858,True
26316,2785,True
26317,3095,True
26318,3155,False
26319,1585,False
26320,2871,True
26321,2197,True
26322,3525,False
26323,2723,True
26324,3006,False
26325,1948,True
26326,2099,True
26327,3535,True
26328,2261,False
26329,2803,False
26330,1982,False
26331,2593,True
26332,1737,True
26333,2563,False
26334,2010,True
26335,3153,True
26336,3747,True
26337,2083,True
26338,2943,True
26339,1788,True
26340,2651,True
26341,3236,False
26342,3110,True
26343,3064,False
26344,2586,False
26345,2713,True
26346,3223,True
26347,1927,False
26348,1823,False
26349,2082,False
26350,2133,False
26351,2849,True
26352,1737,True
26353,1650,False
26354,2432,False
26355,1527,True
26356,2372,False
26357,3060,True
26358,3473,True
26359,3116,True
26360,2115,False
26361,1955,True
26362,3675,False
26363,2512,False
26364,2070,True
26365,2093,False
26366,2731,False
26367,3031,False
26368,1662,False
26369,1927,True
26370,3275,False
26371,2638,True
26372,3094,False
26373,2432,False
26374,1702,True
26375,2056,True
26376,1856,False
26377,3351,False
26378,1986,False
26379,2371,True
26380,3237,False
26381,1723,False
26382,2411,True
26383,2987,False
26384,3876,True
26385,2229,False
26386,2109,True
26387,2707,False
26388,2019,True
26389,2478,True
26390,1593,True
26391,2403,False
26392,3367,True
26393,2877,False
26394,4097,True
26395,2221,True
26396,3496,True
26397,3635,True
26398,1442,False
26399,4239,True
26400,1554,False
26401,1871,False
26402,1934,True
26403,2790,True
26404,2195,True
26405,3668,True
26406,2551,True
26407,1935,False
26408,2550,False
26409,2627,True
26410,2726,False
26411,2531,False
26412,2188,False
26413,1739,True
26414,2484,False
26415,3006,False
26416,3022,False
26417,2209,False
26418,2024,False
26419,2740,False
26420,2746,False
26421,2013,True
26422,2658,True
26423,1989,True
26424,2834,True
26425,2911,False
26426,3042,True
26427,2664,False
26428,2172,True
26429,2185,True
26430,1576,True
26431,2498,True
26432,2971,True
26433,3366,True
26434,3262,True
26435,1859,True
26436,2872,False
26437,3193,False
26438,2606,False
26439,1735,True
26440,3096,False
26441,2847,True
26442,2310,True
26443,1973,False
26444,2418,False
26445,2365,False
26446,3809,True
26447,1258,True
26448,2387,True
26449,3062,False
26450,2337,False
26451,3474,False
26452,1281,False
26453,2580,True
26454,2724,True
26455,2499,False
26456,1556,False
26457,1881,False
26458,2562,True
26459,2214,False
26460,1848,True
26461,2769,False
26462,1821,True
26463,2607,True
26464,2810,True
26465,2266,False
26466,1757,False
26467,2350,True
26468,2598,False
26469,2346,True
26470,1587,True
26471,1680,True
26472,2515,False
26473,2806,False
26474,2098,True
26475,1975,False
26476,2758,True
26477,3715,False
26478,3266,False
26479,2501,False
26480,3456,True
26481,3128,True
26482,3295,True
26483,1616,False
26484,1825,True
26485,3281,False
26486,2776,False
26487,2075,False
26488,3009,False
26489,1984,True
26490,2939,False
26491,3164,True
26492,3076,True
26493,1466,False
26494,2086,True
26495,3596,True
26496,2234,False
26497,2755,False
26498,2590,False
26499,2035,False
26500,2314,True
26501,3814,False
26502,1725,True
26503,3635,False
26504,1972,True
26505,2240,False
26506,2111,True
26507,1561,True
26508,3832,True
26509,3574,True
26510,2673,True
26511,2859,False
26512,3727,True
26513,2860,True
26514,2481,False
26515,2192,False
26516,2434,False
26517,1468,True
26518,1982,True
26519,2383,False
26520,2074,True
26521,1628,False
26522,2384,False
26523,2826,True
26524,1510,False
26525,2969,False
26526,2667,False
26527,2756,True
26528,2872,True
26529,2935,False
26530,2625,False
26531,3172,False
26532,1955,False
26533,1009,True
26534,2965,True
26535,3111,True
26536,3128,True
26537,2732,False
26538,1985,False
26539,2704,True
26540,2632,True
26541,2966,False
26542,3109,True
26543,3709,False
26544,2180,False
26545,2178,True
26546,2747,True
26547,2546,False
26548,2691,False
26549,2227,False
26550,1767,False
26551,2592,True
26552,2110,False
26553,2764,False
26554,2311,True
26555,3065,False
26556,1411,True
26557,2045,True
26558,2001,False
26559,2438,False
26560,2100,True
26561,3453,True
26562,1497,True
26563,2190,False
26564,2153,False
26565,2160,True
26566,2763,True
26567,2011,True
26568,2183,True
26569,2083,True
26570,2373,False
26571,3325,True
26572,2032,True
26573,1584,False
26574,2681,False
26575,1756,True
26576,3849,True
26577,2623,True
26578,1970,False
26579,3718,True
26580,1663,False
26581,3275,False
26582,2427,True
26583,2784,False
26584,2719,True
26585,3025,False
26586,1828,False
26587,2369,False
26588,1587,False
26589,3077,True
26590,1629,True
26591,1918,False
26592,2185,True
26593,1736,True
26594,3033,False
26595,2323,True
26596,2475,True
26597,3797,False
26598,3029,True
26599,3746,False
26600,2834,False
26601,2072,True
26602,2324,False
26603,2644,False
26604,3199,True
26605,1935,True
26606,1736,False
26607,1741,False
26608,2038,True
26609,2351,True
26610,2451,True
26611,2115,True
26612,2277,False
26613,1479,True
26614,2141,False
26615,3042,True
26616,2078,True
26617,4036,True
26618,2658,False
26619,2650,False
26620,4190,True
26621,2168,True
26622,3355,False
26623,2360,False
26624,4046,False
26625,2391,False
26626,2712,False
26627,3590,True
26628,3101,True
26629,2307,True
26630,1858,True
26631,2937,True
26632,3327,False
26633,1950,True
26634,2554,True
26635,2505,True
26636,3476,False
26637,1975,False
26638,2183,False
26639,2132,True
26640,2700,True
26641,2685,True
26642,2634,False
26643,4030,True
26644,1196,False
26645,3153,True
26646,1915,False
26647,2217,True
26648,2145,True
26649,3529,False
26650,2318,True
26651,1587,False
26652,2553,True
26653,2839,False
26654,1791,True
26655,2430,True
26656,2011,True
26657,3174,True
26658,3033,True
26659,2703,True
26660,3009,True
26661,2642,False
26662,1576,True
26663,2233,True
26664,2485,False
26665,2978,False
26666,1978,False
26667,2876,True
26668,2666,True
26669,2240,False
26670,2078,False
26671,2133,True
26672,3655,False
26673,4130,False
26674,2374,True
26675,1944,True
26676,2715,False
26677,2371,True
26678,2861,True
26679,2592,True
26680,6622,False
26681,2334,False
26682,3298,False
26683,3211,False
26684,3470,True
26685,2862,True
26686,1717,True
26687,1605,True
26688,2531,False
26689,1690,True
26690,2844,True
26691,2022,False
26692,3865,False
26693,3291,True
26694,2403,False
26695,2103,True
26696,2616,True
26697,2858,False
26698,3082,False
26699,2721,True
26700,2855,False
26701,2256,True
26702,1980,False
26703,1685,True
26704,2475,True
26705,2082,True
26706,2187,False
26707,1651,True
26708,2171,False
26709,2880,False
26710,2103,True
26711,2359,False
26712,2068,False
26713,2993,False
26714,2737,False
26715,2559,False
26716,2829,False
26717,2040,True
26718,1391,True
26719,2749,True
26720,1790,False
26721,2473,False
26722,1423,True
26723,2597,False
26724,2162,False
26725,3401,False
26726,2999,True
26727,2960,True
26728,3155,True
26729,2065,False
26730,2107,True
26731,2164,True
26732,3700,False
26733,2464,True
26734,1633,True
26735,2879,True
26736,1626,True
26737,3155,True
26738,2433,True
26739,3158,True
26740,1883,False
26741,3119,False
26742,3768,True
26743,2667,True
26744,3768,False
26745,2501,True
26746,3417,True
26747,3541,False
26748,2451,False
26749,2997,False
26750,2079,True
26751,2563,False
26752,2860,False
26753,1431,False
26754,2506,False
26755,3345,False
26756,2400,False
26757,2874,False
26758,1978,False
26759,2782,True
26760,2310,False
26761,2468,True
26762,2393,True
26763,2251,True
26764,1791,False
26765,1573,True
26766,2645,False
26767,1989,False
26768,2406,True
26769,1826,True
26770,4068,True
26771,2596,False
26772,2175,False
26773,1917,True
26774,2758,True
26775,2068,False
26776,3541,False
26777,2581,False
26778,1791,False
26779,2817,True
26780,2366,True
26781,2581,False
26782,1994,True
26783,1793,False
26784,3097,True
26785,1846,True
26786,2118,False
26787,3401,True
26788,3285,False
26789,3039,True
26790,2673,True
26791,3074,False
26792,1851,False
26793,2505,False
26794,1548,True
26795,2514,True
26796,2425,False
26797,1403,False
26798,2744,False
26799,2605,True
26800,1975,False
26801,2438,False
26802,2782,True
26803,2739,True
26804,2516,False
26805,4289,True
26806,1429,False
26807,2206,True
26808,2630,False
26809,1705,False
26810,2124,True
26811,2444,False
26812,2721,False
26813,1431,False
26814,3107,True
26815,2134,True
26816,2761,False
26817,2838,True
26818,1785,True
26819,1924,True
26820,2423,True
26821,2911,True
26822,2555,True
26823,2340,False
26824,3417,False
26825,1532,False
26826,2555,False
26827,1793,True
26828,2394,False
26829,1639,True
26830,2263,True
26831,2622,False
26832,3322,False
26833,2055,True
26834,1594,False
26835,3002,True
26836,1533,False
26837,3820,False
26838,1969,True
26839,2738,True
26840,2066,False
26841,2915,True
26842,2839,False
26843,2960,False
26844,2077,True
26845,2705,False
26846,3374,False
26847,2337,False
26848,1720,True
26849,2666,False
26850,2222,False
26851,3250,False
26852,2161,True
26853,1698,False
26854,2017,True
26855,3144,True
26856,2647,True
26857,2739,True
26858,2865,True
26859,2217,False
26860,1596,False
26861,2018,True
26862,2158,True
26863,2242,True
26864,3098,False
26865,1918,True
26866,2184,True
26867,3199,False
26868,2726,True
26869,2969,True
26870,2175,True
26871,1739,True
26872,1965,False
26873,1960,False
26874,2646,False
26875,2152,False
26876,2741,False
26877,2377,True
26878,3672,True
26879,2152,False
26880,2209,True
26881,2011,True
26882,1509,False
26883,2791,False
26884,1240,True
26885,2369,True
26886,2486,False
26887,1704,True
26888,1972,True
26889,2909,False
26890,1764,True
26891,2231,False
26892,3156,True
26893,1402,False
26894,1459,True
26895,2403,False
26896,2236,False
26897,2256,True
26898,1560,True
26899,3033,True
26900,2856,False
26901,2844,False
26902,2062,True
26903,1412,True
26904,2856,False
26905,2617,True
26906,2965,True
26907,2324,True
26908,3541,True
26909,2693,True
26910,2313,True
26911,1366,True
26912,3056,True
26913,2449,True
26914,2567,True
26915,2817,False
26916,1378,True
26917,3100,False
26918,3097,True
26919,1561,True
26920,2033,True
26921,2187,False
26922,2179,True
26923,1401,True
26924,1300,False
26925,2004,False
26926,2547,True
26927,2336,False
26928,1978,False
26929,4123,True
26930,2982,False
26931,2243,True
26932,2568,True
26933,3037,False
26934,1895,True
26935,1843,True
26936,2527,True
26937,2529,True
26938,2674,True
26939,3229,False
26940,2812,False
26941,2391,False
26942,2778,False
26943,1933,True
26944,2804,True
26945,3266,True
26946,2910,True
26947,3270,False
26948,2309,True
26949,3568,False
26950,2075,True
26951,2589,True
26952,2430,True
26953,2911,False
26954,2663,True
26955,1896,False
26956,1701,True
26957,2660,False
26958,1289,True
26959,1511,True
26960,2033,True
26961,2577,True
26962,2742,False
26963,2353,False
26964,1513,False
26965,2717,True
26966,2856,False
26967,1906,False
26968,2580,False
26969,2280,True
26970,2220,False
26971,1925,True
26972,2883,True
26973,3063,True
26974,2518,True
26975,1497,False
26976,1830,False
26977,2141,True
26978,1652,True
26979,3387,False
26980,2825,False
26981,2511,False
26982,2850,True
26983,3565,False
26984,2076,True
26985,2184,False
26986,1727,True
26987,2244,False
26988,2191,True
26989,3100,False
26990,3934,False
26991,2471,False
26992,2331,True
26993,2238,False
26994,1628,False
26995,2164,True
26996,2858,True
26997,3262,False
26998,3469,True
26999,2547,True
27000,2155,False
27001,2157,False
27002,1544,True
27003,3191,True
27004,2983,False
27005,2915,False
27006,2061,True
27007,1976,False
27008,2227,True
27009,2387,False
27010,2332,True
27011,2971,True
27012,3229,False
27013,2154,True
27014,2759,True
27015,3074,False
27016,2481,False
27017,3586,False
27018,2078,True
27019,2733,False
27020,2470,False
27021,1938,False
27022,3460,True
27023,2183,False
27024,2379,False
27025,2481,False
27026,3406,False
27027,2495,True
27028,2433,True
27029,2722,False
27030,2214,True
27031,1655,True
27032,1690,True
27033,4015,False
27034,2870,True
27035,1986,False
27036,2079,True
27037,1751,False
27038,2325,True
27039,2781,False
27040,2688,False
27041,2266,False
27042,1460,True
27043,3518,True
27044,3033,False
27045,3186,False
27046,2190,False
27047,2380,False
27048,2096,True
27049,2394,True
27050,3828,False
27051,2167,True
27052,2698,True
27053,2472,False
27054,2043,True
27055,2350,True
27056,2678,False
27057,1659,True
27058,1722,False
27059,2271,True
27060,2077,False
27061,2594,True
27062,3094,False
27063,2130,False
27064,3938,False
27065,1848,True
27066,1345,False
27067,1731,True
27068,1639,True
27069,3320,True
27070,2253,True
27071,2359,True
27072,2679,True
27073,3494,False
27074,2602,False
27075,2139,True
27076,2805,True
27077,2895,True
27078,2244,False
27079,2962,True
27080,2533,False
27081,3714,True
27082,2630,True
27083,1962,True
27084,2818,False
27085,2695,False
27086,2298,False
27087,1880,False
27088,2310,True
27089,3423,False
27090,2328,True
27091,2356,False
27092,2219,True
27093,2951,False
27094,2735,True
27095,1920,False
27096,1959,True
27097,2831,False
27098,2694,True
27099,2828,False
27100,1990,True
27101,3419,False
27102,2163,False
27103,2447,True
27104,3462,False
27105,1740,True
27106,2316,True
27107,1638,True
27108,2014,True
27109,4015,True
27110,2501,True
27111,1416,True
27112,2953,True
27113,2106,True
27114,2062,False
27115,2628,False
27116,1811,True
27117,2744,True
27118,1734,True
27119,2010,False
27120,2019,True
27121,1771,True
27122,2233,True
27123,3183,True
27124,2431,False
27125,2558,True
27126,3016,False
27127,2594,True
27128,3067,False
27129,2787,True
27130,2335,False
27131,2048,False
27132,1849,False
27133,2144,True
27134,2140,True
27135,2753,True
27136,3278,True
27137,2098,False
27138,1991,True
27139,2062,False
27140,2204,False
27141,2736,True
27142,2471,True
27143,2452,False
27144,2208,False
27145,1612,True
27146,2032,True
27147,2205,False
27148,2091,False
27149,2519,True
27150,1072,False
27151,2151,False
27152,1551,False
27153,2467,False
27154,2469,True
27155,2051,False
27156,2368,True
27157,3236,False
27158,2781,True
27159,2180,False
27160,2302,False
27161,1326,False
27162,3671,False
27163,2369,True
27164,2571,False
27165,3613,False
27166,2022,True
27167,3261,True
27168,2433,False
27169,2884,True
27170,3246,True
27171,3118,False
27172,3190,False
27173,1999,True
27174,2305,True
27175,2188,True
27176,2183,False
27177,2718,False
27178,3389,False
27179,2157,True
27180,2218,True
27181,2263,False
27182,1589,True
27183,2907,False
27184,1972,True
27185,1449,True
27186,3117,True
27187,2484,False
27188,2704,True
27189,2832,True
27190,1939,False
27191,3186,True
27192,4415,False
27193,2109,True
27194,2707,True
27195,2878,False
27196,1433,True
27197,4776,False
27198,2864,False
27199,1674,True
27200,3667,False
27201,2530,True
27202,3527,False
27203,1935,True
27204,1929,True
27205,2421,False
27206,2955,False
27207,2741,True
27208,2656,True
27209,3871,False
27210,2818,False
27211,2542,True
27212,1970,True
27213,2868,True
27214,2277,False
27215,1491,False
27216,2243,False
27217,1622,True
27218,1981,True
27219,1844,False
27220,2058,False
27221,3083,False
27222,1944,True
27223,3972,True
27224,2620,True
27225,4144,False
27226,3111,True
27227,1947,False
27228,2063,False
27229,2580,False
27230,3114,False
27231,2667,True
27232,2824,False
27233,2994,False
27234,2451,True
27235,3413,False
27236,1707,True
27237,3179,False
27238,3560,False
27239,2893,True
27240,2203,True
27241,2590,True
27242,1666,False
27243,3082,True
27244,2779,True
27245,1799,True
27246,2367,True
27247,3300,False
27248,2152,False
27249,2191,True
27250,1537,True
27251,2138,False
27252,3341,True
27253,2175,False
27254,1903,False
27255,1948,False
27256,2239,True
27257,2439,False
27258,1635,False
27259,2216,False
27260,3030,True
27261,2191,True
27262,1705,False
27263,2401,False
27264,2878,False
27265,1601,True
27266,3328,False
27267,3037,False
27268,2406,True
27269,2113,False
27270,2309,True
27271,2139,True
27272,2175,True
27273,1731,False
27274,2416,True
27275,1472,False
27276,3435,False
27277,2916,False
27278,1956,True
27279,1762,True
27280,2867,False
27281,2004,True
27282,3172,True
27283,1958,False
27284,2413,True
27285,2207,False
27286,1660,True
27287,2620,True
27288,2448,True
27289,1652,False
27290,2107,False
27291,2123,True
27292,2574,True
27293,2842,True
27294,3387,False
27295,1886,False
27296,2459,True
27297,2845,True
27298,3360,False
27299,3106,True
27300,1955,True
27301,1522,False
27302,2519,True
27303,2162,True
27304,1906,False
27305,2183,True
27306,3897,True
27307,1964,True
27308,2289,False
27309,2555,False
27310,2068,True
27311,2131,True
27312,1520,False
27313,2795,True
27314,1616,True
27315,1849,True
27316,1906,False
27317,1965,True
27318,1828,True
27319,1332,True
27320,2022,False
27321,2597,False
27322,2710,False
27323,1958,True
27324,3379,False
27325,2677,True
27326,3655,True
27327,2123,False
27328,1367,True
27329,1483,True
27330,2641,False
27331,2164,True
27332,3391,False
27333,2188,False
27334,2127,True
27335,3847,True
27336,1114,False
27337,2040,False
27338,2252,False
27339,2682,False
27340,2375,True
27341,551,False
27342,3009,False
27343,2061,True
27344,2611,True
27345,2429,False
27346,2143,True
27347,2817,False
27348,2082,True
27349,3188,True
27350,1486,True
27351,2239,True
27352,2488,True
27353,2586,False
27354,3578,False
27355,2175,False
27356,1578,False
27357,3040,True
27358,1039,False
27359,2393,True
27360,3218,True
27361,2416,True
27362,3265,False
27363,1535,True
27364,2039,True
27365,2903,False
27366,2588,True
27367,1944,False
27368,2183,False
27369,2429,False
27370,2690,False
27371,2854,True
27372,1799,True
27373,6673,True
27374,1869,False
27375,2090,True
27376,2853,True
27377,3772,False
27378,2813,True
27379,2153,False
27380,2045,False
27381,2354,True
27382,1525,True
27383,2217,True
27384,3357,False
27385,3173,False
27386,2700,True
27387,3433,True
27388,2522,False
27389,2772,False
27390,2544,True
27391,2740,False
27392,2655,True
27393,2992,False
27394,2583,True
27395,2613,True
27396,1946,True
27397,2947,True
27398,2074,False
27399,2392,True
27400,2268,True
27401,1826,True
27402,2190,False
27403,1828,True
27404,2418,True
27405,2604,False
27406,1676,False
27407,2371,False
27408,2146,True
27409,3035,True
27410,2644,True
27411,1970,True
27412,2683,False
27413,2411,False
27414,1817,True
27415,2173,True
27416,2725,True
27417,1919,True
27418,2705,False
27419,1743,True
27420,2723,True
27421,2973,False
27422,3681,False
27423,2460,True
27424,3315,True
27425,3392,True
27426,2184,True
27427,3857,False
27428,3186,True
27429,2041,True
27430,2036,True
27431,2224,False
27432,2648,False
27433,3118,True
27434,2983,False
27435,3289,False
27436,3165,True
27437,2292,True
27438,4024,False
27439,2834,False
27440,2019,False
27441,2472,False
27442,1621,False
27443,2371,False
27444,2404,False
27445,3373,False
27446,3160,True
27447,2442,False
27448,2141,True
27449,3054,True
27450,3072,True
27451,2039,False
27452,2552,True
27453,1788,True
27454,2545,True
27455,1673,False
27456,1934,True
27457,2456,False
27458,2586,True
27459,1792,False
27460,3503,True
27461,2963,True
27462,3343,True
27463,1721,False
27464,1049,True
27465,2036,False
27466,2645,True
27467,2794,True
27468,2819,True
27469,2593,True
27470,2547,False
27471,1834,False
27472,3047,False
27473,2429,True
27474,2386,True
27475,2645,True
27476,2332,True
27477,3100,False
27478,2663,True
27479,2780,False
27480,2214,False
27481,2922,False
27482,2276,True
27483,2498,True
27484,1708,False
27485,2895,False
27486,2140,True
27487,1869,False
27488,1902,False
27489,2681,True
27490,3087,True
27491,2120,False
27492,2898,True
27493,2436,False
27494,2128,False
27495,2473,False
27496,2931,False
27497,2476,True
27498,1708,True
27499,2370,True
27500,1987,True
27501,2807,True
27502,2897,True
27503,2617,False
27504,2828,True
27505,2752,False
27506,1732,False
27507,1841,True
27508,3576,False
27509,2286,True
27510,1934,True
27511,2207,True
27512,2319,False
27513,2171,False
27514,2013,True
27515,2264,True
27516,2995,False
27517,2013,False
27518,3204,False
27519,2102,True
27520,2108,True
27521,1474,True
27522,1725,False
27523,1661,True
27524,1595,True
27525,1591,True
27526,1968,False
27527,2167,True
27528,2168,True
27529,2619,False
27530,2232,False
27531,1821,True
27532,2424,True
27533,1362,True
27534,3638,True
27535,2080,True
27536,2833,False
27537,2273,True
27538,1621,True
27539,2241,True
27540,2150,False
27541,1934,False
27542,2886,True
27543,2541,True
27544,1843,False
27545,2047,False
27546,2190,True
27547,2523,False
27548,2771,False
27549,2615,True
27550,2423,False
27551,2892,True
27552,2939,False
27553,2471,True
27554,4269,True
27555,2629,False
27556,2778,True
27557,2608,False
27558,2842,True
27559,1453,True
27560,1928,True
27561,1691,False
27562,2552,True
27563,2019,True
27564,2066,False
27565,3092,False
27566,3480,True
27567,3047,False
27568,2598,False
27569,3624,True
27570,1993,True
27571,2556,True
27572,2400,True
27573,2219,False
27574,2485,True
27575,3814,False
27576,2929,True
27577,3614,False
27578,2074,True
27579,2609,False
27580,2708,True
27581,2160,True
27582,1675,True
27583,3398,True
27584,2368,True
27585,2164,True
27586,2044,False
27587,2668,False
27588,2198,False
27589,2636,True
27590,3180,True
27591,3693,False
27592,2160,True
27593,3086,False
27594,3056,False
27595,3493,False
27596,2376,True
27597,2785,True
27598,4164,True
27599,1693,True
27600,2372,False
27601,3604,False
27602,2895,False
27603,1584,False
27604,2566,False
27605,2329,True
27606,2844,True
27607,2089,False
27608,1953,True
27609,2135,True
27610,1964,False
27611,2002,True
27612,3284,False
27613,2218,True
27614,2504,True
27615,3462,False
27616,2639,True
27617,2275,True
27618,2725,True
27619,2187,True
27620,3010,False
27621,2873,False
27622,1935,True
27623,2022,True
27624,2530,True
27625,3407,True
27626,1546,False
27627,1592,False
27628,3025,False
27629,2448,True
27630,2953,True
27631,3117,False
27632,2840,False
27633,1458,False
27634,2128,False
27635,1608,True
27636,3055,False
27637,2965,True
27638,2436,True
27639,2328,True
27640,2498,True
27641,2239,False
27642,2171,True
27643,2279,True
27644,3316,True
27645,2100,True
27646,1718,True
27647,2127,False
27648,3441,False
27649,3466,False
27650,2324,False
27651,1954,True
27652,1898,True
27653,2015,False
27654,3266,False
27655,2025,True
27656,2285,True
27657,2392,True
27658,2012,True
27659,3412,False
27660,1896,False
27661,2376,True
27662,2035,False
27663,2036,False
27664,2239,True
27665,2916,False
27666,2074,False
27667,2342,True
27668,1281,True
27669,2696,True
27670,3713,True
27671,2280,False
27672,2900,True
27673,2421,True
27674,3031,False
27675,2967,False
27676,2550,True
27677,2512,False
27678,3389,False
27679,1396,True
27680,2453,True
27681,1953,False
27682,2590,True
27683,2485,True
27684,3928,False
27685,2969,True
27686,2769,False
27687,2177,False
27688,3681,False
27689,2810,False
27690,2995,True
27691,2027,False
27692,1769,True
27693,2945,True
27694,1919,True
27695,3262,False
27696,2414,True
27697,3739,False
27698,2469,True
27699,2146,True
27700,1818,True
27701,2524,False
27702,2605,False
27703,3570,False
27704,2729,True
27705,1781,False
27706,1905,True
27707,3308,True
27708,2069,True
27709,2549,False
27710,2404,True
27711,2173,True
27712,2843,False
27713,1632,True
27714,3419,True
27715,2094,True
27716,2933,False
27717,1855,True
27718,2223,True
27719,2346,False
27720,2801,True
27721,2292,True
27722,1986,True
27723,1701,True
27724,2329,False
27725,2189,True
27726,2457,False
27727,1955,False
27728,2301,False
27729,4192,True
27730,2303,True
27731,2107,True
27732,2221,True
27733,2191,False
27734,2903,False
27735,2098,True
27736,2247,True
27737,2279,True
27738,1744,True
27739,2998,False
27740,2484,True
27741,3314,True
27742,2175,False
27743,4537,False
27744,1404,True
27745,2692,True
27746,1992,True
27747,3222,False
27748,2982,True
27749,1840,False
27750,1602,False
27751,3541,False
27752,2344,False
27753,2213,False
27754,3360,False
27755,2998,False
27756,1430,False
27757,2007,False
27758,3399,True
27759,3199,False
27760,1831,True
27761,1898,False
27762,3245,True
27763,2327,False
27764,2324,True
27765,1552,True
27766,3767,False
27767,3042,True
27768,2916,False
27769,2555,True
27770,2531,False
27771,2181,False
27772,2974,False
27773,3265,True
27774,3078,True
27775,2430,False
27776,3634,False
27777,3025,False
27778,2237,False
27779,3351,False
27780,2361,False
27781,2245,False
27782,2242,False
27783,1968,True
27784,3913,False
27785,2803,True
27786,3739,True
27787,1775,False
27788,2672,True
27789,3131,True
27790,3089,True
27791,2085,False
27792,3038,False
27793,2022,True
27794,2754,False
27795,1790,False
27796,3680,True
27797,4521,True
27798,2880,True
27799,2062,False
27800,1858,True
27801,2281,False
27802,1666,False
27803,2161,False
27804,2018,True
27805,2112,True
27806,2460,True
27807,2335,False
27808,2870,False
27809,2895,True
27810,2602,False
27811,2108,True
27812,2546,False
27813,1625,True
27814,2154,False
27815,2338,False
27816,2364,True
27817,1940,False
27818,3047,False
27819,2614,True
27820,3136,False
27821,1831,False
27822,2538,True
27823,1732,True
27824,2986,True
27825,1909,False
27826,2310,True
27827,3715,True
27828,2054,False
27829,2885,True
27830,2208,False
27831,2345,True
27832,2304,False
27833,2103,False
27834,2586,True
27835,3692,True
27836,3430,False
27837,2183,False
27838,1924,False
27839,3641,True
27840,1936,False
27841,2011,True
27842,2602,True
27843,2198,True
27844,3580,True
27845,2294,True
27846,2053,False
27847,2013,True
27848,2535,False
27849,2013,False
27850,3057,False
27851,2791,True
27852,3252,False
27853,2060,False
27854,3064,False
27855,2337,True
27856,2472,False
27857,2080,False
27858,1852,True
27859,1548,False
27860,3111,False
27861,3737,True
27862,3239,True
27863,2023,False
27864,2030,True
27865,2014,False
27866,2303,False
27867,2498,True
27868,1721,False
27869,1904,True
27870,2364,True
27871,1944,True
27872,3562,False
27873,1843,True
27874,2605,False
27875,3332,False
27876,4028,False
27877,3123,False
27878,2598,True
27879,2181,False
27880,1215,False
27881,2428,False
27882,2167,True
27883,2594,False
27884,2671,False
27885,3890,False
27886,1629,True
27887,2578,True
27888,2137,True
27889,3435,True
27890,4096,True
27891,3161,True
27892,2783,False
27893,2910,True
27894,3604,False
27895,2749,True
27896,3001,False
27897,2405,True
27898,3218,False
27899,1915,True
27900,2235,True
27901,2616,False
27902,1435,False
27903,3078,False
27904,2422,True
27905,2382,False
27906,3866,False
27907,1394,False
27908,2196,True
27909,3199,True
27910,3877,False
27911,3315,True
27912,2280,False
27913,1992,True
27914,2773,False
27915,1926,True
27916,2060,False
27917,2236,False
27918,2965,False
27919,2898,False
27920,2499,False
27921,2319,True
27922,2354,False
27923,1902,True
27924,2096,True
27925,2527,False
27926,2053,False
27927,1936,False
27928,1138,True
27929,2626,True
27930,2499,False
27931,2859,False
27932,3652,True
27933,2437,False
27934,1980,True
27935,1360,False
27936,2640,False
27937,2187,True
27938,2424,False
27939,1583,False
27940,2881,False
27941,2657,True
27942,4054,False
27943,2762,True
27944,2231,False
27945,2115,False
27946,1972,False
27947,2310,True
27948,2383,False
27949,1690,True
27950,3176,False
27951,2536,True
27952,2832,True
27953,1596,False
27954,1848,True
27955,1545,True
27956,2163,False
27957,3094,False
27958,3294,True
27959,1803,False
27960,2313,True
27961,3404,False
27962,1774,True
27963,2795,False
27964,3136,True
27965,2473,True
27966,1904,False
27967,1950,True
27968,1325,False
27969,2039,True
27970,1758,False
27971,2567,True
27972,2291,True
27973,1597,True
27974,3337,False
27975,1941,False
27976,2389,False
27977,2015,True
27978,1445,False
27979,3357,True
27980,2401,False
27981,1786,False
27982,1721,True
27983,2013,False
27984,3468,True
27985,1099,True
27986,1864,False
27987,1621,True
27988,2550,True
27989,1923,False
27990,1984,False
27991,2793,False
27992,3028,True
27993,1885,False
27994,2385,True
27995,3753,True
27996,2939,False
27997,2403,True
27998,2149,True
27999,2357,True
28000,2735,False
28001,3011,False
28002,2193,True
28003,3013,True
28004,3259,False
28005,1716,True
28006,2034,False
28007,1756,True
28008,2261,False
28009,2479,True
28010,2211,False
28011,2804,True
28012,2764,False
28013,1888,False
28014,2682,False
28015,2310,False
28016,1867,True
28017,3171,False
28018,3422,False
28019,1645,False
28020,2383,False
28021,3360,True
28022,2606,False
28023,2004,True
28024,2177,True
28025,3323,True
28026,2545,False
28027,1861,True
28028,1613,True
28029,3225,False
28030,1624,False
28031,2131,False
28032,3753,True
28033,1920,True
28034,1979,False
28035,2826,True
28036,2499,True
28037,2072,True
28038,2008,False
28039,1982,False
28040,2027,False
28041,3347,True
28042,3288,False
28043,2945,True
28044,2934,False
28045,1946,True
28046,2303,True
28047,3439,False
28048,3541,False
28049,2138,False
28050,2232,True
28051,2540,True
28052,2313,False
28053,2993,False
28054,2224,False
28055,1673,False
28056,2319,True
28057,2148,False
28058,3145,True
28059,2676,False
28060,4648,False
28061,3113,False
28062,2464,True
28063,4319,True
28064,2183,False
28065,2232,True
28066,1826,True
28067,1891,True
28068,1591,False
28069,1792,False
28070,2867,False
28071,1819,False
28072,3532,True
28073,2139,False
28074,1902,True
28075,2986,True
28076,2210,False
28077,2656,False
28078,1850,True
28079,1941,False
28080,2017,True
28081,2120,False
28082,3075,True
28083,1859,False
28084,2610,False
28085,2795,True
28086,2057,False
28087,2097,True
28088,2156,False
28089,3647,True
28090,2967,False
28091,3310,True
28092,2265,True
28093,2915,True
28094,1753,False
28095,2563,True
28096,3926,False
28097,1349,False
28098,2435,True
28099,2298,True
28100,2725,False
28101,2598,False
28102,2637,True
28103,2890,True
28104,2448,False
28105,2028,True
28106,3865,False
28107,1946,False
28108,1565,True
28109,3572,False
28110,1849,False
28111,1524,True
28112,1951,False
28113,2847,False
28114,3445,False
28115,2265,True
28116,2124,False
28117,1961,False
28118,2507,True
28119,1772,True
28120,2251,False
28121,2518,False
28122,3391,False
28123,3098,False
28124,1986,True
28125,2658,False
28126,3103,True
28127,2917,False
28128,1646,True
28129,2571,True
28130,2591,True
28131,1608,False
28132,2267,False
28133,2520,True
28134,2604,True
28135,2347,True
28136,1947,False
28137,1953,True
28138,2609,False
28139,2245,False
28140,2367,True
28141,2623,False
28142,2811,True
28143,4013,False
28144,2775,False
28145,2740,True
28146,2487,False
28147,2454,False
28148,3114,False
28149,3048,False
28150,2201,True
28151,2150,True
28152,3184,False
28153,3007,False
28154,2310,False
28155,2408,False
28156,2638,True
28157,2039,True
28158,2463,True
28159,2149,False
28160,2476,True
28161,1969,True
28162,2385,False
28163,1983,False
28164,2539,False
28165,2378,True
28166,2442,False
28167,1560,True
28168,2481,True
28169,2365,False
28170,1491,False
28171,2588,True
28172,1543,True
28173,2350,True
28174,2123,True
28175,1907,True
28176,2808,True
28177,5016,False
28178,2797,False
28179,2826,True
28180,2881,False
28181,3500,True
28182,1969,False
28183,2199,True
28184,2945,True
28185,1577,True
28186,2276,True
28187,3001,False
28188,3173,False
28189,2276,True
28190,2151,True
28191,1667,True
28192,2735,False
28193,2167,False
28194,1770,True
28195,1530,True
28196,2456,True
28197,2262,False
28198,2863,False
28199,2768,True
28200,1985,False
28201,1351,True
28202,1849,False
28203,2059,True
28204,2023,False
28205,2040,True
28206,2141,False
28207,2480,True
28208,2861,False
28209,355,False
28210,2385,True
28211,1829,True
28212,2216,False
28213,2165,True
28214,980,True
28215,2404,True
28216,2622,False
28217,3223,True
28218,2169,True
28219,2310,False
28220,1658,True
28221,2544,True
28222,2173,False
28223,1267,True
28224,1395,False
28225,2118,True
28226,1846,False
28227,2908,True
28228,2608,False
28229,3539,False
28230,2107,False
28231,2353,False
28232,2306,False
28233,2149,True
28234,2288,True
28235,2662,False
28236,3212,False
28237,3122,True
28238,2817,False
28239,2529,False
28240,2199,False
28241,2643,False
28242,1762,True
28243,2004,False
28244,2621,True
28245,1988,False
28246,2624,True
28247,3071,False
28248,2908,False
28249,2217,True
28250,2299,True
28251,2279,False
28252,3308,False
28253,2069,False
28254,2419,True
28255,3494,True
28256,2233,True
28257,2153,False
28258,2613,True
28259,2689,False
28260,2643,True
28261,2667,True
28262,2899,True
28263,3053,True
28264,3317,False
28265,3096,True
28266,2302,True
28267,2115,True
28268,2306,False
28269,2428,True
28270,2051,True
28271,3109,True
28272,2794,False
28273,1715,True
28274,2652,False
28275,2599,False
28276,1418,True
28277,1934,True
28278,2523,True
28279,2174,False
28280,2824,True
28281,1437,True
28282,2847,False
28283,3514,False
28284,2370,False
28285,3010,True
28286,2975,False
28287,2732,False
28288,1980,True
28289,2343,False
28290,3042,True
28291,2948,False
28292,1749,True
28293,2103,False
28294,1722,True
28295,3409,False
28296,2256,True
28297,2013,True
28298,3025,False
28299,2224,True
28300,2144,True
28301,3667,False
28302,3938,True
28303,2253,True
28304,3083,True
28305,2663,False
28306,1488,False
28307,1779,False
28308,2211,False
28309,1992,False
28310,2681,False
28311,3053,True
28312,2926,False
28313,2284,False
28314,2157,False
28315,4015,False
28316,1442,False
28317,2004,False
28318,4448,False
28319,2147,True
28320,2281,False
28321,2889,False
28322,2739,True
28323,2504,True
28324,2643,True
28325,3307,True
28326,1505,True
28327,2198,True
28328,2728,True
28329,1868,True
28330,2363,False
28331,2716,True
28332,2266,False
28333,3770,True
28334,3386,False
28335,1176,True
28336,2615,True
28337,2210,False
28338,2337,True
28339,2353,False
28340,2014,False
28341,2787,True
28342,2395,False
28343,1972,False
28344,2969,True
28345,3001,False
28346,2166,True
28347,2693,True
28348,4144,False
28349,3012,True
28350,2520,True
28351,2078,False
28352,2460,True
28353,2490,False
28354,2904,True
28355,3614,True
28356,1260,False
28357,2624,True
28358,3672,True
28359,2687,False
28360,2199,False
28361,2550,False
28362,1750,False
28363,3627,False
28364,3103,False
28365,2934,False
28366,2576,True
28367,1927,False
28368,2120,False
28369,3572,False
28370,1827,True
28371,2894,False
28372,3035,False
28373,4803,True
28374,2621,True
28375,2379,False
28376,2511,True
28377,2057,True
28378,2047,True
28379,1962,True
28380,1768,False
28381,2251,True
28382,2504,True
28383,2019,False
28384,2401,True
28385,2012,False
28386,2247,True
28387,2967,False
28388,2827,False
28389,1897,True
28390,3048,True
28391,2840,True
28392,2359,False
28393,2282,False
28394,2097,True
28395,2004,False
28396,2340,False
28397,1843,True
28398,1476,False
28399,1791,True
28400,1580,True
28401,2875,True
28402,2603,True
28403,2049,False
28404,3148,True
28405,2482,False
28406,1717,False
28407,2524,True
28408,2708,True
28409,3733,False
28410,2247,True
28411,3294,False
28412,2514,True
28413,2983,True
28414,1662,False
28415,3148,False
28416,1741,True
28417,1953,True
28418,3054,True
28419,1805,True
28420,2901,False
28421,3092,True
28422,3451,True
28423,1313,False
28424,2669,True
28425,2792,True
28426,1933,True
28427,3340,True
28428,2787,True
28429,4006,True
28430,3425,False
28431,3330,False
28432,3840,True
28433,1988,True
28434,1998,False
28435,2877,False
28436,1532,False
28437,2040,False
28438,1955,False
28439,2889,True
28440,1989,True
28441,2154,True
28442,2586,False
28443,3596,False
28444,2993,False
28445,5645,True
28446,2972,False
28447,3128,False
28448,2212,False
28449,2795,False
28450,3577,True
28451,2393,False
28452,2287,True
28453,3061,True
28454,2515,False
28455,2462,False
28456,2006,False
28457,2834,False
28458,2121,True
28459,3119,True
28460,2721,True
28461,2784,False
28462,3679,False
28463,2436,True
28464,2210,True
28465,2160,True
28466,2327,False
28467,1728,False
28468,1919,False
28469,2231,False
28470,3474,True
28471,1498,False
28472,2488,False
28473,2466,True
28474,1708,True
28475,2129,True
28476,1510,False
28477,2170,False
28478,1318,False
28479,2478,False
28480,2410,False
28481,2554,False
28482,1839,False
28483,3823,True
28484,2493,True
28485,4004,True
28486,1688,True
28487,1275,True
28488,2236,False
28489,2541,True
28490,1145,False
28491,2256,True
28492,1972,False
28493,2446,False
28494,2332,False
28495,1074,True
28496,1944,True
28497,2665,True
28498,2390,True
28499,1515,True
28500,3678,False
28501,1201,True
28502,2716,False
28503,2539,False
28504,2573,True
28505,2177,True
28506,2307,True
28507,4163,True
28508,1585,True
28509,1893,False
28510,2059,False
28511,2659,True
28512,3685,False
28513,1927,True
28514,3605,False
28515,1317,True
28516,3015,False
28517,2630,False
28518,1836,False
28519,2802,True
28520,1719,False
28521,3672,True
28522,2541,False
28523,2393,False
28524,2088,True
28525,2221,False
28526,2784,False
28527,1783,True
28528,1683,True
28529,3930,True
28530,2897,False
28531,1944,False
28532,2354,False
28533,3301,True
28534,1503,True
28535,1871,True
28536,1898,False
28537,3146,True
28538,2147,True
28539,2464,False
28540,3427,True
28541,2618,False
28542,3076,False
28543,2706,True
28544,2181,True
28545,2303,False
28546,2106,False
28547,2429,True
28548,1851,False
28549,2467,False
28550,2320,False
28551,2233,True
28552,2150,False
28553,1313,True
28554,2039,False
28555,3460,True
28556,2370,True
28557,2587,True
28558,3054,False
28559,2416,True
28560,2149,False
28561,2436,True
28562,2762,False
28563,2308,False
28564,1627,False
28565,1531,True
28566,2202,True
28567,1802,False
28568,2782,False
28569,2219,False
28570,2989,True
28571,2035,False
28572,2448,False
28573,2091,False
28574,2577,False
28575,1928,True
28576,2109,True
28577,2793,False
28578,2420,True
28579,2572,False
28580,2857,False
28581,2259,True
28582,2205,True
28583,3469,False
28584,2942,False
28585,2820,True
28586,2673,True
28587,2572,True
28588,1750,True
28589,2793,True
28590,1467,True
28591,2958,False
28592,3031,False
28593,2410,True
28594,2341,True
28595,2152,True
28596,4690,False
28597,2135,True
28598,1622,False
28599,2091,False
28600,2750,True
28601,1588,False
28602,2675,True
28603,2630,False
28604,2008,False
28605,2691,False
28606,1969,False
28607,3346,False
28608,2475,True
28609,1738,True
28610,2076,True
28611,2116,True
28612,2059,True
28613,1507,False
28614,1713,True
28615,1624,False
28616,2548,False
28617,1613,False
28618,2534,False
28619,2809,True
28620,2507,False
28621,2744,False
28622,3089,False
28623,1446,True
28624,2050,True
28625,2546,False
28626,5300,True
28627,2381,True
28628,2002,True
28629,1984,False
28630,1911,False
28631,2146,False
28632,2169,True
28633,3203,False
28634,2541,False
28635,2112,False
28636,2800,True
28637,2903,True
28638,2474,True
28639,1768,True
28640,1742,True
28641,2300,False
28642,1914,False
28643,2165,True
28644,2867,True
28645,2378,False
28646,2869,False
28647,1903,False
28648,2696,False
28649,1642,False
28650,2121,False
28651,2161,True
28652,1884,False
28653,1533,True
28654,3055,False
28655,3268,True
28656,2297,False
28657,2136,True
28658,2229,False
28659,2616,True
28660,2613,True
28661,2216,False
28662,3523,True
28663,1744,True
28664,2926,True
28665,3686,True
28666,2943,True
28667,4001,True
28668,2243,False
28669,1778,True
28670,2646,True
28671,2283,False
28672,2355,True
28673,4204,False
28674,3620,False
28675,2521,False
28676,2883,False
28677,1854,True
28678,1336,True
28679,2994,True
28680,2604,False
28681,2790,False
28682,2563,True
28683,2082,True
28684,2934,False
28685,2423,False
28686,1551,True
28687,1936,False
28688,3963,False
28689,1449,True
28690,2554,True
28691,1624,True
28692,2649,False
28693,2613,True
28694,3051,True
28695,2155,True
28696,2628,False
28697,3014,True
28698,2861,True
28699,2927,True
28700,1527,False
28701,3316,True
28702,2676,False
28703,2294,True
28704,2270,False
28705,1964,True
28706,2867,False
28707,2232,False
28708,2139,True
28709,1764,True
28710,2521,False
28711,2138,True
28712,1752,False
28713,1916,True
28714,2773,True
28715,2499,True
28716,2532,True
28717,1660,False
28718,2574,True
28719,2849,True
28720,1830,True
28721,2290,True
28722,2442,True
28723,2218,False
28724,3101,False
28725,2855,True
28726,3256,False
28727,2833,False
28728,1863,False
28729,1844,False
28730,2238,True
28731,1650,True
28732,3499,True
28733,1803,False
28734,2274,True
28735,2047,True
28736,2543,False
28737,2430,True
28738,2200,True
28739,1536,True
28740,1355,False
28741,2117,True
28742,1407,True
28743,2221,True
28744,2745,False
28745,2896,True
28746,2208,False
28747,1619,False
28748,2032,False
28749,2330,False
28750,2659,False
28751,1885,True
28752,2997,False
28753,2599,True
28754,2352,False
28755,2918,True
28756,2205,True
28757,1895,True
28758,2228,False
28759,1279,True
28760,1951,False
28761,1923,True
28762,2985,False
28763,2518,True
28764,1526,True
28765,2564,True
28766,3484,False
28767,2975,True
28768,3599,False
28769,2612,True
28770,1597,False
28771,2861,False
28772,2180,True
28773,4650,False
28774,2406,True
28775,3055,True
28776,1819,True
28777,1638,False
28778,3238,False
28779,1512,True
28780,1948,False
28781,1948,True
28782,2905,True
28783,2098,True
28784,3250,True
28785,2060,True
28786,2413,True
28787,1533,False
28788,3900,True
28789,3115,True
28790,3944,False
28791,1273,True
28792,2294,False
28793,3087,False
28794,1994,True
28795,1946,False
28796,2000,True
28797,2728,False
28798,2038,True
28799,3746,True
28800,2206,True
28801,2839,True
28802,2584,True
28803,3461,True
28804,2919,True
28805,2492,False
28806,2927,True
28807,2374,True
28808,2352,True
28809,2728,False
28810,1712,True
28811,2359,False
28812,2154,False
28813,2739,True
28814,2776,False
28815,2859,True
28816,2511,True
28817,2633,False
28818,2488,True
28819,3217,True
28820,2982,False
28821,1893,False
28822,1563,True
28823,1380,True
28824,1644,True
28825,2228,True
28826,2173,False
28827,3384,True
28828,2039,False
28829,2315,False
28830,1660,False
28831,2981,True
28832,3022,True
28833,2561,True
28834,2195,True
28835,1337,True
28836,1813,True
28837,3135,False
28838,2987,True
28839,3021,True
28840,2828,False
28841,3142,False
28842,2705,False
28843,2049,True
28844,2089,False
28845,2863,True
28846,2131,True
28847,2694,False
28848,2368,False
28849,3205,True
28850,3126,False
28851,1330,False
28852,2877,True
28853,2154,True
28854,2902,False
28855,2318,False
28856,2962,True
28857,2198,True
28858,2460,False
28859,1940,True
28860,2383,False
28861,2562,True
28862,2442,False
28863,2134,False
28864,2441,False
28865,2664,True
28866,3544,True
28867,2960,True
28868,3195,True
28869,1369,False
28870,2115,False
28871,1734,True
28872,2501,False
28873,3822,True
28874,1267,True
28875,2073,False
28876,2745,True
28877,2373,True
28878,2400,False
28879,2426,True
28880,1297,True
28881,2930,True
28882,3031,True
28883,3571,False
28884,3619,False
28885,2200,True
28886,2837,False
28887,3191,False
28888,2055,True
28889,2398,False
28890,2576,False
28891,2362,False
28892,2613,True
28893,2458,False
28894,1894,False
28895,2716,False
28896,2262,True
28897,2660,False
28898,2267,False
28899,1955,True
28900,2463,True
28901,1720,True
28902,3033,False
28903,2372,True
28904,1940,False
28905,2515,True
28906,1783,False
28907,1472,True
28908,2157,True
28909,2393,False
28910,1927,True
28911,4800,False
28912,2669,False
28913,2084,False
28914,3304,True
28915,2640,False
28916,2151,False
28917,2386,False
28918,2368,False
28919,2568,False
28920,1295,True
28921,2360,False
28922,2166,True
28923,1960,True
28924,1865,False
28925,2625,False
28926,2397,False
28927,2854,False
28928,1362,True
28929,2454,True
28930,2019,True
28931,2061,False
28932,3177,False
28933,3320,False
28934,2871,False
28935,2324,True
28936,2108,True
28937,1936,True
28938,3344,False
28939,1540,True
28940,2256,True
28941,2485,False
28942,2363,False
28943,3406,False
28944,1590,True
28945,1342,True
28946,2737,False
28947,2086,False
28948,2139,True
28949,4032,True
28950,2301,False
28951,2283,True
28952,3840,True
28953,2639,False
28954,2142,True
28955,2694,True
28956,2657,False
28957,4046,True
28958,2395,True
28959,3830,False
28960,2118,True
28961,2000,False
28962,2460,True
28963,3260,False
28964,1564,True
28965,3601,True
28966,1613,False
28967,2971,True
28968,2830,False
28969,1698,False
28970,2417,True
28971,1972,False
28972,1693,True
28973,3906,False
28974,1763,True
28975,2450,True
28976,2580,False
28977,2797,False
28978,3006,False
28979,2841,True
28980,3845,True
28981,2108,True
28982,2346,True
28983,2808,False
28984,1943,False
28985,2090,True
28986,2473,False
28987,1655,True
28988,3046,True
28989,2721,True
28990,2601,True
28991,2909,True
28992,1797,True
28993,1877,False
28994,2235,True
28995,3139,True
28996,2507,True
28997,2313,False
28998,2307,False
28999,1655,False
29000,2125,True
29001,3435,False
29002,2850,True
29003,3810,True
29004,2044,True
29005,3704,True
29006,3226,True
29007,1969,True
29008,1889,True
29009,2129,True
29010,3030,False
29011,3286,True
29012,2950,True
29013,2439,True
29014,3317,False
29015,2382,False
29016,2460,False
29017,4008,True
29018,2382,True
29019,2341,False
29020,2533,True
29021,3917,True
29022,2782,False
29023,2150,True
29024,2620,True
29025,2098,True
29026,1780,False
29027,1431,False
29028,2909,True
29029,2840,True
29030,2394,False
29031,1354,True
29032,1781,True
29033,2335,True
29034,2692,False
29035,3934,False
29036,2705,True
29037,1563,False
29038,2210,False
29039,1958,True
29040,2271,False
29041,2662,False
29042,2123,False
29043,2260,False
29044,1650,False
29045,3492,False
29046,1705,True
29047,1541,True
29048,2271,True
29049,1471,True
29050,2262,False
29051,3498,False
29052,3360,False
29053,2544,True
29054,2586,True
29055,3948,True
29056,1750,True
29057,2527,False
29058,2261,True
29059,2071,False
29060,2908,False
29061,2518,False
29062,1068,True
29063,2870,True
29064,2976,True
29065,2941,False
29066,2504,False
29067,3811,False
29068,2073,True
29069,2504,True
29070,2628,False
29071,2163,False
29072,1603,False
29073,2492,True
29074,2147,True
29075,2693,False
29076,2004,True
29077,2110,False
29078,2425,False
29079,1727,True
29080,1824,True
29081,2303,False
29082,3923,True
29083,1545,True
29084,2327,True
29085,2133,True
29086,2105,True
29087,3777,True
29088,2077,True
29089,1304,True
29090,1779,False
29091,2397,True
29092,2542,True
29093,2386,True
29094,2460,False
29095,1960,False
29096,1927,False
29097,2445,False
29098,3601,False
29099,2630,False
29100,3198,True
29101,1855,True
29102,2064,True
29103,2282,True
29104,2906,True
29105,2441,True
29106,2165,False
29107,3504,True
29108,3102,False
29109,2149,False
29110,2369,False
29111,1497,True
29112,2166,False
29113,1988,True
29114,3153,True
29115,2340,True
29116,1934,False
29117,2466,False
29118,3673,True
29119,1893,True
29120,2413,True
29121,1700,True
29122,1330,True
29123,2046,True
29124,2053,True
29125,1561,True
29126,3622,True
29127,3953,True
29128,2017,True
29129,2453,False
29130,2312,False
29131,2643,False
29132,3556,True
29133,2428,True
29134,3132,True
29135,448,True
29136,2603,False
29137,2669,False
29138,2523,True
29139,960,True
29140,2635,False
29141,3021,False
29142,2934,False
29143,2005,True
29144,2371,True
29145,3119,False
29146,2660,False
29147,2537,False
29148,2642,True
29149,2041,False
29150,2244,False
29151,2770,False
29152,2800,False
29153,3182,True
29154,1821,True
29155,3211,True
29156,1890,True
29157,2025,False
29158,1952,True
29159,1890,True
29160,2353,True
29161,3260,False
29162,2256,True
29163,2451,False
29164,2248,True
29165,2685,True
29166,2028,True
29167,2081,True
29168,2102,False
29169,2885,True
29170,2522,True
29171,2123,False
29172,579,False
29173,2458,False
29174,1737,False
29175,2750,False
29176,2716,False
29177,2083,True
29178,2581,False
29179,2696,True
29180,2887,True
29181,3192,True
29182,2531,True
29183,2559,True
29184,1879,False
29185,2484,True
29186,1155,False
29187,620,True
29188,2934,False
29189,3377,False
29190,2072,False
29191,3111,True
29192,2144,False
29193,2430,False
29194,1960,False
29195,2039,False
29196,2156,True
29197,1835,False
29198,1807,False
29199,2434,False
29200,2125,False
29201,2885,True
29202,2503,True
29203,3224,True
29204,2030,False
29205,2190,False
29206,2812,True
29207,3203,False
29208,1280,True
29209,1832,True
29210,2916,False
29211,3798,True
29212,3317,False
29213,2510,True
29214,2177,True
29215,1265,True
29216,2416,False
29217,1965,True
29218,2431,False
29219,1293,False
29220,2485,False
29221,3064,True
29222,1994,False
29223,2268,False
29224,3197,True
29225,2798,False
29226,3100,True
29227,2316,False
29228,2928,True
29229,1895,True
29230,2526,True
29231,2610,True
29232,2680,True
29233,2838,True
29234,2329,True
29235,2404,False
29236,860,True
29237,3219,True
29238,2166,True
29239,4239,True
29240,2551,False
29241,1959,False
29242,2999,False
29243,2047,True
29244,1325,True
29245,2276,True
29246,1770,True
29247,2735,True
29248,2375,True
29249,2827,False
29250,2070,False
29251,1721,False
29252,3201,False
29253,3001,True
29254,3724,True
29255,2067,False
29256,2095,False
29257,2251,False
29258,2824,True
29259,3122,False
29260,2102,True
29261,2418,True
29262,2941,True
29263,2149,True
29264,3004,False
29265,2273,False
29266,2911,False
29267,2445,True
29268,3251,True
29269,1589,False
29270,2668,True
29271,1949,True
29272,2005,False
29273,3462,True
29274,3016,True
29275,3423,False
29276,1177,True
29277,2810,True
29278,2652,True
29279,4696,True
29280,2748,True
29281,2885,False
29282,2019,False
29283,1594,True
29284,2576,False
29285,3149,False
29286,2710,False
29287,1961,True
29288,3431,False
29289,3895,False
29290,1941,True
29291,2144,True
29292,2288,True
29293,2161,True
29294,2591,True
29295,2306,False
29296,2788,True
29297,2559,True
29298,3212,True
29299,1579,True
29300,2848,False
29301,2639,False
29302,1834,True
29303,3111,False
29304,2786,False
29305,3564,True
29306,2514,True
29307,2884,True
29308,1868,True
29309,3787,False
29310,2374,False
29311,1998,True
29312,2616,True
29313,2670,True
29314,2073,True
29315,2873,False
29316,3758,False
29317,2294,True
29318,2783,False
29319,2611,True
29320,2325,False
29321,2487,True
29322,3134,True
29323,2908,True
29324,4090,True
29325,1714,False
29326,2824,True
29327,2002,False
29328,2183,True
29329,2840,False
29330,2995,False
29331,2299,True
29332,2624,True
29333,2268,True
29334,2586,False
29335,1904,False
29336,3469,True
29337,2646,True
29338,2151,True
29339,1744,True
29340,1669,True
29341,2292,True
29342,3716,True
29343,2461,True
29344,2370,False
29345,2594,False
29346,3613,True
29347,3052,False
29348,986,True
29349,2354,True
29350,2936,True
29351,2206,True
29352,1487,False
29353,2119,True
29354,2180,True
29355,3270,True
29356,1756,True
29357,2163,True
29358,2374,True
29359,2571,True
29360,2393,False
29361,3846,False
29362,2242,True
29363,1892,True
29364,2515,True
29365,2491,False
29366,3884,False
29367,3225,False
29368,2070,True
29369,2617,True
29370,2606,True
29371,1836,False
29372,2120,False
29373,2502,False
29374,2193,True
29375,1768,False
29376,2874,True
29377,3891,False
29378,3506,False
29379,2626,False
29380,2578,False
29381,2088,True
29382,2066,False
29383,2461,False
29384,2931,True
29385,1932,True
29386,2809,True
29387,3768,True
29388,1366,False
29389,2733,True
29390,2233,True
29391,3238,True
29392,2174,True
29393,2504,False
29394,2141,True
29395,1527,True
29396,1966,False
29397,2359,False
29398,2010,True
29399,3475,False
29400,2436,True
29401,2504,True
29402,1993,True
29403,1723,True
29404,3171,False
29405,1863,True
29406,2414,True
29407,1313,True
29408,2022,False
29409,2538,False
29410,3424,True
29411,1754,True
29412,2487,False
29413,2065,False
29414,3504,False
29415,2663,True
29416,2660,False
29417,2331,False
29418,3181,True
29419,2659,False
29420,1915,True
29421,2628,False
29422,2168,True
29423,916,False
29424,3200,False
29425,2567,False
29426,2930,False
29427,2639,True
29428,2557,False
29429,3351,False
29430,2367,False
29431,2358,True
29432,2453,False
29433,2316,False
29434,2239,False
29435,1910,False
29436,2425,False
29437,1686,False
29438,1844,False
29439,2213,True
29440,4260,True
29441,2837,False
29442,2969,True
29443,2369,True
29444,2347,True
29445,1036,True
29446,1978,False
29447,2814,True
29448,1819,True
29449,2197,False
29450,3176,True
29451,2367,True
29452,3046,False
29453,2212,False
29454,3583,True
29455,2620,False
29456,3746,True
29457,2994,True
29458,2465,False
29459,1936,False
29460,2848,True
29461,2555,True
29462,2331,False
29463,2048,False
29464,1423,False
29465,1502,False
29466,2833,True
29467,2519,True
29468,2775,False
29469,2795,False
29470,2372,True
29471,2678,False
29472,1983,False
29473,2020,False
29474,2165,False
29475,4160,False
29476,2580,False
29477,3369,True
29478,2790,True
29479,2452,False
29480,2158,True
29481,2966,False
29482,2402,False
29483,1565,True
29484,1693,True
29485,2109,True
29486,2280,True
29487,2457,True
29488,1939,False
29489,2024,False
29490,2834,False
29491,2511,False
29492,2080,True
29493,2476,True
29494,2742,False
29495,2734,False
29496,2100,True
29497,1926,True
29498,2822,False
29499,2548,False
29500,2221,True
29501,2605,False
29502,2127,False
29503,2455,False
29504,2335,False
29505,3467,False
29506,1993,True
29507,2028,False
29508,2042,True
29509,2393,True
29510,2461,False
29511,2314,True
29512,2720,True
29513,2751,True
29514,3309,True
29515,1951,False
29516,1062,True
29517,2215,True
29518,2812,True
29519,2152,False
29520,1689,False
29521,2124,True
29522,2164,True
29523,2741,False
29524,2717,True
29525,1803,False
29526,2696,True
29527,4029,True
29528,1949,True
29529,3021,False
29530,2485,True
29531,2254,False
29532,3183,True
29533,3183,True
29534,2876,False
29535,3377,False
29536,2423,False
29537,1433,False
29538,1998,False
29539,2507,True
29540,1974,True
29541,2108,False
29542,2101,False
29543,1677,False
29544,2447,False
29545,3036,True
29546,2418,False
29547,2019,False
29548,3057,True
29549,1747,False
29550,2848,False
29551,1862,False
29552,3999,False
29553,3087,False
29554,2346,False
29555,3109,False
29556,2732,True
29557,3059,True
29558,2405,True
29559,2483,True
29560,2349,True
29561,2023,False
29562,3084,True
29563,2419,True
29564,1795,True
29565,2221,False
29566,2789,False
29567,1258,True
29568,2662,False
29569,2032,False
29570,2233,True
29571,1952,True
29572,2967,True
29573,3127,False
29574,3421,True
29575,2469,False
29576,1891,False
29577,2419,False
29578,1830,True
29579,3004,False
29580,2778,True
29581,2211,True
29582,1443,False
29583,3618,False
29584,2744,False
29585,3117,False
29586,2868,False
29587,3055,True
29588,5320,False
29589,3027,True
29590,1427,False
29591,3017,True
29592,3115,True
29593,2579,False
29594,2925,False
29595,2211,False
29596,2981,False
29597,2993,False
29598,2947,True
29599,2145,False
29600,2842,False
29601,1502,False
29602,3178,True
29603,2343,True
29604,2701,True
29605,2910,False
29606,2286,True
29607,2091,False
29608,2939,True
29609,3217,False
29610,2721,False
29611,1672,True
29612,2661,False
29613,2685,True
29614,2514,False
29615,1526,False
29616,1759,True
29617,2979,True
29618,1868,True
29619,1903,False
29620,2450,False
29621,1489,False
29622,2343,False
29623,2913,False
29624,2069,True
29625,1980,False
29626,3440,False
29627,2330,False
29628,2493,False
29629,1839,False
29630,1863,True
29631,2281,False
29632,1691,True
29633,2317,True
29634,2679,True
29635,2418,True
29636,1376,False
29637,2774,True
29638,3032,True
29639,2562,False
29640,3341,False
29641,2952,False
29642,2989,False
29643,2334,True
29644,1678,False
29645,1858,False
29646,3775,False
29647,3146,False
29648,1886,False
29649,2475,True
29650,1825,False
29651,1713,False
29652,1563,True
29653,1879,True
29654,2469,True
29655,1639,True
29656,2050,False
29657,2088,True
29658,1523,True
29659,3030,True
29660,3140,True
29661,3200,True
29662,2212,True
29663,3003,False
29664,2968,True
29665,1502,True
29666,1989,True
29667,2141,False
29668,2720,False
29669,1911,True
29670,2017,True
29671,1691,False
29672,2305,True
29673,2044,True
29674,2032,True
29675,3090,True
29676,2282,True
29677,2178,False
29678,1922,False
29679,1699,True
29680,2562,True
29681,2251,True
29682,2364,True
29683,2165,False
29684,2976,False
29685,1955,False
29686,1908,False
29687,1960,True
29688,2048,False
29689,3011,True
29690,2288,False
29691,2268,True
29692,1706,True
29693,1761,False
29694,3185,False
29695,2422,True
29696,2443,True
29697,2348,True
29698,1764,True
29699,2442,True
29700,3731,True
29701,2035,True
29702,2167,True
29703,2271,True
29704,1996,True
29705,2087,True
29706,2997,False
29707,2136,True
29708,2424,False
29709,3241,False
29710,2812,False
29711,1577,True
29712,2552,False
29713,2764,True
29714,1981,True
29715,3861,True
29716,3144,False
29717,2406,True
29718,2921,True
29719,2039,True
29720,1757,True
29721,1937,False
29722,2227,False
29723,1349,True
29724,2563,True
29725,2726,False
29726,1686,False
29727,2234,False
29728,3501,False
29729,2221,False
29730,3411,False
29731,2290,True
29732,4102,True
29733,3439,False
29734,1699,True
29735,2274,True
29736,1636,False
29737,2366,True
29738,2427,False
29739,2209,False
29740,2268,True
29741,2373,True
29742,1879,True
29743,2258,False
29744,4577,True
29745,3157,True
29746,2557,True
29747,2826,True
29748,2233,False
29749,2281,True
29750,2235,False
29751,1920,False
29752,2527,True
29753,2825,True
29754,2779,False
29755,3047,False
29756,2440,False
29757,2071,False
29758,2575,True
29759,2489,False
29760,1793,True
29761,2800,True
29762,2270,False
29763,4317,True
29764,2565,False
29765,1721,False
29766,3895,False
29767,3551,False
29768,2567,True
29769,3588,True
29770,1677,True
29771,2871,True
29772,3121,True
29773,1222,False
29774,3244,False
29775,2784,False
29776,3047,True
29777,2468,False
29778,1554,False
29779,2064,False
29780,2428,True
29781,2691,False
29782,3124,False
29783,2318,False
29784,2150,False
29785,2153,True
29786,1353,True
29787,3387,False
29788,1759,True
29789,2090,False
29790,1619,True
29791,3028,False
29792,3472,True
29793,2838,True
29794,2167,False
29795,2855,True
29796,3819,False
29797,2427,False
29798,2874,True
29799,2165,True
29800,2550,True
29801,2485,True
29802,2112,False
29803,2148,True
29804,3797,True
29805,2514,False
29806,2207,True
29807,2950,False
29808,2078,True
29809,2355,False
29810,1365,False
29811,3081,False
29812,2060,True
29813,2638,True
29814,1595,False
29815,2977,True
29816,1649,False
29817,2735,False
29818,3167,True
29819,2225,True
29820,2023,True
29821,4130,True
29822,2089,True
29823,1689,False
29824,2879,True
29825,3310,False
29826,1873,False
29827,3437,True
29828,3398,False
29829,3861,False
29830,1841,False
29831,2895,False
29832,3027,False
29833,2347,True
29834,4350,False
29835,4891,True
29836,2534,False
29837,3443,True
29838,3003,True
29839,2911,False
29840,2820,False
29841,2306,False
29842,1423,False
29843,2185,True
29844,2241,True
29845,1606,False
29846,2365,True
29847,2030,True
29848,1932,True
29849,3130,True
29850,2272,True
29851,3067,True
29852,2428,True
29853,2219,True
29854,2561,True
29855,3062,True
29856,2722,True
29857,2295,True
29858,1884,False
29859,2286,False
29860,2546,False
29861,1403,False
29862,3080,False
29863,2704,True
29864,3304,True
29865,2538,False
29866,2368,True
29867,2350,True
29868,2895,True
29869,1868,False
29870,2749,True
29871,2541,True
29872,1902,True
29873,2728,True
29874,2853,False
29875,3299,True
29876,2744,True
29877,2352,True
29878,1432,False
29879,1693,True
29880,2608,False
29881,1450,False
29882,1925,True
29883,1565,True
29884,2911,True
29885,3297,False
29886,2831,False
29887,2572,True
29888,3144,False
29889,2490,True
29890,2965,False
29891,1834,True
29892,2838,False
29893,2762,True
29894,2187,True
29895,1671,True
29896,2002,False
29897,2460,False
29898,3206,True
29899,2805,False
29900,3203,True
29901,2650,False
29902,3550,True
29903,2350,True
29904,2429,True
29905,2805,True
29906,2486,True
29907,2269,False
29908,2255,True
29909,3090,True
29910,2302,False
29911,3134,False
29912,2492,True
29913,2125,False
29914,1900,True
29915,1959,False
29916,2273,False
29917,3407,False
29918,2163,True
29919,2468,True
29920,2654,True
29921,3261,False
29922,2860,False
29923,2851,False
29924,3326,False
29925,2947,False
29926,1758,False
29927,2481,False
29928,1347,False
29929,2472,True
29930,2157,False
29931,1455,False
29932,2569,True
29933,3268,False
29934,2568,False
29935,2740,False
29936,2389,False
29937,1467,True
29938,3055,True
29939,1971,False
29940,2417,False
29941,3235,False
29942,2803,False
29943,2948,False
29944,2516,False
29945,3651,False
29946,2560,False
29947,2427,True
29948,2703,True
29949,2188,False
29950,2177,False
29951,3093,False
29952,1081,False
29953,2317,True
29954,2867,False
29955,1370,True
29956,2225,True
29957,4476,False
29958,2277,False
29959,3262,True
29960,2409,True
29961,1527,True
29962,1525,True
29963,1986,True
29964,2131,False
29965,2787,True
29966,1776,True
29967,2006,True
29968,2105,True
29969,1928,True
29970,3625,False
29971,2005,True
29972,2146,True
29973,2463,False
29974,3685,True
29975,3751,False
29976,2313,False
29977,2009,False
29978,2480,True
29979,2021,True
29980,2114,False
29981,2266,False
29982,2981,False
29983,1523,True
29984,2780,True
29985,2227,True
29986,1658,True
29987,3043,True
29988,2010,True
29989,2063,False
29990,2569,True
29991,3930,False
29992,3009,True
29993,2278,False
29994,2656,True
29995,2036,False
29996,2325,False
29997,1705,True
29998,2524,False
29999,2805,False
30000,2630,True
30001,2636,True
30002,2901,False
30003,2700,False
30004,1831,True
30005,1818,False
30006,2780,True
30007,2666,False
30008,2523,False
30009,2249,True
30010,1438,True
30011,1967,False
30012,3396,True
30013,2335,False
30014,2077,True
30015,3832,True
30016,1993,False
30017,4027,False
30018,1744,True
30019,1978,False
30020,1970,False
30021,2172,True
30022,2458,True
30023,1716,True
30024,2270,False
30025,3016,False
30026,2631,False
30027,2910,True
30028,2331,True
30029,2282,True
30030,1762,False
30031,2713,False
30032,4164,True
30033,2188,False
30034,3237,False
30035,2797,True
30036,1710,True
30037,3987,True
30038,2245,True
30039,2123,False
30040,3229,False
30041,2228,False
30042,2406,False
30043,1882,False
30044,3649,False
30045,2919,True
30046,2218,False
30047,1427,True
30048,2653,False
30049,3324,False
30050,2314,True
30051,1203,True
30052,2487,False
30053,2685,False
30054,1841,True
30055,3326,True
30056,2837,True
30057,4061,True
30058,2697,True
30059,2439,True
30060,2015,True
30061,2766,False
30062,2373,True
30063,2815,True
30064,2341,False
30065,3045,False
30066,2394,True
30067,2164,False
30068,2995,True
30069,1540,True
30070,2446,False
30071,2106,True
30072,2893,False
30073,2828,True
30074,1973,True
30075,2253,False
30076,2134,True
30077,2168,True
30078,2423,True
30079,1732,False
30080,3198,False
30081,2474,False
30082,2807,True
30083,2357,False
30084,1905,False
30085,1951,True
30086,1640,True
30087,1991,True
30088,2522,True
30089,2906,False
30090,2405,True
30091,2468,False
30092,3718,False
30093,3365,False
30094,2349,True
30095,2782,True
30096,3206,True
30097,1994,True
30098,2590,False
30099,2441,False
30100,2910,False
30101,2341,False
30102,1746,True
30103,2095,False
30104,2563,False
30105,2915,False
30106,2224,False
30107,3228,False
30108,2270,False
30109,2471,False
30110,3474,False
30111,3224,False
30112,2783,False
30113,2001,False
30114,2875,False
30115,2871,False
30116,2641,True
30117,3217,False
30118,2624,True
30119,2946,True
30120,2531,True
30121,2915,True
30122,3961,False
30123,1443,True
30124,4276,True
30125,3788,False
30126,2610,True
30127,2402,True
30128,3246,False
30129,1303,True
30130,1593,True
30131,3952,False
30132,2070,True
30133,2153,False
30134,2941,False
30135,1994,True
30136,3357,True
30137,3591,True
30138,2780,True
30139,1702,True
30140,2249,False
30141,1802,True
30142,2727,False
30143,1337,True
30144,1367,True
30145,2994,True
30146,3530,False
30147,2846,False
30148,3552,False
30149,5189,False
30150,964,False
30151,2824,True
30152,2056,False
30153,2172,True
30154,3609,True
30155,2344,False
30156,1570,True
30157,3035,True
30158,2777,False
30159,3990,True
30160,2239,False
30161,2988,False
30162,2410,True
30163,1849,True
30164,1818,True
30165,2608,True
30166,2213,True
30167,2557,False
30168,2445,False
30169,2006,True
30170,1554,True
30171,2584,False
30172,1913,True
30173,1991,False
30174,2330,False
30175,2991,True
30176,1558,False
30177,1794,False
30178,3825,True
30179,2420,False
30180,3438,False
30181,2384,False
30182,1559,True
30183,3559,True
30184,4461,False
30185,2394,True
30186,1974,True
30187,2106,False
30188,1998,True
30189,2356,False
30190,1943,False
30191,3195,True
30192,2879,True
30193,2412,False
30194,1390,True
30195,2139,True
30196,2303,False
30197,3061,False
30198,1912,True
30199,2904,False
30200,1863,False
30201,2794,False
30202,3895,False
30203,2429,False
30204,2152,True
30205,2038,False
30206,1857,True
30207,2059,True
30208,1735,False
30209,2842,False
30210,2144,True
30211,2426,False
30212,2588,True
30213,2033,True
30214,2645,False
30215,3009,True
30216,2737,False
30217,2001,False
30218,2204,True
30219,2214,False
30220,3171,False
30221,3176,True
30222,1841,False
30223,1672,True
30224,2213,True
30225,2787,False
30226,2254,False
30227,2983,True
30228,2206,False
30229,2283,True
30230,2487,False
30231,1282,True
30232,2727,False
30233,2443,True
30234,2163,False
30235,2526,True
30236,2416,True
30237,2409,True
30238,2661,False
30239,2348,False
30240,2947,True
30241,2567,False
30242,3407,True
30243,2374,False
30244,1779,True
30245,3152,True
30246,2486,False
30247,3094,False
30248,2411,False
30249,1941,False
30250,2291,True
30251,2867,True
30252,2423,True
30253,1919,True
30254,3456,False
30255,1916,False
30256,2040,True
30257,2107,False
30258,2792,False
30259,2312,True
30260,1711,True
30261,1993,False
30262,2415,False
30263,2632,True
30264,2091,False
30265,1681,True
30266,1259,True
30267,2087,True
30268,2728,False
30269,2233,True
30270,3749,False
30271,4317,True
30272,2455,False
30273,3150,False
30274,3490,True
30275,2641,False
30276,2739,True
30277,1304,True
30278,2529,True
30279,2239,True
30280,2513,False
30281,1468,False
30282,3017,True
30283,3019,False
30284,2650,True
30285,2828,False
30286,3454,False
30287,1829,False
30288,2964,True
30289,2088,True
30290,1491,False
30291,3347,True
30292,2916,False
30293,2569,False
30294,2714,False
30295,2864,False
30296,2417,False
30297,2072,True
30298,2425,False
30299,2652,False
30300,2303,False
30301,2102,True
30302,3671,False
30303,2645,True
30304,1937,False
30305,2149,True
30306,2067,True
30307,2783,False
30308,1767,True
30309,3185,True
30310,2538,True
30311,2278,False
30312,3008,False
30313,2652,True
30314,2107,False
30315,2126,True
30316,2107,False
30317,3407,False
30318,2579,True
30319,3570,True
30320,1471,True
30321,3097,True
30322,3550,True
30323,2462,True
30324,2843,True
30325,2881,False
30326,3191,True
30327,2317,False
30328,2300,True
30329,2069,True
30330,2207,False
30331,2300,True
30332,1462,True
30333,2928,False
30334,2036,True
30335,3083,True
30336,2463,False
30337,2389,False
30338,2560,False
30339,3493,True
30340,2246,False
30341,1762,True
30342,2506,True
30343,1923,True
30344,2885,True
30345,2980,False
30346,3018,False
30347,3511,True
30348,2337,True
30349,2395,True
30350,2081,True
30351,1827,True
30352,3151,True
30353,2823,False
30354,4076,True
30355,2181,True
30356,2670,False
30357,3242,False
30358,2290,True
30359,2591,True
30360,1773,True
30361,3066,True
30362,2951,False
30363,2802,False
30364,2647,False
30365,2919,True
30366,2436,False
30367,1772,True
30368,1926,True
30369,2933,True
30370,3062,True
30371,2826,False
30372,2539,True
30373,1624,True
30374,2130,True
30375,2648,False
30376,2748,True
30377,2209,True
30378,4176,True
30379,2029,False
30380,1805,True
30381,2799,True
30382,1185,True
30383,1838,True
30384,1280,False
30385,2210,True
30386,2037,True
30387,1979,False
30388,1629,False
30389,3246,True
30390,1962,False
30391,2052,True
30392,2332,False
30393,2426,False
30394,2631,False
30395,2609,False
30396,2544,False
30397,2541,False
30398,2421,False
30399,3970,False
30400,3016,True
30401,2529,True
30402,2427,False
30403,2982,False
30404,2289,False
30405,3791,True
30406,2039,True
30407,1766,True
30408,1438,True
30409,2038,True
30410,2103,False
30411,1983,True
30412,3049,False
30413,2880,False
30414,2806,True
30415,2706,False
30416,3014,True
30417,2952,False
30418,1973,False
30419,2645,True
30420,1619,False
30421,2548,True
30422,2175,True
30423,1983,False
30424,1976,False
30425,1960,True
30426,2467,True
30427,1846,False
30428,2758,False
30429,2312,False
30430,1941,True
30431,2974,False
30432,2071,True
30433,3421,True
30434,2828,False
30435,2317,True
30436,3162,False
30437,2114,True
30438,2661,False
30439,1982,True
30440,2601,False
30441,3831,True
30442,1814,True
30443,3431,True
30444,2122,False
30445,3348,True
30446,2745,True
30447,1774,True
30448,2170,False
30449,1803,True
30450,3872,True
30451,2407,False
30452,2398,True
30453,4044,True
30454,4141,False
30455,1576,False
30456,3271,False
30457,1932,False
30458,2573,True
30459,2114,True
30460,1660,True
30461,3495,False
30462,2042,True
30463,2210,False
30464,3078,False
30465,3040,True
30466,2689,False
30467,2542,True
30468,1784,False
30469,2601,False
30470,2668,False
30471,1953,True
30472,2952,True
30473,3331,False
30474,3079,False
30475,1886,True
30476,3586,False
30477,1778,True
30478,2444,True
30479,2923,True
30480,2019,True
30481,2447,True
30482,2718,False
30483,2664,False
30484,3021,True
30485,2267,False
30486,2600,False
30487,2700,True
30488,1586,True
30489,1977,True
30490,3801,True
30491,2284,True
30492,2266,True
30493,3321,True
30494,2790,False
30495,1809,True
30496,1898,True
30497,2737,True
30498,2181,False
30499,3440,True
30500,2235,True
30501,1787,True
30502,2986,False
30503,1601,False
30504,2532,True
30505,1880,True
30506,3269,True
30507,2826,True
30508,1308,False
30509,2353,True
30510,2338,False
30511,3749,True
30512,2600,True
30513,2779,False
30514,3277,False
30515,3047,False
30516,2094,False
30517,2821,False
30518,2582,False
30519,2971,True
30520,2148,True
30521,1550,False
30522,1984,True
30523,1625,True
30524,3658,True
30525,2583,True
30526,1220,True
30527,1625,False
30528,3747,False
30529,2660,True
30530,4020,True
30531,2984,True
30532,1127,True
30533,3486,False
30534,3482,False
30535,2217,True
30536,3166,True
30537,1826,True
30538,2339,True
30539,2142,False
30540,2676,False
30541,2599,False
30542,2631,False
30543,1934,False
30544,2737,False
30545,2422,False
30546,1225,False
30547,2477,True
30548,5697,True
30549,2654,False
30550,2256,False
30551,2233,True
30552,1515,False
30553,1972,True
30554,2262,False
30555,3597,False
30556,1843,False
30557,4692,False
30558,2633,True
30559,1642,False
30560,2396,True
30561,2572,False
30562,2002,True
30563,2721,False
30564,3587,False
30565,2307,True
30566,2826,True
30567,2513,False
30568,2147,False
30569,1463,False
30570,3266,True
30571,1971,True
30572,2072,False
30573,2913,True
30574,2361,True
30575,2555,True
30576,1517,True
30577,3046,False
30578,1973,True
30579,2133,True
30580,1794,False
30581,2780,False
30582,1698,False
30583,2587,False
30584,3017,True
30585,2708,False
30586,2991,False
30587,1940,False
30588,2313,False
30589,1703,True
30590,2031,True
30591,1704,True
30592,2304,True
30593,2951,True
30594,1682,False
30595,2501,False
30596,2972,False
30597,2301,True
30598,3690,False
30599,2686,True
30600,2595,False
30601,2508,False
30602,3643,True
30603,2015,False
30604,2139,False
30605,2192,True
30606,3037,True
30607,2035,False
30608,3416,True
30609,2194,True
30610,2745,True
30611,3285,False
30612,2711,False
30613,2143,True
30614,2594,False
30615,2876,False
30616,2888,True
30617,3190,True
30618,2559,False
30619,3202,True
30620,2827,True
30621,2074,True
30622,2343,True
30623,3538,False
30624,2422,False
30625,2656,False
30626,2572,True
30627,3575,True
30628,2005,False
30629,2112,True
30630,4103,True
30631,3614,False
30632,2636,True
30633,500,False
30634,2453,False
30635,2942,True
30636,3071,True
30637,3144,False
30638,2643,False
30639,2024,True
30640,1858,True
30641,2813,False
30642,2673,False
30643,2822,True
30644,1680,False
30645,1943,False
30646,2823,True
30647,2114,False
30648,3587,False
30649,2053,True
30650,2378,False
30651,2320,True
30652,2056,True
30653,4078,False
30654,2692,False
30655,1438,True
30656,1626,True
30657,2103,True
30658,2356,True
30659,2913,False
30660,2323,True
30661,1802,True
30662,2879,True
30663,2183,False
30664,2877,False
30665,2255,True
30666,2117,False
30667,2088,False
30668,3034,False
30669,2723,False
30670,2947,False
30671,2647,False
30672,2962,True
30673,2301,True
30674,3363,True
30675,3715,False
30676,2138,False
30677,1689,False
30678,2630,False
30679,1869,False
30680,2471,True
30681,2011,True
30682,3365,True
30683,1664,True
30684,2196,False
30685,2410,True
30686,2145,False
30687,2119,True
30688,2552,True
30689,2777,False
30690,1871,True
30691,1886,False
30692,2041,True
30693,3514,False
30694,2543,False
30695,2093,False
30696,2045,True
30697,2386,False
30698,3762,False
30699,3296,False
30700,1887,True
30701,3811,True
30702,2951,False
30703,2339,True
30704,3300,True
30705,2941,True
30706,4280,True
30707,3325,False
30708,2389,False
30709,2791,True
30710,2727,False
30711,2632,False
30712,2725,False
30713,2132,True
30714,2876,False
30715,2220,False
30716,1480,True
30717,2249,True
30718,2716,False
30719,2014,False
30720,2808,True
30721,1949,False
30722,2708,True
30723,2360,True
30724,5083,True
30725,1556,False
30726,2642,False
30727,2617,False
30728,1845,False
30729,2018,True
30730,2670,True
30731,1272,True
30732,3153,False
30733,1192,True
30734,1508,True
30735,3429,False
30736,2461,True
30737,2751,True
30738,3348,True
30739,2570,True
30740,3924,True
30741,1977,False
30742,2863,True
30743,3288,False
30744,3051,False
30745,1750,True
30746,2597,True
30747,1731,True
30748,2392,False
30749,2329,False
30750,2150,True
30751,2961,False
30752,2428,False
30753,2445,True
30754,3427,False
30755,3556,False
30756,2274,False
30757,3220,False
30758,1658,False
30759,2606,True
30760,3695,True
30761,2523,False
30762,2373,True
30763,3141,False
30764,2203,True
30765,3048,False
30766,2003,True
30767,2552,True
30768,2295,True
30769,2770,False
30770,2934,True
30771,2637,True
30772,3329,False
30773,2496,False
30774,1616,True
30775,2170,True
30776,3144,True
30777,2097,True
30778,1993,True
30779,2072,True
30780,1946,True
30781,2528,True
30782,2007,False
30783,2951,True
30784,2673,True
30785,2631,True
30786,2345,True
30787,2292,True
30788,2500,True
30789,3235,True
30790,3130,False
30791,2853,True
30792,2273,False
30793,2413,False
30794,2472,False
30795,2005,True
30796,3368,True
30797,3843,False
30798,3129,False
30799,2183,False
30800,2020,True
30801,1804,True
30802,3244,True
30803,3210,False
30804,3387,False
30805,3607,True
30806,1717,False
30807,2508,True
30808,3478,False
30809,2220,True
30810,2261,True
30811,2538,False
30812,1678,False
30813,2161,True
30814,2778,True
30815,3198,True
30816,3625,True
30817,2533,False
30818,2532,True
30819,2258,False
30820,3294,True
30821,2908,False
30822,2323,False
30823,1119,True
30824,1946,True
30825,2096,False
30826,2612,False
30827,2654,True
30828,3068,False
30829,2408,True
30830,2814,False
30831,2400,False
30832,1829,False
30833,2593,True
30834,3157,False
30835,2363,True
30836,2516,False
30837,2821,True
30838,2225,True
30839,2691,True
30840,2279,False
30841,2873,False
30842,2550,False
30843,3017,False
30844,2089,True
30845,2014,True
30846,2550,False
30847,2094,False
30848,2745,False
30849,2295,True
30850,2611,True
30851,4075,False
30852,4444,False
30853,2466,True
30854,2058,False
30855,1745,False
30856,3002,False
30857,2260,True
30858,2014,False
30859,3211,False
30860,2933,True
30861,2655,False
30862,2851,True
30863,1950,True
30864,1997,True
30865,2156,True
30866,2835,True
30867,3230,True
30868,1863,True
30869,1985,True
30870,2570,False
30871,2681,False
30872,2456,False
30873,1597,True
30874,2549,False
30875,2619,False
30876,2622,False
30877,1901,True
30878,2935,True
30879,2911,False
30880,2290,True
30881,3511,True
30882,2967,False
30883,1808,True
30884,1988,False
30885,2786,False
30886,2371,False
30887,2956,False
30888,2396,False
30889,1563,True
30890,1997,False
30891,2848,True
30892,3053,True
30893,2493,False
30894,2277,False
30895,2092,True
30896,1436,False
30897,1428,True
30898,2082,True
30899,2052,False
30900,2251,True
30901,3636,True
30902,2181,True
30903,4374,False
30904,2573,False
30905,2210,False
30906,2410,False
30907,2840,True
30908,1926,False
30909,3104,True
30910,1954,True
30911,2727,False
30912,2312,False
30913,2390,True
30914,1327,True
30915,3452,False
30916,2035,True
30917,3193,False
30918,3096,False
30919,2455,True
30920,2934,False
30921,2524,True
30922,2049,True
30923,2689,False
30924,3898,True
30925,1584,True
30926,3404,False
30927,1841,False
30928,2164,False
30929,2182,False
30930,1956,True
30931,1955,False
30932,3070,True
30933,2990,True
30934,2304,True
30935,1815,False
30936,3373,False
30937,2826,True
30938,2375,False
30939,1132,False
30940,2905,True
30941,2556,True
30942,1745,True
30943,3639,False
30944,2982,False
30945,3972,True
30946,2855,True
30947,2102,True
30948,2743,False
30949,3209,True
30950,1788,False
30951,2697,True
30952,2249,True
30953,2640,True
30954,3315,False
30955,3492,True
30956,2532,True
30957,3939,True
30958,3205,False
30959,2601,True
30960,3241,True
30961,1893,False
30962,1339,True
30963,2145,False
30964,1880,True
30965,2198,True
30966,3439,True
30967,2784,True
30968,2348,True
30969,2109,True
30970,2402,False
30971,2005,False
30972,2201,False
30973,2837,True
30974,3016,True
30975,2376,True
30976,2588,True
30977,2056,False
30978,2521,False
30979,1564,True
30980,2658,False
30981,2598,True
30982,1781,True
30983,3529,True
30984,873,False
30985,2485,True
30986,3828,True
30987,4035,True
30988,2072,True
30989,2820,False
30990,2385,False
30991,3010,False
30992,2201,False
30993,2940,False
30994,3917,False
30995,2095,True
30996,3323,True
30997,2023,True
30998,1976,False
30999,1878,True
31000,2163,False
31001,1879,True
31002,2773,False
31003,2039,True
31004,2770,False
31005,2614,True
31006,1495,False
31007,2485,True
31008,2486,False
31009,2827,True
31010,3228,False
31011,2636,False
31012,2974,True
31013,2538,False
31014,2302,True
31015,1267,True
31016,2417,True
31017,1728,True
31018,4397,True
31019,1930,True
31020,3549,False
31021,1393,True
31022,3335,True
31023,2525,False
31024,2365,False
31025,3061,False
31026,2111,False
31027,1787,True
31028,2974,True
31029,2879,False
31030,2104,True
31031,1879,False
31032,2939,False
31033,1818,False
31034,3648,True
31035,3187,False
31036,2446,True
31037,3136,True
31038,2027,True
31039,2988,False
31040,4154,True
31041,1712,True
31042,1981,False
31043,2072,False
31044,1880,False
31045,2251,True
31046,2001,False
31047,3632,False
31048,2848,False
31049,2193,False
31050,2241,False
31051,1998,True
31052,3389,False
31053,4077,True
31054,1602,True
31055,2042,False
31056,3066,True
31057,2189,True
31058,2010,False
31059,2612,False
31060,3689,True
31061,2880,True
31062,1814,False
31063,2910,False
31064,2023,False
31065,3060,False
31066,2842,True
31067,2972,True
31068,3268,True
31069,3802,False
31070,2247,True
31071,2359,True
31072,1642,False
31073,1990,True
31074,3638,False
31075,1927,True
31076,3755,True
31077,2568,True
31078,2316,True
31079,2491,False
31080,3086,True
31081,1525,False
31082,2696,True
31083,2440,False
31084,2711,False
31085,2716,True
31086,1995,True
31087,2192,False
31088,1913,True
31089,1508,True
31090,2319,True
31091,1983,True
31092,2304,False
31093,2493,False
31094,2371,True
31095,1797,False
31096,3035,True
31097,2026,True
31098,3109,True
31099,2492,True
31100,3072,False
31101,2447,False
31102,2257,True
31103,2330,False
31104,3122,True
31105,1822,True
31106,2758,False
31107,2041,False
31108,3419,True
31109,3263,False
31110,2152,False
31111,3061,True
31112,3801,False
31113,2648,True
31114,2232,True
31115,2170,True
31116,2724,False
31117,4016,False
31118,3229,False
31119,3742,False
31120,1223,True
31121,2301,False
31122,1597,True
31123,2369,False
31124,2461,True
31125,2283,False
31126,1706,True
31127,1741,True
31128,2937,False
31129,2469,False
31130,1863,True
31131,2391,False
31132,2309,False
31133,1995,True
31134,4087,False
31135,2002,False
31136,2377,True
31137,2997,False
31138,2874,False
31139,3190,True
31140,2289,True
31141,2662,True
31142,1520,True
31143,3829,False
31144,2489,True
31145,2059,False
31146,2447,False
31147,2038,True
31148,2357,False
31149,1982,True
31150,2194,True
31151,2862,True
31152,1983,False
31153,1826,False
31154,2794,True
31155,2989,True
31156,1943,False
31157,3167,False
31158,2684,False
31159,2461,True
31160,3224,False
31161,2099,True
31162,3242,False
31163,2451,False
31164,2454,False
31165,2189,False
31166,3711,False
31167,4532,False
31168,2571,True
31169,3764,True
31170,1884,False
31171,2082,True
31172,1491,True
31173,2093,False
31174,3446,True
31175,3227,False
31176,2780,True
31177,2455,True
31178,2004,False
31179,1406,True
31180,2605,False
31181,2776,False
31182,1773,True
31183,2339,True
31184,3478,False
31185,2453,True
31186,2504,True
31187,1917,True
31188,3032,False
31189,3627,True
31190,1980,True
31191,3033,True
31192,3816,True
31193,3033,False
31194,1951,True
31195,2449,True
31196,2570,True
31197,1834,True
31198,2083,True
31199,2177,False
31200,2193,False
31201,2599,True
31202,2826,False
31203,1700,True
31204,2691,False
31205,3920,True
31206,2832,True
31207,1882,True
31208,2390,False
31209,3382,True
31210,2067,False
31211,2340,False
31212,2727,True
31213,1283,False
31214,1951,True
31215,1789,False
31216,1575,False
31217,2982,True
31218,3142,True
31219,2721,True
31220,2337,True
31221,1886,True
31222,2251,True
31223,2449,True
31224,2021,True
31225,1525,True
31226,2487,True
31227,2127,False
31228,2793,True
31229,1415,False
31230,1907,True
31231,1630,True
31232,2496,False
31233,3476,True
31234,1967,True
31235,3162,False
31236,2301,False
31237,2626,True
31238,2459,False
31239,2000,True
31240,1787,True
31241,1927,False
31242,2175,True
31243,1760,False
31244,3340,True
31245,1898,True
31246,3992,True
31247,2808,False
31248,1858,True
31249,2964,True
31250,2552,True
31251,2181,True
31252,2723,True
31253,1377,True
31254,2825,False
31255,2421,False
31256,2682,False
31257,1934,True
31258,2109,True
31259,1962,True
31260,2441,True
31261,2324,False
31262,2158,False
31263,3130,True
31264,3416,False
31265,2292,True
31266,1977,True
31267,804,True
31268,2138,False
31269,3946,False
31270,2271,True
31271,2210,True
31272,1862,False
31273,3658,False
31274,2285,True
31275,2171,True
31276,2096,True
31277,1975,False
31278,3097,True
31279,1908,True
31280,2237,False
31281,2387,False
31282,2196,True
31283,2640,True
31284,2886,True
31285,1904,False
31286,2022,False
31287,2970,True
31288,2002,False
31289,2651,True
31290,1925,False
31291,2035,False
31292,2009,False
31293,4095,False
31294,3504,False
31295,1839,True
31296,3280,True
31297,2434,False
31298,2928,False
31299,2183,False
31300,3809,True
31301,2897,True
31302,2949,False
31303,2906,True
31304,2171,False
31305,2878,False
31306,2419,False
31307,2732,False
31308,2119,True
31309,1932,False
31310,3246,True
31311,2869,False
31312,1871,True
31313,2264,False
31314,1951,True
31315,2983,False
31316,4894,False
31317,3621,False
31318,1901,True
31319,2412,False
31320,1766,True
31321,2748,False
31322,2954,False
31323,2501,True
31324,2514,True
31325,3329,False
31326,3017,True
31327,2138,False
31328,2530,False
31329,4253,False
31330,2601,False
31331,2495,False
31332,1957,True
31333,2915,True
31334,2455,True
31335,1915,False
31336,1320,True
31337,1800,False
31338,2738,True
31339,2206,False
31340,2506,False
31341,3354,False
31342,2681,True
31343,2360,False
31344,1581,True
31345,2133,True
31346,1941,True
31347,1675,True
31348,1887,True
31349,2229,False
31350,3166,False
31351,1965,True
31352,3026,False
31353,2136,True
31354,2758,False
31355,1763,True
31356,2173,True
31357,1882,False
31358,4162,True
31359,2581,False
31360,1910,True
31361,2148,False
31362,2493,False
31363,1531,False
31364,2111,False
31365,762,True
31366,2340,True
31367,2500,False
31368,3356,False
31369,2306,True
31370,3480,False
31371,2123,False
31372,3087,True
31373,2186,True
31374,2717,True
31375,2426,True
31376,3761,True
31377,3538,True
31378,2266,False
31379,2130,False
31380,2530,False
31381,1988,True
31382,2649,False
31383,1514,False
31384,1344,True
31385,2603,True
31386,2917,True
31387,2834,True
31388,1735,True
31389,2664,True
31390,2537,True
31391,1880,True
31392,3843,True
31393,1317,True
31394,3054,False
31395,3055,True
31396,1841,True
31397,2612,True
31398,2515,False
31399,1769,True
31400,1754,True
31401,1460,True
31402,2350,False
31403,4103,True
31404,3212,False
31405,3526,False
31406,3207,True
31407,2600,False
31408,3053,True
31409,1064,True
31410,2547,True
31411,2276,True
31412,2059,True
31413,1549,False
31414,3004,False
31415,1951,True
31416,1515,True
31417,2475,False
31418,3189,True
31419,3105,False
31420,2793,False
31421,2910,True
31422,2341,True
31423,2552,True
31424,2485,True
31425,2679,True
31426,2440,True
31427,1262,False
31428,2808,False
31429,3067,False
31430,3364,False
31431,2096,True
31432,2058,True
31433,1891,False
31434,2234,False
31435,1972,False
31436,2379,True
31437,2250,False
31438,59,False
31439,2027,False
31440,2373,False
31441,2760,False
31442,3623,False
31443,1951,True
31444,3670,True
31445,2232,True
31446,2352,False
31447,3137,True
31448,3276,False
31449,2060,False
31450,2367,False
31451,2427,True
31452,3221,True
31453,2838,False
31454,2059,True
31455,4438,False
31456,3757,True
31457,4177,False
31458,1764,False
31459,2854,False
31460,2004,True
31461,2305,False
31462,2599,True
31463,1831,False
31464,2067,True
31465,2043,False
31466,1926,False
31467,4511,True
31468,2176,False
31469,2700,False
31470,2419,True
31471,1939,False
31472,2098,False
31473,1890,False
31474,2149,False
31475,2759,False
31476,2536,True
31477,3622,True
31478,2066,False
31479,2406,False
31480,1917,True
31481,2249,True
31482,3158,True
31483,2522,True
31484,2963,False
31485,1595,True
31486,2754,True
31487,2079,False
31488,2561,False
31489,1582,False
31490,4288,True
31491,1472,True
31492,3629,False
31493,4269,False
31494,2786,False
31495,2788,True
31496,1719,True
31497,2045,False
31498,2112,False
31499,2782,True
31500,2405,True
31501,2705,False
31502,3027,True
31503,2352,True
31504,1646,False
31505,3178,False
31506,2040,True
31507,2742,False
31508,3086,True
31509,2101,False
31510,1437,True
31511,3081,True
31512,2363,True
31513,1805,True
31514,3074,True
31515,2903,False
31516,1778,False
31517,2897,True
31518,2504,False
31519,2560,False
31520,2858,False
31521,2879,False
31522,3389,True
31523,1866,False
31524,1960,False
31525,2446,False
31526,3643,True
31527,2572,False
31528,2283,False
31529,3471,True
31530,1925,False
31531,3156,True
31532,2067,True
31533,3548,True
31534,2761,True
31535,2820,True
31536,1979,True
31537,1783,False
31538,478,True
31539,2448,False
31540,2420,True
31541,1905,False
31542,2190,False
31543,2372,True
31544,1876,False
31545,3047,False
31546,2418,True
31547,2149,False
31548,2203,False
31549,2724,False
31550,2286,False
31551,1745,True
31552,2125,True
31553,2977,True
31554,2341,True
31555,1979,True
31556,1756,False
31557,2174,True
31558,1400,True
31559,2804,False
31560,1889,True
31561,2407,True
31562,1846,False
31563,2273,True
31564,2964,False
31565,2446,True
31566,1782,True
31567,2494,True
31568,3432,True
31569,2381,False
31570,2644,True
31571,2300,False
31572,2728,True
31573,2326,False
31574,2242,True
31575,2646,True
31576,2632,True
31577,2327,False
31578,2427,False
31579,1574,False
31580,2542,True
31581,2017,False
31582,2228,False
31583,2921,False
31584,2471,False
31585,2348,True
31586,2613,True
31587,2448,False
31588,1542,True
31589,2198,False
31590,2146,True
31591,1641,False
31592,2269,True
31593,3240,True
31594,2972,False
31595,3207,False
31596,3527,False
31597,2125,True
31598,3039,False
31599,2797,True
31600,2573,True
31601,3736,False
31602,3301,False
31603,1856,False
31604,2533,True
31605,4439,False
31606,1557,True
31607,1745,True
31608,1785,True
31609,2474,True
31610,2504,False
31611,1890,True
31612,3192,False
31613,2204,True
31614,2529,False
31615,2792,False
31616,2468,False
31617,1392,True
31618,3381,True
31619,4239,True
31620,2082,False
31621,2212,False
31622,2642,True
31623,2179,True
31624,3321,True
31625,2445,False
31626,2783,False
31627,2657,False
31628,2195,False
31629,2296,False
31630,2232,True
31631,3109,False
31632,2143,True
31633,3094,True
31634,2318,False
31635,1959,True
31636,2386,True
31637,1928,True
31638,3345,True
31639,2358,False
31640,2550,True
31641,2755,False
31642,2004,False
31643,2102,True
31644,3161,False
31645,2676,False
31646,2668,True
31647,3811,False
31648,2134,True
31649,3597,False
31650,2271,False
31651,1618,True
31652,2283,True
31653,2217,True
31654,1853,True
31655,2159,True
31656,1768,True
31657,1798,False
31658,2897,False
31659,1943,True
31660,2268,False
31661,2635,True
31662,3041,False
31663,2786,True
31664,3457,True
31665,1820,False
31666,3394,False
31667,2960,True
31668,1445,True
31669,2803,True
31670,2541,False
31671,3199,False
31672,2476,True
31673,2189,True
31674,2755,False
31675,2817,False
31676,1862,False
31677,2379,False
31678,1648,True
31679,2586,True
31680,2266,False
31681,2347,True
31682,1931,True
31683,2190,True
31684,1353,False
31685,2534,True
31686,2874,False
31687,1491,True
31688,2778,False
31689,2099,True
31690,2631,False
31691,1698,False
31692,2748,True
31693,1687,True
31694,2557,False
31695,2440,False
31696,2989,True
31697,1888,False
31698,1845,True
31699,1907,False
31700,3878,True
31701,2574,False
31702,1921,True
31703,2526,False
31704,2364,True
31705,2663,True
31706,2344,True
31707,2227,False
31708,2616,True
31709,1616,False
31710,984,True
31711,4223,True
31712,2050,True
31713,4001,True
31714,1806,False
31715,3456,True
31716,1316,False
31717,2358,False
31718,2449,True
31719,2139,True
31720,2025,True
31721,2107,False
31722,2260,False
31723,3308,False
31724,1955,False
31725,2926,False
31726,2329,True
31727,1545,True
31728,1980,False
31729,2082,True
31730,3366,False
31731,2345,True
31732,1612,True
31733,2875,True
31734,2150,False
31735,1711,False
31736,2261,True
31737,2103,False
31738,2948,True
31739,2544,True
31740,1386,True
31741,3230,False
31742,2034,False
31743,2036,False
31744,1507,False
31745,3384,True
31746,1575,False
31747,1992,False
31748,2204,False
31749,2912,False
31750,2071,False
31751,2970,False
31752,2324,True
31753,2026,True
31754,1925,True
31755,1645,True
31756,2720,False
31757,1499,False
31758,4374,False
31759,1474,False
31760,1406,False
31761,1732,True
31762,2301,False
31763,2995,False
31764,2440,True
31765,2713,False
31766,2039,True
31767,2091,False
31768,2569,True
31769,1823,True
31770,1571,True
31771,3891,True
31772,2362,False
31773,3193,True
31774,2768,False
31775,3595,False
31776,3299,True
31777,3404,False
31778,2933,True
31779,2133,True
31780,2347,False
31781,3444,True
31782,2355,False
31783,2299,False
31784,3194,True
31785,2054,True
31786,2371,False
31787,3297,True
31788,2947,True
31789,1747,True
31790,1414,True
31791,3443,False
31792,2580,True
31793,1625,True
31794,1779,True
31795,2191,True
31796,4015,False
31797,2368,True
31798,2181,True
31799,2588,False
31800,214,False
31801,1592,True
31802,1966,True
31803,1553,True
31804,1709,False
31805,4346,True
31806,2614,True
31807,1734,False
31808,2676,True
31809,2532,True
31810,2407,True
31811,3427,False
31812,2819,False
31813,2674,True
31814,2187,True
31815,1545,False
31816,2733,True
31817,1711,False
31818,3576,False
31819,2775,False
31820,2286,True
31821,1732,False
31822,1997,True
31823,2725,True
31824,3196,False
31825,1697,False
31826,2640,True
31827,2747,False
31828,2780,False
31829,2220,True
31830,2425,True
31831,3529,False
31832,1774,False
31833,2462,False
31834,1790,False
31835,1986,False
31836,2336,False
31837,3375,False
31838,1897,False
31839,1666,False
31840,2477,False
31841,2113,False
31842,2853,True
31843,3611,False
31844,2275,False
31845,2577,True
31846,1756,False
31847,1946,True
31848,1588,False
31849,2155,True
31850,2803,True
31851,3026,False
31852,1748,True
31853,2134,True
31854,2621,False
31855,1692,True
31856,2136,False
31857,4259,False
31858,1560,True
31859,3028,True
31860,2110,False
31861,2657,True
31862,2151,False
31863,2425,False
31864,2581,False
31865,2206,True
31866,2396,False
31867,2433,False
31868,2649,False
31869,1480,True
31870,1742,True
31871,2055,True
31872,3546,True
31873,2160,False
31874,2611,True
31875,1329,True
31876,1942,False
31877,1961,True
31878,2812,True
31879,2688,True
31880,2916,True
31881,1934,False
31882,3119,False
31883,2152,False
31884,2224,False
31885,3132,True
31886,2735,True
31887,3496,False
31888,1768,False
31889,2859,False
31890,3084,True
31891,2334,False
31892,2766,False
31893,2740,False
31894,1587,False
31895,2368,False
31896,2586,True
31897,2132,False
31898,2455,False
31899,3021,True
31900,1979,False
31901,2450,True
31902,2251,False
31903,2046,True
31904,3189,False
31905,976,True
31906,1720,True
31907,1756,True
31908,2964,False
31909,1766,True
31910,2252,False
31911,2376,True
31912,2645,True
31913,2047,False
31914,1956,False
31915,1595,False
31916,2632,True
31917,2473,False
31918,2005,True
31919,2495,False
31920,1973,True
31921,2936,True
31922,1948,True
31923,2260,False
31924,1710,False
31925,2969,True
31926,2722,False
31927,2392,False
31928,2852,True
31929,2893,False
31930,2374,True
31931,2976,True
31932,3157,False
31933,2387,False
31934,2279,False
31935,3404,False
31936,2402,True
31937,2775,True
31938,2971,False
31939,1530,True
31940,2026,True
31941,1856,False
31942,2619,True
31943,2613,True
31944,2175,True
31945,3044,False
31946,2883,True
31947,2313,False
31948,2148,False
31949,1955,True
31950,1941,True
31951,3697,False
31952,3379,False
31953,1785,True
31954,2449,True
31955,1552,True
31956,3545,False
31957,3789,True
31958,2633,True
31959,3840,True
31960,2486,True
31961,2690,False
31962,3090,False
31963,3622,False
31964,2287,False
31965,2223,True
31966,3414,True
31967,1468,True
31968,2118,False
31969,2317,False
31970,1462,False
31971,1690,True
31972,3076,False
31973,2795,False
31974,1767,True
31975,2369,False
31976,3780,True
31977,2794,True
31978,2947,False
31979,3360,True
31980,1518,True
31981,2321,False
31982,2477,True
31983,2659,False
31984,3192,True
31985,2491,True
31986,2481,False
31987,2129,False
31988,4300,False
31989,3145,False
31990,2146,False
31991,2395,False
31992,3750,False
31993,1598,True
31994,4283,False
31995,2276,True
31996,2007,True
31997,3184,True
31998,2862,False
31999,1730,False
32000,2320,False
32001,1897,False
32002,2414,False
32003,3113,False
32004,2442,True
32005,2866,False
32006,2521,False
32007,1808,False
32008,1976,True
32009,3980,True
32010,2726,False
32011,2868,True
32012,2787,False
32013,2336,False
32014,1866,True
32015,1987,True
32016,1928,True
32017,2080,True
32018,3116,False
32019,3152,True
32020,2031,False
32021,3117,False
32022,2195,False
32023,2585,False
32024,1588,False
32025,2823,True
32026,2237,False
32027,2162,True
32028,2465,True
32029,1292,True
32030,2373,False
32031,2753,True
32032,1812,True
32033,2331,False
32034,3018,True
32035,2915,False
32036,2869,False
32037,1780,False
32038,1037,True
32039,459,True
32040,2479,True
32041,2020,True
32042,2267,True
32043,2046,True
32044,1561,True
32045,2557,False
32046,3433,True
32047,2282,True
32048,2700,False
32049,2229,True
32050,2554,False
32051,3805,True
32052,2461,False
32053,3211,True
32054,2006,True
32055,3851,False
32056,3783,False
32057,2229,False
32058,2355,False
32059,3188,True
32060,1830,True
32061,3153,True
32062,2524,True
32063,2983,False
32064,2017,False
32065,1818,False
32066,1898,True
32067,3283,False
32068,3019,False
32069,1657,False
32070,2758,True
32071,2966,False
32072,1209,True
32073,1740,False
32074,2271,False
32075,2885,False
32076,1922,True
32077,2564,False
32078,2995,False
32079,2009,True
32080,2868,True
32081,3687,True
32082,2394,True
32083,2456,True
32084,3331,True
32085,1967,True
32086,1893,False
32087,3261,True
32088,3640,True
32089,1803,True
32090,2251,True
32091,1795,False
32092,2358,False
32093,2055,False
32094,3554,False
32095,3111,True
32096,4254,False
32097,2867,True
32098,2910,False
32099,2714,True
32100,2696,True
32101,2659,True
32102,3022,True
32103,3542,False
32104,2606,True
32105,2947,False
32106,2258,True
32107,2842,False
32108,2364,False
32109,2612,False
32110,2606,False
32111,2096,True
32112,2083,True
32113,2050,True
32114,2827,True
32115,1707,False
32116,1793,False
32117,2588,False
32118,2544,True
32119,1503,True
32120,2230,True
32121,2520,False
32122,2786,True
32123,1652,False
32124,1366,True
32125,3159,True
32126,1085,True
32127,2047,False
32128,3445,False
32129,3235,False
32130,1639,True
32131,2060,True
32132,2521,False
32133,2664,False
32134,2813,True
32135,2843,False
32136,2111,True
32137,2474,False
32138,3016,True
32139,2216,True
32140,2838,False
32141,2537,False
32142,2209,False
32143,2338,False
32144,3306,True
32145,1881,False
32146,2044,False
32147,2603,True
32148,2321,True
32149,1708,False
32150,3699,False
32151,1982,True
32152,2614,True
32153,2101,False
32154,2444,False
32155,2844,False
32156,2564,False
32157,1673,True
32158,2367,True
32159,2730,True
32160,2321,True
32161,2887,False
32162,1487,True
32163,3188,False
32164,2348,False
32165,2318,True
32166,1996,False
32167,2629,False
32168,1913,True
32169,1247,True
32170,2934,False
32171,1857,True
32172,3077,False
32173,1779,False
32174,1538,True
32175,1607,True
32176,2626,True
32177,2178,True
32178,2389,False
32179,2652,True
32180,2435,False
32181,2485,False
32182,1781,False
32183,1640,True
32184,2080,False
32185,2483,True
32186,3780,True
32187,2866,True
32188,3939,False
32189,2989,False
32190,2078,True
32191,1532,False
32192,2108,False
32193,2257,True
32194,1720,True
32195,3244,False
32196,2024,True
32197,2726,True
32198,1664,False
32199,1973,False
32200,1948,False
32201,2817,False
32202,2388,True
32203,2815,False
32204,2225,True
32205,1674,True
32206,2568,True
32207,1787,False
32208,3116,True
32209,2210,False
32210,1894,True
32211,2764,False
32212,3019,True
32213,3155,False
32214,2833,True
32215,1425,True
32216,2067,True
32217,2631,True
32218,2458,False
32219,2217,False
32220,2703,True
32221,2241,False
32222,2183,True
32223,2522,True
32224,1757,False
32225,3178,True
32226,2000,False
32227,1485,True
32228,2238,True
32229,2376,True
32230,2968,True
32231,2081,True
32232,2786,True
32233,2201,True
32234,2505,True
32235,2706,True
32236,2123,True
32237,3001,False
32238,1970,False
32239,2315,True
32240,1980,True
32241,2728,True
32242,1609,False
32243,2729,True
32244,2597,False
32245,3280,True
32246,1497,True
32247,1569,True
32248,2476,False
32249,2497,False
32250,2732,False
32251,1848,False
32252,1767,False
32253,2901,False
32254,2537,True
32255,2217,True
32256,3018,True
32257,1980,True
32258,3221,False
32259,1638,False
32260,2487,False
32261,2340,False
32262,2813,True
32263,1312,True
32264,2748,False
32265,2456,False
32266,2099,False
32267,3403,False
32268,2601,False
32269,2346,True
32270,2391,False
32271,2371,True
32272,1655,True
32273,2593,False
32274,2742,False
32275,1648,False
32276,1742,False
32277,3631,True
32278,2660,True
32279,2258,True
32280,1894,True
32281,2104,True
32282,2377,True
32283,2992,False
32284,2325,False
32285,2335,False
32286,1738,False
32287,2878,True
32288,2972,True
32289,4567,False
32290,2162,True
32291,2844,True
32292,2242,False
32293,2155,False
32294,2066,True
32295,3074,True
32296,1719,False
32297,2963,False
32298,2287,True
32299,3584,False
32300,1968,True
32301,1520,True
32302,2417,True
32303,2972,True
32304,2118,True
32305,3399,True
32306,3955,False
32307,2835,True
32308,2361,False
32309,1629,False
32310,2191,False
32311,2041,False
32312,1765,False
32313,2538,True
32314,2566,True
32315,1276,True
32316,1730,True
32317,3755,True
32318,3458,False
32319,1909,False
32320,2125,True
32321,2355,True
32322,3185,True
32323,1662,False
32324,2763,True
32325,2323,True
32326,3277,False
32327,2142,True
32328,2316,True
32329,2179,True
32330,2487,False
32331,1552,True
32332,3083,False
32333,2648,False
32334,3121,False
32335,1788,True
32336,2732,False
32337,2595,False
32338,1444,True
32339,2213,True
32340,3059,False
32341,3118,True
32342,2010,True
32343,2686,True
32344,1533,True
32345,3099,False
32346,4038,True
32347,2373,True
32348,2364,True
32349,1593,True
32350,2648,False
32351,2187,True
32352,2934,False
32353,2378,True
32354,1753,False
32355,2018,False
32356,1047,False
32357,3970,True
32358,2299,True
32359,2764,False
32360,3214,True
32361,2166,False
32362,2000,True
32363,2729,False
32364,1980,False
32365,2962,True
32366,1852,False
32367,2191,True
32368,3186,False
32369,2281,True
32370,1823,True
32371,2968,True
32372,2263,False
32373,3078,True
32374,1853,False
32375,2072,False
32376,4099,True
32377,2235,False
32378,2031,True
32379,2255,True
32380,1821,False
32381,2581,False
32382,2630,False
32383,1315,True
32384,3986,False
32385,1829,False
32386,1916,False
32387,2157,False
32388,4026,True
32389,2422,True
32390,2233,False
32391,3056,True
32392,2781,True
32393,3041,False
32394,2429,False
32395,2412,True
32396,2390,True
32397,2634,False
32398,2657,False
32399,2960,False
32400,2327,True
32401,1940,False
32402,2620,True
32403,2375,True
32404,2106,True
32405,1819,True
32406,1486,False
32407,1958,False
32408,1693,False
32409,2413,True
32410,3327,False
32411,1991,True
32412,1751,True
32413,1162,False
32414,2302,True
32415,2540,True
32416,2275,False
32417,1478,False
32418,1904,True
32419,2363,True
32420,2553,False
32421,1100,False
32422,2512,True
32423,1359,False
32424,3002,True
32425,2609,False
32426,2193,True
32427,2414,False
32428,2729,False
32429,3038,False
32430,2144,True
32431,1935,False
32432,1729,True
32433,3157,False
32434,2153,False
32435,2321,True
32436,2025,False
32437,2293,True
32438,3040,False
32439,2457,False
32440,2661,True
32441,2840,False
32442,2863,True
32443,2348,False
32444,2381,False
32445,3846,True
32446,1676,True
32447,1982,False
32448,2899,True
32449,2809,True
32450,3712,False
32451,3318,True
32452,1958,True
32453,2739,False
32454,2845,False
32455,2397,True
32456,2843,False
32457,1947,False
32458,3078,False
32459,2419,False
32460,3036,True
32461,1718,False
32462,2018,False
32463,2949,True
32464,2632,False
32465,2537,False
32466,1992,True
32467,2580,False
32468,2964,False
32469,2191,False
32470,1710,False
32471,2232,False
32472,2033,True
32473,4047,False
32474,1877,True
32475,4233,False
32476,2550,True
32477,3418,False
32478,3563,True
32479,2191,False
32480,2381,True
32481,1699,True
32482,2343,True
32483,2357,True
32484,2601,True
32485,2502,False
32486,3007,True
32487,2427,False
32488,2656,True
32489,2313,True
32490,2498,True
32491,2479,True
32492,2554,False
32493,1940,True
32494,2881,False
32495,1927,False
32496,2742,True
32497,3015,False
32498,1649,False
32499,2683,True
32500,1449,True
32501,1977,False
32502,2629,False
32503,2251,True
32504,2525,True
32505,2396,True
32506,3331,False
32507,2639,False
32508,3056,False
32509,2237,False
32510,2564,False
32511,2070,True
32512,2603,False
32513,2345,True
32514,1681,True
32515,2694,True
32516,1710,True
32517,3036,False
32518,1319,True
32519,2190,False
32520,3776,False
32521,2127,True
32522,1733,False
32523,2444,False
32524,3032,True
32525,3126,True
32526,3434,True
32527,3100,True
32528,1928,True
32529,1812,True
32530,1742,False
32531,1662,True
32532,2277,True
32533,3024,False
32534,1882,True
32535,2603,True
32536,2883,False
32537,1830,True
32538,1946,False
32539,1674,False
32540,3030,False
32541,2423,False
32542,2180,True
32543,3664,True
32544,2732,True
32545,2973,True
32546,3343,True
32547,2303,True
32548,2249,False
32549,1471,True
32550,3042,True
32551,2399,True
32552,3626,False
32553,3109,True
32554,2182,True
32555,2822,False
32556,2519,False
32557,1880,False
32558,2763,False
32559,2968,True
32560,2869,False
32561,2047,True
32562,2394,False
32563,2449,False
32564,1743,True
32565,2454,True
32566,2512,True
32567,1428,False
32568,3358,False
32569,2319,False
32570,2324,True
32571,1806,False
32572,3812,True
32573,1746,False
32574,2119,True
32575,2904,False
32576,2349,True
32577,1808,True
32578,4020,False
32579,1807,True
32580,2146,True
32581,4388,True
32582,2206,True
32583,1628,True
32584,3199,True
32585,2374,False
32586,1780,False
32587,1870,True
32588,3282,True
32589,3623,True
32590,2422,False
32591,3295,False
32592,1810,False
32593,2167,True
32594,1880,True
32595,2660,False
32596,2633,False
32597,3015,False
32598,2730,False
32599,2585,True
32600,2014,True
32601,2914,True
32602,3454,True
32603,3476,False
32604,2939,True
32605,3155,True
32606,2293,False
32607,4040,False
32608,1694,True
32609,2037,False
32610,1425,False
32611,1703,True
32612,3198,False
32613,4274,False
32614,346,True
32615,2034,True
32616,1857,True
32617,1544,False
32618,2693,True
32619,2177,False
32620,1912,False
32621,2158,True
32622,2053,True
32623,2560,True
32624,2320,False
32625,1839,True
32626,2707,True
32627,1285,True
32628,4569,True
32629,3171,False
32630,1065,False
32631,2704,False
32632,2142,False
32633,1936,True
32634,2366,False
32635,1775,True
32636,3940,True
32637,4188,False
32638,2185,False
32639,3120,False
32640,3880,False
32641,2087,True
32642,3694,False
32643,2476,True
32644,2300,True
32645,2925,False
32646,2713,True
32647,2024,True
32648,2149,True
32649,3070,False
32650,2116,False
32651,3099,False
32652,1934,True
32653,1854,False
32654,2144,False
32655,2207,True
32656,2517,False
32657,3398,True
32658,2922,True
32659,1899,False
32660,2172,True
32661,2542,False
32662,3478,False
32663,2047,True
32664,2498,False
32665,1625,True
32666,2161,True
32667,2581,True
32668,1777,True
32669,2311,True
32670,2414,True
32671,1663,True
32672,2486,True
32673,2526,True
32674,2369,False
32675,3495,True
32676,2408,True
32677,2122,True
32678,3178,True
32679,2455,True
32680,2609,True
32681,2371,False
32682,2317,True
32683,2617,False
32684,3016,True
32685,2101,False
32686,2678,True
32687,2908,False
32688,2781,False
32689,2310,False
32690,2602,True
32691,3508,True
32692,4234,True
32693,3270,True
32694,2024,True
32695,2838,False
32696,461,True
32697,3736,True
32698,1519,False
32699,2766,False
32700,2484,True
32701,3174,False
32702,2893,True
32703,3438,False
32704,3102,False
32705,1509,True
32706,2638,False
32707,2056,False
32708,2983,False
32709,2720,False
32710,2794,True
32711,2436,False
32712,4118,True
32713,2056,False
32714,2358,True
32715,2493,False
32716,2094,True
32717,1978,True
32718,3233,False
32719,2909,False
32720,2405,True
32721,3332,True
32722,3078,True
32723,2855,True
32724,2384,False
32725,2093,True
32726,2948,False
32727,1985,False
32728,2421,False
32729,1953,False
32730,2753,False
32731,2589,True
32732,2177,False
32733,2432,False
32734,2446,True
32735,3259,True
32736,1951,True
32737,2869,True
32738,3117,True
32739,2365,True
32740,2093,False
32741,1698,True
32742,1741,True
32743,3399,True
32744,1942,False
32745,2983,True
32746,2064,True
32747,3471,False
32748,2675,False
32749,3098,True
32750,2777,True
32751,2463,True
32752,1892,True
32753,2714,True
32754,2549,False
32755,1603,True
32756,2385,False
32757,2058,True
32758,3906,True
32759,1761,False
32760,3085,True
32761,2955,False
32762,3826,True
32763,1776,True
32764,1823,False
32765,1343,False
32766,2460,True
32767,2603,True
32768,1808,False
32769,1958,True
32770,1532,False
32771,2485,True
32772,2096,False
32773,2629,False
32774,3883,True
32775,2402,True
32776,2318,False
32777,2922,True
32778,3255,False
32779,2959,True
32780,3566,True
32781,1733,True
32782,1569,True
32783,2356,False
32784,1933,True
32785,3024,False
32786,2349,False
32787,2430,False
32788,4154,True
32789,2584,True
32790,1456,True
32791,3975,True
32792,2903,False
32793,2272,False
32794,3310,False
32795,1974,True
32796,3457,True
32797,2302,False
32798,2187,False
32799,2426,True
32800,2088,True
32801,2198,False
32802,2133,False
32803,2711,False
32804,2590,True
32805,2049,False
32806,3208,False
32807,3881,True
32808,4108,False
32809,2218,True
32810,1703,False
32811,2436,True
32812,2768,False
32813,3263,True
32814,1963,False
32815,2724,True
32816,2165,True
32817,3330,False
32818,2677,False
32819,2830,True
32820,3210,False
32821,2806,False
32822,3795,True
32823,2171,False
32824,2281,True
32825,2527,False
32826,2157,False
32827,3103,True
32828,2167,False
32829,2513,False
32830,2800,True
32831,1545,True
32832,1403,False
32833,2504,False
32834,2066,True
32835,2970,False
32836,3197,False
32837,2608,False
32838,2029,True
32839,2681,False
32840,3081,False
32841,5040,False
32842,2396,True
32843,2281,False
32844,2345,True
32845,2424,False
32846,3418,False
32847,2708,True
32848,2335,False
32849,2825,False
32850,1572,False
32851,2781,False
32852,2639,False
32853,2301,True
32854,1971,False
32855,2339,True
32856,2628,False
32857,3431,True
32858,2266,False
32859,2036,False
32860,2052,False
32861,1544,True
32862,2392,False
32863,2841,False
32864,2213,True
32865,3075,False
32866,2678,True
32867,1878,False
32868,2308,False
32869,2489,True
32870,1814,True
32871,2130,False
32872,2664,False
32873,2327,True
32874,1526,True
32875,2619,False
32876,2593,False
32877,2972,False
32878,1565,False
32879,2381,False
32880,1532,True
32881,2056,True
32882,2843,True
32883,2176,False
32884,1965,False
32885,2836,False
32886,1584,True
32887,3867,False
32888,2774,True
32889,1937,False
32890,2609,False
32891,2349,True
32892,2236,True
32893,2176,False
32894,1079,True
32895,2933,False
32896,2205,True
32897,1511,False
32898,2397,False
32899,3542,False
32900,2131,True
32901,2887,True
32902,2426,False
32903,2671,True
32904,3000,True
32905,2637,True
32906,2460,False
32907,3902,False
32908,1702,False
32909,2119,True
32910,2339,False
32911,1954,False
32912,4557,True
32913,2654,False
32914,1210,False
32915,2122,False
32916,1825,False
32917,2632,False
32918,2970,False
32919,2041,False
32920,2088,True
32921,2406,False
32922,2253,False
32923,3219,True
32924,1787,False
32925,3517,False
32926,2257,False
32927,2062,False
32928,2139,False
32929,2406,True
32930,2403,True
32931,3450,False
32932,1926,True
32933,2957,True
32934,2991,False
32935,2594,False
32936,1977,True
32937,1800,False
32938,2493,True
32939,2642,True
32940,3152,True
32941,1714,False
32942,2396,False
32943,2935,True
32944,3238,True
32945,2917,False
32946,3226,True
32947,1913,False
32948,4590,True
32949,3441,False
32950,2677,False
32951,2170,True
32952,2550,True
32953,3743,True
32954,3267,True
32955,2161,False
32956,3023,True
32957,4281,False
32958,3859,True
32959,1449,True
32960,1811,True
32961,2267,True
32962,3511,True
32963,1513,True
32964,2571,False
32965,1955,False
32966,1971,True
32967,2194,False
32968,4325,False
32969,2178,False
32970,2461,True
32971,3004,False
32972,2014,False
32973,2334,True
32974,1927,True
32975,2989,False
32976,2800,False
32977,3946,False
32978,3211,True
32979,1927,True
32980,2362,True
32981,3249,True
32982,3392,False
32983,3421,True
32984,3447,True
32985,1734,False
32986,3862,True
32987,2656,False
32988,2336,False
32989,2602,False
32990,1888,False
32991,2752,True
32992,1571,False
32993,2986,False
32994,2122,True
32995,3095,False
32996,2537,True
32997,2768,False
32998,3531,False
32999,2482,False
33000,2789,False
33001,2592,False
33002,2101,False
33003,1541,True
33004,2498,True
33005,1792,True
33006,2952,True
33007,2425,True
33008,3161,True
33009,2353,True
33010,2215,True
33011,2335,True
33012,2983,False
33013,2698,False
33014,2775,True
33015,4122,True
33016,1903,False
33017,2521,True
33018,2617,True
33019,1729,False
33020,2017,True
33021,1539,False
33022,2605,False
33023,3001,True
33024,1802,True
33025,2424,False
33026,2225,False
33027,1599,True
33028,3987,False
33029,2631,False
33030,2667,False
33031,1406,True
33032,3725,True
33033,1532,False
33034,2525,False
33035,3804,False
33036,3343,True
33037,2486,False
33038,2747,False
33039,2935,True
33040,2301,False
33041,1333,True
33042,2303,False
33043,2897,False
33044,2253,True
33045,2307,True
33046,2191,False
33047,2240,True
33048,1585,True
33049,3421,False
33050,1835,True
33051,2587,True
33052,3577,False
33053,1586,True
33054,2504,True
33055,2271,False
33056,2413,True
33057,1736,True
33058,2999,False
33059,2105,False
33060,1968,True
33061,1896,True
33062,2032,True
33063,2057,False
33064,3468,True
33065,1923,True
33066,1937,True
33067,2611,False
33068,2450,False
33069,3210,True
33070,2136,True
33071,2790,False
33072,1920,True
33073,3604,False
33074,2358,False
33075,1973,True
33076,2308,False
33077,2513,False
33078,2851,False
33079,2207,False
33080,2521,True
33081,2971,True
33082,2569,True
33083,1981,False
33084,2690,False
33085,2851,True
33086,3033,False
33087,2002,True
33088,2751,True
33089,2415,False
33090,2569,True
33091,1762,False
33092,1266,True
33093,2665,True
33094,2308,False
33095,2522,False
33096,2983,False
33097,2355,False
33098,2747,False
33099,3153,False
33100,2899,True
33101,3208,True
33102,2060,False
33103,3449,False
33104,2752,False
33105,1693,True
33106,1982,False
33107,2470,False
33108,2297,False
33109,2917,False
33110,2645,True
33111,3167,False
33112,2078,False
33113,2477,False
33114,2608,True
33115,2177,False
33116,2515,False
33117,2643,True
33118,2424,False
33119,2966,False
33120,2886,False
33121,2792,False
33122,2127,True
33123,1013,False
33124,1786,True
33125,3009,False
33126,2248,False
33127,2196,True
33128,3246,True
33129,2217,True
33130,2680,False
33131,3011,True
33132,2179,True
33133,2546,True
33134,2864,True
33135,2342,False
33136,2174,False
33137,1956,False
33138,2135,False
33139,2097,True
33140,1529,True
33141,3919,True
33142,1787,True
33143,2533,False
33144,1401,True
33145,2028,True
33146,2059,False
33147,2957,False
33148,3350,True
33149,3156,True
33150,3182,False
33151,2235,False
33152,1330,True
33153,2703,True
33154,1971,True
33155,4466,False
33156,2038,True
33157,2734,False
33158,2607,False
33159,2410,False
33160,1640,True
33161,2575,False
33162,3812,False
33163,1985,False
33164,2365,False
33165,2913,False
33166,1993,True
33167,3040,True
33168,1777,True
33169,1662,False
33170,2879,True
33171,3019,True
33172,2788,True
33173,2987,False
33174,2407,False
33175,1884,True
33176,2784,False
33177,2527,False
33178,2404,True
33179,1735,True
33180,2584,True
33181,2744,False
33182,1652,True
33183,2534,True
33184,2375,False
33185,2915,True
33186,1781,False
33187,2780,True
33188,2569,False
33189,2306,False
33190,3458,False
33191,3171,False
33192,1556,False
33193,1532,False
33194,2312,True
33195,2967,True
33196,3009,True
33197,1965,False
33198,2339,True
33199,2607,True
33200,3220,False
33201,2182,True
33202,2037,False
33203,1809,False
33204,3584,False
33205,1938,True
33206,2158,True
33207,3810,False
33208,3058,False
33209,2023,False
33210,2361,True
33211,2270,True
33212,1862,False
33213,2711,True
33214,1219,True
33215,2881,False
33216,2363,False
33217,3153,True
33218,2179,True
33219,2129,True
33220,2556,False
33221,3199,False
33222,2235,False
33223,2155,True
33224,4082,False
33225,2595,False
33226,3452,True
33227,2134,True
33228,3125,True
33229,1884,True
33230,3554,True
33231,2455,True
33232,3504,False
33233,2234,False
33234,2172,True
33235,1584,True
33236,1901,True
33237,2232,False
33238,1646,False
33239,2684,True
33240,2231,False
33241,2370,False
33242,1450,True
33243,1849,True
33244,2311,True
33245,2764,False
33246,2267,True
33247,2698,False
33248,1521,True
33249,3101,True
33250,2009,True
33251,3172,False
33252,2527,False
33253,2787,False
33254,3362,True
33255,1895,True
33256,2988,True
33257,2461,False
33258,3214,True
33259,2366,False
33260,3396,False
33261,2435,False
33262,2231,True
33263,2425,False
33264,2824,False
33265,3470,False
33266,2066,True
33267,3206,False
33268,2303,True
33269,2569,False
33270,2679,True
33271,2697,False
33272,2418,False
33273,1389,True
33274,1948,True
33275,4088,True
33276,2867,False
33277,3079,False
33278,2967,False
33279,2175,False
33280,1966,True
33281,3939,True
33282,1772,False
33283,2402,True
33284,1524,True
33285,2006,True
33286,3112,False
33287,1975,True
33288,2238,False
33289,2464,True
33290,3202,True
33291,1353,False
33292,2746,False
33293,2372,False
33294,1772,True
33295,2490,True
33296,2636,True
33297,2084,False
33298,2293,True
33299,2384,False
33300,1613,True
33301,3916,False
33302,1781,True
33303,4089,False
33304,2484,False
33305,1999,True
33306,3051,False
33307,1475,True
33308,2280,False
33309,2432,False
33310,2362,True
33311,2175,False
33312,3213,False
33313,3469,False
33314,2014,False
33315,1930,False
33316,2034,False
33317,1981,True
33318,2605,False
33319,3646,True
33320,2430,True
33321,2036,False
33322,2493,True
33323,3083,False
33324,3006,True
33325,2496,True
33326,2349,True
33327,1879,True
33328,2321,False
33329,1758,True
33330,2895,False
33331,2045,False
33332,2129,True
33333,2359,False
33334,2130,False
33335,2991,True
33336,3351,False
33337,2730,False
33338,3001,True
33339,1523,True
33340,2872,False
33341,2153,False
33342,3128,True
33343,3493,False
33344,2431,True
33345,1678,True
33346,2781,True
33347,3194,False
33348,2942,True
33349,2339,True
33350,3510,True
33351,3277,True
33352,3134,True
33353,1956,True
33354,2150,False
33355,2639,True
33356,2552,True
33357,2239,False
33358,1994,True
33359,3613,False
33360,4624,False
33361,2546,True
33362,2193,True
33363,2413,True
33364,2072,True
33365,1787,True
33366,2387,True
33367,1871,False
33368,2266,True
33369,2273,False
33370,2164,True
33371,2027,False
33372,3062,False
33373,3764,False
33374,1222,True
33375,2134,False
33376,3754,False
33377,2908,False
33378,2818,True
33379,2308,False
33380,3210,False
33381,2772,True
33382,1837,False
33383,1806,True
33384,2285,True
33385,1987,True
33386,2565,True
33387,1460,True
33388,2504,True
33389,2628,True
33390,2890,False
33391,2538,False
33392,2718,True
33393,2576,False
33394,2613,False
33395,3073,True
33396,3118,False
33397,2678,True
33398,1853,True
33399,1568,True
33400,1985,True
33401,2418,False
33402,1665,False
33403,1997,False
33404,2190,True
33405,2585,True
33406,3620,True
33407,1898,True
33408,1804,True
33409,3554,False
33410,1707,True
33411,3141,True
33412,3482,True
33413,2276,True
33414,1786,False
33415,4052,False
33416,2957,False
33417,3523,True
33418,1527,True
33419,2385,False
33420,3378,True
33421,2332,False
33422,2026,True
33423,1696,True
33424,2355,True
33425,1904,True
33426,2027,True
33427,1561,True
33428,2641,False
33429,2940,True
33430,2639,True
33431,2042,True
33432,3394,False
33433,1557,True
33434,2262,False
33435,2302,True
33436,1988,True
33437,2101,True
33438,2071,False
33439,2228,True
33440,2381,False
33441,2343,False
33442,2705,True
33443,2644,False
33444,4001,True
33445,1875,False
33446,1951,True
33447,2812,True
33448,2496,True
33449,3328,True
33450,2027,False
33451,3146,False
33452,2485,False
33453,3810,False
33454,2564,False
33455,2996,True
33456,3438,False
33457,3019,True
33458,3221,False
33459,2436,False
33460,2004,True
33461,2462,True
33462,2453,True
33463,1679,True
33464,2079,False
33465,2290,False
33466,3472,False
33467,2395,False
33468,2352,True
33469,1658,True
33470,1860,True
33471,2861,False
33472,2587,False
33473,2390,True
33474,1997,False
33475,2631,False
33476,2064,False
33477,1626,False
33478,3376,True
33479,1676,True
33480,1926,True
33481,2741,True
33482,2814,False
33483,2715,True
33484,2407,True
33485,2713,False
33486,1634,False
33487,2152,False
33488,2280,False
33489,2436,True
33490,1891,True
33491,1918,False
33492,3011,True
33493,1836,True
33494,1734,True
33495,2173,False
33496,2130,True
33497,2333,False
33498,3560,False
33499,1619,True
33500,3169,False
33501,1978,True
33502,2097,True
33503,2370,False
33504,2215,True
33505,3950,True
33506,2337,False
33507,1680,True
33508,3033,False
33509,1732,True
33510,1267,False
33511,3975,False
33512,2975,True
33513,2652,True
33514,1850,False
33515,3292,False
33516,2746,True
33517,1814,True
33518,1898,False
33519,2613,True
33520,2145,True
33521,2197,True
33522,2581,False
33523,2187,True
33524,2887,True
33525,1002,True
33526,3059,False
33527,3392,True
33528,2272,False
33529,2800,False
33530,1914,False
33531,3007,False
33532,3149,False
33533,2948,False
33534,1532,True
33535,3070,False
33536,3217,False
33537,1926,False
33538,2388,False
33539,3223,False
33540,2270,False
33541,2523,False
33542,2532,False
33543,2373,True
33544,3118,False
33545,2360,True
33546,2979,True
33547,2653,True
33548,2020,True
33549,3412,True
33550,1913,False
33551,3566,False
33552,2049,True
33553,2799,True
33554,2365,False
33555,2165,True
33556,2419,False
33557,2437,True
33558,3084,True
33559,2320,False
33560,1824,True
33561,3892,True
33562,2549,False
33563,2212,False
33564,2591,False
33565,1837,False
33566,3584,False
33567,2620,True
33568,2042,False
33569,1848,False
33570,1595,True
33571,2914,False
33572,2278,True
33573,2028,False
33574,1934,True
33575,2277,True
33576,2745,False
33577,1651,False
33578,2027,False
33579,2115,True
33580,3359,False
33581,3778,False
33582,2563,True
33583,3267,False
33584,2763,True
33585,1863,True
33586,2556,True
33587,2286,False
33588,3208,True
33589,2760,False
33590,3615,False
33591,1688,True
33592,2048,True
33593,2450,False
33594,2047,False
33595,3144,True
33596,1746,True
33597,1779,False
33598,2803,True
33599,1514,True
33600,2098,False
33601,3448,False
33602,1611,True
33603,3146,False
33604,2719,True
33605,2184,True
33606,1944,False
33607,2692,True
33608,2182,False
33609,2802,False
33610,3465,False
33611,2449,True
33612,2983,False
33613,4253,False
33614,2063,False
33615,4051,False
33616,1561,True
33617,2329,False
33618,1985,True
33619,1979,False
33620,1523,True
33621,2507,False
33622,2742,False
33623,3243,False
33624,1728,True
33625,2235,False
33626,1663,True
33627,1787,True
33628,2602,False
33629,2305,True
33630,3172,False
33631,2345,True
33632,2061,False
33633,3270,True
33634,3019,True
33635,1317,True
33636,1907,True
33637,2142,False
33638,2208,True
33639,2631,True
33640,2068,False
33641,1589,False
33642,2070,True
33643,2970,True
33644,1794,True
33645,2824,False
33646,1926,False
33647,2061,True
33648,2238,False
33649,2158,False
33650,3029,False
33651,1703,True
33652,3473,True
33653,2153,False
33654,2863,True
33655,3340,False
33656,2049,False
33657,3745,False
33658,2358,False
33659,3922,False
33660,2012,True
33661,1770,False
33662,1870,False
33663,4048,True
33664,2621,False
33665,2300,True
33666,1830,True
33667,2311,False
33668,1749,True
33669,2370,True
33670,3330,True
33671,2459,False
33672,1793,True
33673,2190,True
33674,2046,True
33675,3254,True
33676,2777,False
33677,3200,False
33678,3208,False
33679,1666,False
33680,2232,True
33681,1955,True
33682,2810,True
33683,1584,True
33684,1755,False
33685,1672,True
33686,1433,True
33687,2347,False
33688,3203,False
33689,2580,False
33690,2685,False
33691,1800,True
33692,1631,False
33693,1742,False
33694,3185,True
33695,3082,False
33696,2691,False
33697,2905,True
33698,3401,False
33699,2753,True
33700,2048,True
33701,2414,False
33702,2405,True
33703,2677,True
33704,1897,False
33705,2989,False
33706,2779,True
33707,2575,False
33708,2285,True
33709,1686,False
33710,3017,False
33711,2834,False
33712,2484,False
33713,1399,True
33714,2127,False
33715,3559,False
33716,1648,True
33717,3171,False
33718,2887,False
33719,3063,True
33720,3620,True
33721,3986,True
33722,2382,False
33723,2629,False
33724,2809,False
33725,3446,False
33726,2552,True
33727,1918,True
33728,2253,True
33729,3803,True
33730,1774,True
33731,3713,True
33732,2742,True
33733,2380,False
33734,1296,True
33735,2170,True
33736,1953,True
33737,2624,False
33738,2697,True
33739,4203,False
33740,2574,False
33741,2260,False
33742,1587,False
33743,3399,True
33744,2259,False
33745,3249,True
33746,2181,True
33747,2500,False
33748,3234,False
33749,3260,False
33750,2145,False
33751,2726,False
33752,2987,False
33753,2820,False
33754,2962,False
33755,1919,True
33756,1666,True
33757,2726,False
33758,2030,False
33759,2361,False
33760,3693,False
33761,3590,False
33762,1513,True
33763,2334,True
33764,3602,False
33765,1301,True
33766,4089,False
33767,1790,False
33768,1603,True
33769,2532,True
33770,2087,True
33771,3892,False
33772,2318,True
33773,2636,True
33774,2698,False
33775,3558,False
33776,2530,False
33777,2547,False
33778,2950,True
33779,2022,True
33780,2575,False
33781,2453,True
33782,2994,True
33783,2694,False
33784,2634,False
33785,2470,False
33786,3413,False
33787,2398,True
33788,2094,True
33789,1902,True
33790,1825,True
33791,2018,True
33792,2457,True
33793,2969,False
33794,2978,True
33795,1556,True
33796,3175,True
33797,1555,True
33798,2178,False
33799,2854,False
33800,3081,True
33801,1763,False
33802,1840,True
33803,3116,True
33804,3405,False
33805,1786,True
33806,1885,True
33807,4168,False
33808,2065,False
33809,1915,True
33810,3660,False
33811,2821,True
33812,2680,False
33813,1713,True
33814,4057,True
33815,3665,True
33816,2199,False
33817,2766,True
33818,2260,True
33819,2045,True
33820,3087,False
33821,3010,True
33822,2885,False
33823,3111,True
33824,2450,False
33825,2767,False
33826,1985,False
33827,2928,False
33828,1990,True
33829,2003,True
33830,2108,False
33831,2933,False
33832,2352,False
33833,2364,False
33834,3591,True
33835,2081,True
33836,2111,True
33837,2622,False
33838,2349,False
33839,3641,False
33840,2161,True
33841,1723,True
33842,3473,True
33843,1567,True
33844,2361,False
33845,2272,False
33846,2019,False
33847,1095,False
33848,2710,False
33849,1749,False
33850,2780,False
33851,3868,False
33852,2588,False
33853,2342,False
33854,3306,True
33855,3449,True
33856,2395,False
33857,1142,True
33858,2700,True
33859,1953,True
33860,2970,True
33861,2695,False
33862,2699,True
33863,3098,False
33864,1959,True
33865,2421,True
33866,1991,False
33867,2111,False
33868,2081,True
33869,2752,False
33870,2985,True
33871,1794,False
33872,2051,False
33873,1604,False
33874,3181,False
33875,2340,False
33876,2857,True
33877,2162,True
33878,2664,True
33879,1617,False
33880,3031,True
33881,2836,False
33882,2336,True
33883,3078,False
33884,2508,True
33885,2541,False
33886,2408,False
33887,2565,True
33888,2300,True
33889,3290,False
33890,2404,True
33891,3292,True
33892,2196,True
33893,2655,True
33894,2417,False
33895,3110,True
33896,2678,False
33897,2413,True
33898,3624,False
33899,2792,True
33900,2011,True
33901,2763,True
33902,2371,False
33903,2583,False
33904,1613,True
33905,1465,False
33906,1828,True
33907,1304,True
33908,3240,True
33909,1843,True
33910,2352,True
33911,3081,True
33912,3782,True
33913,3016,False
33914,3074,True
33915,1500,False
33916,1736,True
33917,2531,False
33918,2499,False
33919,1921,True
33920,1941,True
33921,2853,True
33922,3023,True
33923,1619,True
33924,2088,True
33925,2514,True
33926,3008,True
33927,1755,False
33928,2019,True
33929,3031,True
33930,3285,True
33931,2235,False
33932,2166,False
33933,4022,False
33934,2307,False
33935,1484,False
33936,1948,False
33937,2875,False
33938,2849,True
33939,2304,False
33940,1845,True
33941,2379,False
33942,2960,True
33943,2896,False
33944,2579,True
33945,2725,True
33946,1527,False
33947,2083,False
33948,1396,True
33949,2555,True
33950,2986,False
33951,2778,False
33952,2758,False
33953,2068,False
33954,3110,False
33955,1459,False
33956,2853,False
33957,3013,True
33958,2610,False
33959,1474,True
33960,2269,True
33961,1933,True
33962,2683,True
33963,2454,True
33964,2793,True
33965,1541,False
33966,2994,False
33967,2289,True
33968,2670,True
33969,3430,False
33970,2194,True
33971,2913,True
33972,3213,False
33973,1776,False
33974,1278,False
33975,2615,True
33976,2191,True
33977,2241,True
33978,2479,True
33979,1817,False
33980,2306,True
33981,3077,False
33982,2159,True
33983,1579,True
33984,2869,False
33985,1957,True
33986,3811,False
33987,1683,True
33988,3336,False
33989,4459,True
33990,2906,False
33991,3449,False
33992,1534,True
33993,3604,True
33994,2230,True
33995,2414,False
33996,2261,True
33997,2320,False
33998,1751,True
33999,2091,False
34000,2965,False
34001,1912,False
34002,2898,True
34003,2756,False
34004,3255,False
34005,2023,False
34006,3225,False
34007,1684,True
34008,2243,False
34009,1823,False
34010,2060,True
34011,3103,False
34012,2343,True
34013,2348,False
34014,2625,False
34015,2555,False
34016,2540,False
34017,2784,False
34018,3690,True
34019,2761,False
34020,3101,False
34021,2100,True
34022,2363,True
34023,2227,False
34024,1941,False
34025,2963,False
34026,2145,False
34027,2824,True
34028,3132,True
34029,2490,True
34030,2291,True
34031,2526,True
34032,2094,False
34033,3329,False
34034,1872,True
34035,2026,True
34036,3153,True
34037,1955,True
34038,1910,False
34039,2827,True
34040,2370,True
34041,2333,False
34042,2055,False
34043,2518,True
34044,3700,False
34045,3838,True
34046,2013,False
34047,3492,True
34048,3551,False
34049,2306,True
34050,2032,False
34051,1710,False
34052,2534,False
34053,3127,True
34054,3642,True
34055,1379,True
34056,1618,True
34057,2922,True
34058,2910,True
34059,2776,True
34060,2300,False
34061,1535,True
34062,667,True
34063,2572,False
34064,2408,False
34065,2046,True
34066,2759,True
34067,2073,True
34068,3470,False
34069,3162,True
34070,1389,True
34071,1861,True
34072,2962,False
34073,2905,False
34074,1787,True
34075,3745,True
34076,2770,False
34077,3617,False
34078,1819,False
34079,2799,True
34080,3701,True
34081,1811,True
34082,1483,False
34083,2865,False
34084,2473,False
34085,2463,True
34086,2963,True
34087,2337,False
34088,2567,True
34089,2060,False
34090,1740,True
34091,2450,False
34092,1891,False
34093,1465,False
34094,3517,False
34095,3122,False
34096,2302,True
34097,2764,False
34098,2989,True
34099,1857,False
34100,2485,True
34101,1982,False
34102,2348,True
34103,1950,True
34104,2042,True
34105,3013,False
34106,2586,True
34107,2091,True
34108,1590,True
34109,2732,True
34110,1780,True
34111,1877,True
34112,3414,False
34113,2179,False
34114,2967,True
34115,1879,False
34116,3022,True
34117,2147,False
34118,1882,True
34119,2477,True
34120,2751,False
34121,2122,True
34122,1928,True
34123,2461,False
34124,2241,False
34125,2869,False
34126,2217,False
34127,2713,True
34128,3566,True
34129,2988,False
34130,2909,False
34131,1554,True
34132,2771,False
34133,1859,True
34134,2368,False
34135,2561,False
34136,1633,False
34137,3051,False
34138,3045,False
34139,3777,True
34140,3263,False
34141,2256,True
34142,3315,False
34143,1516,True
34144,1976,False
34145,1395,True
34146,2586,True
34147,1943,False
34148,1950,True
34149,2002,True
34150,1810,False
34151,4068,False
34152,2281,True
34153,2979,True
34154,4036,False
34155,2643,True
34156,996,True
34157,2520,True
34158,1556,False
34159,2136,True
34160,2843,False
34161,2253,True
34162,2798,True
34163,1977,False
34164,2180,True
34165,2061,True
34166,1778,False
34167,2216,True
34168,2831,False
34169,2427,True
34170,1934,True
34171,2779,True
34172,1981,True
34173,2080,True
34174,2318,True
34175,2434,False
34176,2125,True
34177,1720,False
34178,3904,True
34179,1987,False
34180,3236,False
34181,1801,True
34182,3002,True
34183,2130,True
34184,3895,True
34185,2193,False
34186,2821,False
34187,2405,False
34188,2925,False
34189,1735,False
34190,1844,True
34191,2669,True
34192,1728,True
34193,2973,False
34194,3606,True
34195,3007,True
34196,2552,False
34197,1809,True
34198,1592,True
34199,2353,False
34200,2419,False
34201,2744,True
34202,1814,True
34203,2460,False
34204,2331,False
34205,1583,True
34206,2049,False
34207,1911,False
34208,3290,True
34209,3558,False
34210,2774,False
34211,2035,True
34212,3590,False
34213,2429,False
34214,2114,False
34215,1708,True
34216,2845,True
34217,2310,False
34218,1773,False
34219,3535,False
34220,2481,False
34221,2557,False
34222,2058,False
34223,2578,False
34224,2120,True
34225,3197,False
34226,1904,True
34227,1796,False
34228,2824,True
34229,2644,False
34230,3337,False
34231,2670,True
34232,2149,False
34233,3745,True
34234,1983,True
34235,3047,False
34236,2081,False
34237,3277,True
34238,2600,False
34239,2074,True
34240,3626,True
34241,2883,False
34242,1366,True
34243,3414,False
34244,2916,False
34245,1778,True
34246,2757,True
34247,1844,False
34248,2143,False
34249,3036,True
34250,2202,True
34251,1706,False
34252,2868,True
34253,4235,False
34254,2123,True
34255,1942,False
34256,3144,True
34257,1630,True
34258,3631,False
34259,1839,False
34260,2186,True
34261,2633,True
34262,3436,False
34263,2452,False
34264,2278,True
34265,3095,True
34266,3285,True
34267,1754,True
34268,1919,True
34269,3001,False
34270,2615,True
34271,2697,False
34272,2722,False
34273,3050,False
34274,2394,False
34275,2380,True
34276,1519,True
34277,1930,True
34278,2595,True
34279,4411,True
34280,2871,True
34281,2265,True
34282,1763,False
34283,1516,True
34284,3749,True
34285,2977,False
34286,1343,False
34287,1980,False
34288,2344,True
34289,2431,True
34290,1987,True
34291,2143,True
34292,3453,True
34293,2073,True
34294,2410,True
34295,2673,True
34296,2412,True
34297,2559,False
34298,1533,False
34299,2183,False
34300,1524,True
34301,2333,True
34302,3243,True
34303,2203,False
34304,1981,False
34305,1526,True
34306,2158,False
34307,2726,False
34308,1586,False
34309,3603,True
34310,1377,True
34311,2003,False
34312,2771,True
34313,2208,False
34314,2423,True
34315,2051,True
34316,1655,True
34317,1671,False
34318,2862,True
34319,2388,False
34320,2311,True
34321,2429,False
34322,2364,False
34323,1867,True
34324,3748,False
34325,2300,False
34326,3076,False
34327,1543,False
34328,2201,True
34329,1083,True
34330,2391,False
34331,2913,False
34332,2382,False
34333,2645,False
34334,1807,False
34335,3701,True
34336,3153,False
34337,2639,False
34338,3580,True
34339,2990,True
34340,2412,False
34341,2349,True
34342,2543,False
34343,2193,False
34344,1644,True
34345,3328,True
34346,3021,True
34347,2521,True
34348,2837,True
34349,2199,True
34350,3416,True
34351,3200,False
34352,2731,True
34353,4406,False
34354,2118,True
34355,2877,False
34356,2055,True
34357,3453,True
34358,1915,True
34359,2306,True
34360,2637,True
34361,2057,True
34362,2425,False
34363,2203,False
34364,2790,False
34365,1608,True
34366,1770,False
34367,1799,False
34368,2846,False
34369,2059,True
34370,3148,True
34371,2724,False
34372,2106,True
34373,2429,True
34374,1956,True
34375,2099,False
34376,2878,True
34377,4539,False
34378,3173,False
34379,2188,False
34380,2485,False
34381,2693,True
34382,2140,True
34383,2880,False
34384,1801,True
34385,2860,True
34386,2363,False
34387,1944,True
34388,2481,False
34389,1870,False
34390,3919,True
34391,2838,True
34392,1828,False
34393,1943,True
34394,2220,True
34395,1410,True
34396,2638,True
34397,3110,False
34398,4163,True
34399,2622,False
34400,2828,False
34401,3931,False
34402,2463,True
34403,2353,False
34404,3454,True
34405,2024,True
34406,1785,True
34407,3840,False
34408,3077,True
34409,3325,True
34410,2364,True
34411,2150,True
34412,2639,True
34413,1528,True
34414,2626,True
34415,2058,True
34416,2810,True
34417,2883,False
34418,1118,False
34419,1690,False
34420,2522,False
34421,3440,False
34422,2317,True
34423,2996,True
34424,2431,False
34425,1783,False
34426,2554,False
34427,3511,False
34428,2620,False
34429,2655,True
34430,1131,True
34431,2897,True
34432,2428,False
34433,3626,False
34434,2037,False
34435,2319,True
34436,2242,False
34437,3034,False
34438,2723,True
34439,2714,False
34440,4056,True
34441,1920,True
34442,2878,False
34443,2259,False
34444,2947,True
34445,2994,True
34446,2348,False
34447,3096,False
34448,3394,False
34449,2644,True
34450,1420,False
34451,2659,True
34452,1562,False
34453,4408,False
34454,2360,False
34455,2081,True
34456,3122,False
34457,2497,False
34458,3156,True
34459,2723,False
34460,2060,False
34461,1926,False
34462,1678,True
34463,3888,False
34464,2002,True
34465,1583,True
34466,2255,False
34467,4521,True
34468,2393,False
34469,4319,True
34470,2115,False
34471,3111,True
34472,1860,True
34473,2888,False
34474,2049,False
34475,2180,False
34476,2451,True
34477,3039,False
34478,1772,False
34479,1770,True
34480,2121,False
34481,3078,False
34482,1758,False
34483,2538,True
34484,3613,False
34485,2125,True
34486,2595,True
34487,2885,False
34488,1727,False
34489,3579,False
34490,2069,False
34491,2342,False
34492,2476,True
34493,2321,True
34494,3286,False
34495,2440,True
34496,2361,True
34497,1944,True
34498,2071,True
34499,3184,True
34500,2748,False
34501,3625,True
34502,3184,True
34503,1760,False
34504,1740,True
34505,2950,False
34506,2065,True
34507,2659,False
34508,3763,True
34509,2106,True
34510,2686,False
34511,2707,True
34512,2544,True
34513,1871,False
34514,2969,True
34515,2249,False
34516,2255,True
34517,1715,False
34518,1987,False
34519,2229,False
34520,2277,False
34521,2043,True
34522,2391,True
34523,3470,False
34524,2882,False
34525,2035,True
34526,1951,True
34527,1968,False
34528,3768,True
34529,1591,False
34530,2337,True
34531,2192,False
34532,1585,True
34533,1986,False
34534,1667,True
34535,2379,True
34536,1825,True
34537,3370,False
34538,2833,True
34539,1719,False
34540,2248,False
34541,1958,True
34542,2746,False
34543,2428,True
34544,2473,False
34545,1938,False
34546,1875,True
34547,2744,False
34548,2087,True
34549,4237,True
34550,2817,False
34551,1541,True
34552,2396,False
34553,2605,True
34554,2635,False
34555,1523,True
34556,1883,True
34557,2006,False
34558,3192,True
34559,1628,False
34560,2387,False
34561,2653,True
34562,3085,True
34563,2620,True
34564,2994,False
34565,1463,True
34566,2819,True
34567,2020,False
34568,2428,False
34569,2006,True
34570,1843,True
34571,1983,True
34572,3098,False
34573,2374,True
34574,1976,True
34575,2329,False
34576,2588,False
34577,1950,True
34578,2958,False
34579,3145,False
34580,2297,False
34581,1820,False
34582,1811,True
34583,1879,True
34584,2226,True
34585,2921,False
34586,3020,False
34587,2877,False
34588,2976,False
34589,2001,False
34590,2976,True
34591,2581,True
34592,3005,False
34593,1946,False
34594,1774,True
34595,3984,True
34596,3865,False
34597,1769,False
34598,2078,False
34599,1919,True
34600,2091,False
34601,3986,False
34602,2288,False
34603,3034,False
34604,1968,False
34605,1697,True
34606,2361,False
34607,2612,True
34608,2388,False
34609,2038,True
34610,2913,False
34611,2014,False
34612,4380,True
34613,2008,True
34614,3444,True
34615,4881,True
34616,2675,True
34617,2668,False
34618,1725,False
34619,2460,True
34620,4211,False
34621,3650,False
34622,2136,False
34623,4428,True
34624,2586,False
34625,1833,False
34626,2161,True
34627,2591,True
34628,2176,False
34629,2273,False
34630,2990,False
34631,2559,False
34632,1731,True
34633,2231,False
34634,1715,False
34635,2462,False
34636,1858,True
34637,3796,False
34638,2466,False
34639,2293,True
34640,2760,False
34641,1909,True
34642,2726,True
34643,1764,False
34644,3025,True
34645,2571,True
34646,2689,False
34647,1953,True
34648,1779,True
34649,2617,True
34650,1992,False
34651,3207,True
34652,1816,False
34653,2519,True
34654,1642,True
34655,1740,True
34656,1658,False
34657,1252,True
34658,2145,True
34659,3120,True
34660,2523,False
34661,1783,True
34662,2276,False
34663,1946,True
34664,2527,False
34665,2647,True
34666,2591,True
34667,2372,False
34668,2011,True
34669,2119,True
34670,2336,False
34671,3049,True
34672,2026,False
34673,1620,True
34674,2109,True
34675,1347,True
34676,2165,True
34677,2252,True
34678,2204,True
34679,4160,False
34680,2157,False
34681,1786,True
34682,1808,False
34683,1781,True
34684,3647,True
34685,2782,False
34686,2850,False
34687,3024,False
34688,3416,True
34689,1763,True
34690,2646,False
34691,1900,True
34692,2068,True
34693,2157,False
34694,3407,False
34695,3605,True
34696,2698,False
34697,3473,False
34698,1414,True
34699,2809,False
34700,2601,True
34701,2293,True
34702,3040,False
34703,2911,False
34704,1199,True
34705,1636,True
34706,3542,True
34707,1798,False
34708,1865,True
34709,2022,False
34710,1670,True
34711,2801,True
34712,2541,True
34713,1951,True
34714,3935,True
34715,2124,True
34716,2037,False
34717,3092,False
34718,2637,False
34719,2015,True
34720,2963,False
34721,2496,True
34722,2782,False
34723,3377,False
34724,2652,True
34725,2879,False
34726,3074,True
34727,2398,False
34728,3028,False
34729,1500,True
34730,2547,False
34731,3196,False
34732,2996,False
34733,2203,False
34734,2160,True
34735,3087,False
34736,2135,False
34737,2617,False
34738,2638,False
34739,2372,True
34740,1791,True
34741,2389,False
34742,2976,True
34743,2908,True
34744,2124,True
34745,2091,True
34746,1837,True
34747,2692,False
34748,2051,True
34749,2479,False
34750,1754,True
34751,1977,False
34752,1870,True
34753,3741,False
34754,3007,True
34755,2947,False
34756,2689,False
34757,2102,True
34758,2779,False
34759,1979,False
34760,1991,False
34761,2442,False
34762,2972,True
34763,2159,True
34764,2774,False
34765,2506,True
34766,2061,False
34767,1747,True
34768,2543,False
34769,1333,True
34770,2202,True
34771,3507,True
34772,2407,False
34773,2249,True
34774,2812,True
34775,1599,False
34776,1822,True
34777,2640,True
34778,3264,False
34779,2167,True
34780,3329,True
34781,2311,True
34782,2448,False
34783,2346,False
34784,1630,False
34785,2354,True
34786,2677,False
34787,2776,False
34788,2130,False
34789,2812,False
34790,2606,False
34791,2643,True
34792,3122,False
34793,1741,True
34794,2024,False
34795,3493,False
34796,1400,False
34797,3041,True
34798,2410,False
34799,2978,False
34800,2232,True
34801,2028,False
34802,1664,False
34803,2053,False
34804,2559,False
34805,2490,True
34806,2869,False
34807,2938,False
34808,2799,True
34809,2878,True
34810,1345,True
34811,1983,False
34812,1709,True
34813,2215,False
34814,2552,True
34815,3159,True
34816,3384,True
34817,2267,False
34818,2345,False
34819,1687,False
34820,1621,False
34821,2279,False
34822,2859,True
34823,2941,True
34824,2973,False
34825,2364,True
34826,2731,False
34827,1546,True
34828,2129,True
34829,1972,False
34830,2315,True
34831,1997,False
34832,2018,False
34833,1744,True
34834,1773,True
34835,2573,False
34836,3616,False
34837,2112,False
34838,3029,False
34839,3019,True
34840,3003,False
34841,2533,False
34842,2482,False
34843,1969,True
34844,2049,True
34845,1998,True
34846,3029,False
34847,3789,False
34848,3535,False
34849,2117,False
34850,1815,True
34851,2550,False
34852,3017,True
34853,2953,False
34854,2073,True
34855,2379,False
34856,2624,False
34857,1703,False
34858,2431,False
34859,2617,True
34860,2216,False
34861,2550,False
34862,2285,True
34863,1963,False
34864,2207,True
34865,1348,True
34866,1656,True
34867,2053,False
34868,2473,True
34869,1951,True
34870,2918,False
34871,3244,True
34872,2818,False
34873,2602,False
34874,1836,True
34875,3826,False
34876,2165,False
34877,3397,False
34878,1191,False
34879,1686,False
34880,4282,True
34881,2284,False
34882,2204,False
34883,2229,False
34884,2625,True
34885,2284,True
34886,2629,False
34887,1467,True
34888,2875,False
34889,1623,True
34890,2982,True
34891,1988,True
34892,1770,True
34893,3105,True
34894,2116,False
34895,3833,True
34896,1406,True
34897,1597,True
34898,2014,True
34899,3348,False
34900,2622,False
34901,2696,False
34902,2690,False
34903,1503,True
34904,1502,False
34905,2038,True
34906,2142,True
34907,1966,True
34908,2789,False
34909,2868,False
34910,2098,True
34911,2494,False
34912,3749,True
34913,2245,False
34914,1629,True
34915,2980,False
34916,1776,False
34917,2075,True
34918,2746,True
34919,3698,True
34920,1513,False
34921,2130,True
34922,2427,False
34923,1772,True
34924,3350,True
34925,2885,True
34926,2246,True
34927,2209,False
34928,2087,False
34929,2758,False
34930,2297,False
34931,1910,False
34932,2173,True
34933,1876,False
34934,3239,False
34935,2119,True
34936,1596,True
34937,2332,False
34938,2207,True
34939,2545,True
34940,1708,False
34941,2618,False
34942,1732,True
34943,2242,False
34944,1916,False
34945,2654,False
34946,2068,True
34947,2241,True
34948,2291,True
34949,2946,False
34950,2042,False
34951,2702,True
34952,2713,True
34953,2764,False
34954,2221,True
34955,3547,False
34956,1485,True
34957,2514,True
34958,2799,False
34959,2326,False
34960,1835,False
34961,1930,True
34962,2021,True
34963,1773,False
34964,2389,True
34965,2485,False
34966,3033,False
34967,2698,True
34968,3220,False
34969,4290,True
34970,1807,True
34971,3236,False
34972,2785,False
34973,2141,False
34974,2584,False
34975,2112,False
34976,2455,False
34977,2719,False
34978,3676,False
34979,2399,False
34980,1946,False
34981,2358,False
34982,2958,False
34983,3093,False
34984,2841,False
34985,2150,True
34986,1395,True
34987,3263,False
34988,2478,True
34989,2605,True
34990,2782,False
34991,3188,False
34992,1625,False
34993,3299,False
34994,1989,False
34995,2927,False
34996,2261,True
34997,4407,False
34998,2997,False
34999,2424,True
35000,2344,True
35001,3260,False
35002,2235,True
35003,2207,False
35004,1912,True
35005,2978,True
35006,1588,False
35007,2199,False
35008,2334,False
35009,2119,True
35010,1573,True
35011,1970,True
35012,2850,True
35013,2732,True
35014,2997,False
35015,3853,False
35016,2898,True
35017,2093,True
35018,2557,False
35019,2666,True
35020,3300,True
35021,1323,True
35022,2728,True
35023,1505,True
35024,2895,False
35025,2346,True
35026,2443,False
35027,1378,True
35028,2241,True
35029,2551,False
35030,2627,False
35031,1998,True
35032,1262,True
35033,2334,False
35034,2931,True
35035,2471,True
35036,2659,True
35037,2330,False
35038,2013,True
35039,1173,True
35040,3457,True
35041,3032,False
35042,2454,False
35043,2271,False
35044,2173,False
35045,2874,True
35046,2730,False
35047,2573,False
35048,2747,False
35049,2951,True
35050,2451,True
35051,2666,False
35052,2589,True
35053,2265,False
35054,2202,True
35055,1973,False
35056,2273,True
35057,2127,True
35058,3433,True
35059,1556,False
35060,3083,False
35061,2490,True
35062,2417,False
35063,2203,False
35064,2418,False
35065,2839,True
35066,2116,False
35067,1588,False
35068,3485,True
35069,1677,False
35070,2057,False
35071,1748,True
35072,2338,True
35073,1987,True
35074,1947,True
35075,2102,False
35076,2095,False
35077,2423,False
35078,3258,False
35079,1720,False
35080,2589,False
35081,3938,False
35082,2405,False
35083,2004,True
35084,2553,False
35085,2843,False
35086,2290,True
35087,1587,True
35088,2398,True
35089,3524,False
35090,2438,False
35091,2130,True
35092,2253,True
35093,3401,False
35094,2286,True
35095,3720,True
35096,2934,True
35097,2667,True
35098,2517,False
35099,1619,False
35100,1738,True
35101,1950,True
35102,2169,True
35103,2667,True
35104,1908,False
35105,3178,True
35106,3186,False
35107,2188,False
35108,3484,True
35109,1694,False
35110,2723,False
35111,2865,False
35112,2157,True
35113,1775,True
35114,2815,True
35115,3578,True
35116,2225,False
35117,3196,True
35118,2024,True
35119,2161,True
35120,2853,False
35121,2179,True
35122,3007,False
35123,3213,False
35124,2121,True
35125,2294,True
35126,2797,True
35127,2271,False
35128,3120,False
35129,2400,False
35130,2014,True
35131,1753,True
35132,2881,False
35133,2250,True
35134,2336,True
35135,2089,True
35136,1710,False
35137,2925,True
35138,1977,True
35139,2466,False
35140,3381,True
35141,2264,True
35142,1978,True
35143,2487,False
35144,3062,True
35145,2665,False
35146,2182,False
35147,3636,True
35148,2286,False
35149,1484,True
35150,2513,True
35151,2330,True
35152,2645,True
35153,2401,False
35154,2606,True
35155,2700,False
35156,2397,True
35157,2833,True
35158,2356,False
35159,3654,False
35160,2620,False
35161,2718,False
35162,1576,False
35163,2006,True
35164,2145,True
35165,2121,False
35166,1686,False
35167,4520,False
35168,2495,True
35169,2754,False
35170,2193,True
35171,2790,True
35172,2099,False
35173,3616,False
35174,3355,False
35175,3001,True
35176,1973,True
35177,1902,False
35178,2904,False
35179,2048,True
35180,3059,False
35181,2724,False
35182,2448,False
35183,1580,True
35184,2622,False
35185,1239,False
35186,2162,True
35187,2877,True
35188,2282,True
35189,2561,True
35190,3069,False
35191,2977,True
35192,2108,False
35193,2687,False
35194,1912,False
35195,1508,False
35196,2303,True
35197,2110,True
35198,2090,False
35199,2137,False
35200,1545,True
35201,2303,True
35202,2843,True
35203,2344,True
35204,2483,True
35205,2866,True
35206,2834,False
35207,1771,True
35208,2387,True
35209,2627,False
35210,2668,False
35211,2328,False
35212,2108,True
35213,2060,True
35214,2405,True
35215,3041,False
35216,1974,False
35217,2565,False
35218,3000,False
35219,2646,True
35220,1802,False
35221,1960,True
35222,2360,False
35223,2588,True
35224,2060,False
35225,2670,True
35226,1673,False
35227,2869,True
35228,3489,False
35229,2626,True
35230,1707,False
35231,3204,False
35232,2787,False
35233,1949,True
35234,2620,True
35235,3663,False
35236,3164,True
35237,2003,False
35238,2366,True
35239,1979,False
35240,2707,True
35241,2622,False
35242,3500,True
35243,2802,False
35244,3650,True
35245,1967,False
35246,3254,False
35247,2939,True
35248,1615,False
35249,1949,True
35250,3416,False
35251,2286,False
35252,2119,False
35253,1839,False
35254,1600,True
35255,2603,False
35256,2424,True
35257,2271,True
35258,4021,False
35259,2004,False
35260,2331,True
35261,2868,False
35262,1916,True
35263,2616,True
35264,1528,True
35265,2270,False
35266,3308,True
35267,2105,False
35268,2202,True
35269,2711,True
35270,3460,True
35271,2788,False
35272,1995,False
35273,2468,True
35274,2277,True
35275,2018,True
35276,3151,False
35277,1137,True
35278,1861,True
35279,2567,True
35280,1985,True
35281,2269,False
35282,2333,True
35283,3925,False
35284,2364,False
35285,2116,True
35286,2953,True
35287,2525,True
35288,2999,False
35289,2472,False
35290,2641,False
35291,1448,True
35292,1971,True
35293,2795,False
35294,2616,False
35295,2131,False
35296,2191,False
35297,2296,False
35298,3438,True
35299,1343,True
35300,2876,True
35301,1956,True
35302,2710,True
35303,1794,False
35304,2364,True
35305,1941,False
35306,2338,False
35307,2706,True
35308,1684,False
35309,2465,False
35310,1772,True
35311,2154,True
35312,1952,False
35313,2324,True
35314,3324,False
35315,2151,False
35316,1519,False
35317,2303,True
35318,1920,False
35319,1954,False
35320,1922,True
35321,3433,False
35322,4174,False
35323,2141,True
35324,2551,True
35325,2174,False
35326,3383,True
35327,3203,False
35328,1874,True
35329,2370,False
35330,1702,True
35331,3739,False
35332,1622,False
35333,2563,True
35334,2339,True
35335,685,False
35336,2371,True
35337,3455,True
35338,1942,False
35339,2268,False
35340,2677,False
35341,2562,True
35342,2210,True
35343,1449,True
35344,2703,False
35345,2928,False
35346,2699,True
35347,2677,False
35348,1671,True
35349,2057,True
35350,1749,True
35351,1644,False
35352,2194,False
35353,1803,False
35354,1779,True
35355,3615,False
35356,2179,False
35357,2417,False
35358,2601,False
35359,1781,True
35360,2911,True
35361,3185,True
35362,2349,False
35363,2492,False
35364,1759,False
35365,1416,True
35366,1759,False
35367,2039,True
35368,3258,True
35369,3038,True
35370,3430,True
35371,1916,True
35372,2747,True
35373,2782,False
35374,2309,False
35375,3392,False
35376,2192,True
35377,2177,True
35378,1497,False
35379,2203,False
35380,3037,False
35381,1965,True
35382,3137,True
35383,1997,False
35384,1423,False
35385,2946,True
35386,2065,False
35387,2064,False
35388,2490,True
35389,1933,False
35390,2208,True
35391,2423,True
35392,1829,False
35393,2842,True
35394,2260,False
35395,3840,False
35396,3429,True
35397,2732,True
35398,2593,False
35399,2386,False
35400,2025,True
35401,2654,False
35402,3693,True
35403,2646,True
35404,2067,False
35405,1267,True
35406,2235,True
35407,2178,False
35408,2879,True
35409,1968,True
35410,1935,False
35411,1896,False
35412,1616,True
35413,3424,True
35414,1897,False
35415,3321,True
35416,1588,True
35417,2532,False
35418,2682,True
35419,2624,False
35420,2072,False
35421,3238,True
35422,2605,True
35423,3003,True
35424,2586,True
35425,2347,True
35426,2287,True
35427,2290,False
35428,1938,False
35429,2590,True
35430,1765,False
35431,3909,True
35432,1733,True
35433,2974,False
35434,3242,False
35435,2359,True
35436,3450,True
35437,3635,True
35438,1636,False
35439,2021,True
35440,2048,False
35441,2717,True
35442,1632,True
35443,1902,True
35444,3041,True
35445,1612,False
35446,2447,False
35447,3054,True
35448,2779,False
35449,1874,True
35450,1881,False
35451,1823,False
35452,2340,False
35453,3268,True
35454,3414,True
35455,1935,False
35456,2484,False
35457,1866,False
35458,1917,True
35459,1592,False
35460,1791,True
35461,1930,True
35462,2197,False
35463,2041,True
35464,2418,False
35465,1559,True
35466,2719,True
35467,2110,True
35468,1565,True
35469,2620,True
35470,3386,False
35471,1537,False
35472,2606,False
35473,2750,True
35474,2889,False
35475,2031,True
35476,1700,True
35477,1942,False
35478,2731,False
35479,3692,False
35480,3292,False
35481,767,True
35482,2201,True
35483,2027,False
35484,3463,True
35485,2207,True
35486,2047,True
35487,3224,True
35488,1316,False
35489,3413,False
35490,2090,False
35491,2924,False
35492,1862,False
35493,2082,False
35494,3296,True
35495,2536,True
35496,2329,False
35497,2419,True
35498,2523,False
35499,1845,True
35500,2240,False
35501,2923,True
35502,2662,True
35503,2755,False
35504,2397,True
35505,2388,True
35506,1824,True
35507,2046,False
35508,2017,True
35509,1497,True
35510,3998,False
35511,2236,True
35512,2470,True
35513,2802,True
35514,1766,False
35515,1685,False
35516,2367,False
35517,1682,True
35518,2385,False
35519,2456,True
35520,2360,False
35521,3927,False
35522,2311,True
35523,2074,True
35524,1771,True
35525,3409,True
35526,3029,False
35527,1425,False
35528,5119,False
35529,1995,False
35530,2210,False
35531,3613,True
35532,2440,True
35533,2134,True
35534,2758,False
35535,2480,False
35536,2691,False
35537,3291,False
35538,2839,True
35539,3112,True
35540,1547,False
35541,1721,False
35542,2333,False
35543,3253,False
35544,2702,False
35545,3316,True
35546,2264,True
35547,3436,False
35548,3004,True
35549,2017,True
35550,1476,False
35551,1937,True
35552,2141,True
35553,1852,False
35554,2425,True
35555,2846,True
35556,2110,False
35557,2008,False
35558,1956,False
35559,1851,False
35560,2691,True
35561,3237,True
35562,3189,True
35563,2252,True
35564,2210,True
35565,2048,True
35566,1655,False
35567,2947,True
35568,2161,False
35569,2378,False
35570,1598,True
35571,2811,True
35572,1292,False
35573,2584,True
35574,2131,True
35575,2127,False
35576,2880,False
35577,2840,True
35578,2020,True
35579,2641,False
35580,3025,False
35581,1645,True
35582,2611,True
35583,2979,True
35584,2744,False
35585,3734,True
35586,2389,False
35587,2352,False
35588,2442,False
35589,2556,False
35590,1458,True
35591,2127,False
35592,1828,True
35593,3425,False
35594,3093,False
35595,3784,True
35596,1552,False
35597,1780,True
35598,1469,True
35599,3262,False
35600,2018,True
35601,2961,True
35602,2040,True
35603,2790,False
35604,2405,True
35605,3253,False
35606,2830,False
35607,1760,True
35608,1628,True
35609,3444,True
35610,2105,True
35611,2571,False
35612,1424,True
35613,3670,True
35614,2359,False
35615,4015,False
35616,2491,False
35617,1795,False
35618,3424,True
35619,2091,False
35620,1898,True
35621,2328,True
35622,3442,False
35623,2501,True
35624,1869,False
35625,1691,True
35626,2818,True
35627,2340,False
35628,2035,False
35629,1897,False
35630,2879,True
35631,4424,True
35632,2808,True
35633,2032,True
35634,1634,False
35635,2341,True
35636,2634,False
35637,2366,False
35638,1479,True
35639,1371,True
35640,2671,False
35641,2788,True
35642,1796,False
35643,2109,True
35644,2082,True
35645,2880,False
35646,1908,False
35647,1924,True
35648,2269,False
35649,1895,False
35650,2188,False
35651,1364,True
35652,2271,False
35653,3333,True
35654,2591,True
35655,2233,True
35656,2585,True
35657,2703,True
35658,2028,False
35659,2044,False
35660,3054,True
35661,1937,False
35662,2096,True
35663,2705,True
35664,2150,True
35665,1253,False
35666,1801,True
35667,2700,False
35668,2397,False
35669,1977,True
35670,2068,False
35671,2104,True
35672,2874,True
35673,2185,False
35674,2869,False
35675,1798,True
35676,3199,True
35677,2856,True
35678,2564,True
35679,3173,True
35680,2500,False
35681,2462,True
35682,2731,True
35683,2875,False
35684,1998,False
35685,2073,False
35686,2356,False
35687,2999,False
35688,2033,True
35689,1759,True
35690,1633,True
35691,3226,False
35692,2175,False
35693,3209,True
35694,1948,False
35695,2636,False
35696,2134,True
35697,1863,False
35698,2827,True
35699,1673,True
35700,3335,False
35701,3112,False
35702,2073,False
35703,2903,False
35704,2079,False
35705,1955,False
35706,1357,True
35707,1772,True
35708,2352,True
35709,3207,False
35710,3144,True
35711,4428,False
35712,1641,False
35713,2562,False
35714,1794,True
35715,3166,False
35716,1805,True
35717,3319,True
35718,2597,True
35719,2580,True
35720,1903,True
35721,2162,False
35722,2754,True
35723,2316,True
35724,2190,False
35725,2280,True
35726,2246,True
35727,1565,False
35728,2884,True
35729,2624,True
35730,1886,True
35731,3070,True
35732,1976,False
35733,3484,False
35734,2615,True
35735,3139,True
35736,2359,False
35737,3359,False
35738,2961,False
35739,2436,True
35740,2917,True
35741,2259,False
35742,2073,False
35743,2402,True
35744,1929,True
35745,3406,False
35746,2148,False
35747,2209,False
35748,2336,True
35749,2135,False
35750,2426,True
35751,3017,False
35752,2171,False
35753,2132,False
35754,1828,False
35755,2374,False
35756,2807,False
35757,2417,True
35758,2298,True
35759,2818,True
35760,1510,True
35761,2829,True
35762,2436,False
35763,3083,False
35764,3694,False
35765,2985,False
35766,1831,True
35767,2612,False
35768,2025,True
35769,2694,True
35770,2809,False
35771,1515,False
35772,2239,False
35773,1393,True
35774,2144,True
35775,2302,True
35776,3855,True
35777,2605,True
35778,1220,True
35779,2393,True
35780,2344,False
35781,2875,False
35782,1958,True
35783,3185,False
35784,1853,False
35785,2222,True
35786,1376,False
35787,3916,False
35788,2514,True
35789,2162,True
35790,2537,False
35791,2300,False
35792,2868,False
35793,2621,True
35794,2303,True
35795,1187,True
35796,2196,True
35797,1703,False
35798,3289,False
35799,1534,True
35800,2600,True
35801,2213,False
35802,2004,True
35803,2315,True
35804,2205,True
35805,2910,False
35806,2161,True
35807,2571,True
35808,2699,True
35809,3209,False
35810,2339,False
35811,2719,False
35812,1752,True
35813,3115,False
35814,1799,False
35815,1398,True
35816,3122,False
35817,3313,False
35818,1700,False
35819,2213,False
35820,1478,True
35821,2978,True
35822,2880,False
35823,1762,True
35824,2346,True
35825,2178,False
35826,2211,False
35827,1678,True
35828,2966,False
35829,3259,True
35830,2579,True
35831,1944,True
35832,2604,True
35833,3183,False
35834,1737,False
35835,1776,True
35836,3474,False
35837,2612,False
35838,3959,True
35839,2482,False
35840,1690,False
35841,2842,True
35842,1118,True
35843,1253,False
35844,2364,True
35845,2782,False
35846,1727,False
35847,3696,True
35848,2101,True
35849,2609,True
35850,2207,True
35851,1011,False
35852,2017,False
35853,2057,True
35854,2412,False
35855,2422,True
35856,3533,True
35857,2564,False
35858,1947,False
35859,2996,True
35860,2504,True
35861,2605,False
35862,2506,False
35863,2475,False
35864,2974,True
35865,2024,True
35866,2627,False
35867,1700,False
35868,2985,True
35869,2108,True
35870,1898,True
35871,2058,False
35872,1298,True
35873,1641,False
35874,2877,False
35875,3059,True
35876,2571,True
35877,1876,True
35878,2904,False
35879,3013,True
35880,1727,False
35881,3061,True
35882,2033,False
35883,1848,False
35884,2970,True
35885,1906,False
35886,2755,False
35887,2029,True
35888,2201,False
35889,1205,True
35890,3336,True
35891,3622,True
35892,2556,False
35893,2275,True
35894,3514,True
35895,2629,False
35896,1116,True
35897,1887,True
35898,1876,True
35899,3522,True
35900,4230,True
35901,3088,False
35902,2624,True
35903,2426,False
35904,3170,True
35905,1998,False
35906,1706,True
35907,3827,False
35908,3589,False
35909,2271,False
35910,2713,True
35911,2090,True
35912,2265,False
35913,2651,True
35914,1820,True
35915,4247,False
35916,4081,True
35917,2141,True
35918,3921,False
35919,2762,True
35920,2187,False
35921,2725,False
35922,4060,False
35923,4371,True
35924,2381,True
35925,3894,False
35926,2492,True
35927,3106,True
35928,2123,True
35929,1464,True
35930,2907,False
35931,1771,True
35932,2054,True
35933,1995,False
35934,2875,True
35935,4442,False
35936,2167,True
35937,3379,False
35938,2870,True
35939,2668,False
35940,2808,False
35941,2853,False
35942,3101,False
35943,2678,False
35944,2499,False
35945,2865,True
35946,2471,True
35947,2046,False
35948,1754,False
35949,2560,True
35950,2799,False
35951,1997,False
35952,3448,True
35953,4100,True
35954,2241,False
35955,2501,True
35956,4115,True
35957,2131,False
35958,1855,False
35959,2744,True
35960,2650,False
35961,2569,True
35962,3236,True
35963,1776,True
35964,2677,False
35965,2444,True
35966,1988,False
35967,2059,False
35968,3436,False
35969,2234,True
35970,2318,True
35971,2799,True
35972,2758,True
35973,2334,True
35974,1557,True
35975,3119,True
35976,2676,True
35977,1531,True
35978,1607,False
35979,3127,True
35980,2985,True
35981,1637,True
35982,2707,True
35983,3591,False
35984,2391,False
35985,3116,False
35986,3008,True
35987,4023,False
35988,2860,False
35989,2418,True
35990,1650,False
35991,2721,False
35992,1644,True
35993,2573,True
35994,3261,False
35995,3124,False
35996,2110,False
35997,2674,True
35998,2097,True
35999,2090,True
36000,1708,True
36001,2087,True
36002,2094,False
36003,2414,True
36004,2618,False
36005,1303,False
36006,2290,True
36007,2765,False
36008,2368,True
36009,1984,False
36010,1907,True
36011,1740,True
36012,5015,True
36013,2513,False
36014,2454,False
36015,2302,True
36016,2018,True
36017,4520,False
36018,2486,True
36019,2502,False
36020,3366,True
36021,1926,True
36022,2124,True
36023,2535,True
36024,2266,True
36025,2947,False
36026,2810,False
36027,2760,True
36028,2273,True
36029,2449,True
36030,4189,True
36031,2403,False
36032,2477,False
36033,3158,True
36034,2349,True
36035,2804,True
36036,2663,False
36037,2124,False
36038,2386,False
36039,2871,False
36040,2299,False
36041,1364,False
36042,3249,False
36043,3066,True
36044,2958,False
36045,3261,True
36046,2560,True
36047,2887,True
36048,3621,False
36049,3014,True
36050,2161,True
36051,1599,True
36052,2145,True
36053,2219,False
36054,3252,False
36055,2109,True
36056,2624,True
36057,1608,True
36058,2523,True
36059,2691,False
36060,2389,True
36061,2230,True
36062,2352,False
36063,1959,True
36064,2056,True
36065,2902,True
36066,2451,True
36067,3469,True
36068,1771,True
36069,3228,False
36070,2857,False
36071,3142,False
36072,2488,True
36073,2785,True
36074,2697,True
36075,2229,False
36076,3070,True
36077,1550,True
36078,2483,False
36079,2262,True
36080,1742,True
36081,2003,False
36082,2303,True
36083,2097,True
36084,2526,False
36085,2774,False
36086,1178,True
36087,2999,False
36088,3772,True
36089,2090,True
36090,3111,False
36091,2014,True
36092,2386,False
36093,2481,False
36094,1742,True
36095,1640,False
36096,2743,False
36097,2747,False
36098,2185,False
36099,2033,False
36100,1855,True
36101,2372,True
36102,2490,False
36103,2277,False
36104,2674,True
36105,1928,True
36106,2835,True
36107,3450,False
36108,3035,False
36109,2219,False
36110,1653,False
36111,3040,False
36112,2881,True
36113,2421,True
36114,1994,False
36115,3791,True
36116,3319,False
36117,2241,False
36118,2227,True
36119,4354,True
36120,2896,False
36121,2195,False
36122,3478,True
36123,1114,False
36124,2437,False
36125,2784,True
36126,2421,False
36127,3037,False
36128,1999,True
36129,2625,True
36130,2564,False
36131,2239,False
36132,2635,False
36133,2737,True
36134,2861,True
36135,2277,True
36136,2658,False
36137,2406,False
36138,2997,False
36139,2429,True
36140,1824,True
36141,3193,True
36142,2289,True
36143,1752,False
36144,4161,False
36145,1955,False
36146,1819,False
36147,2474,False
36148,2168,True
36149,4089,True
36150,2407,True
36151,2613,True
36152,3081,False
36153,2386,False
36154,1499,False
36155,3597,True
36156,4033,False
36157,2396,True
36158,3336,True
36159,2303,False
36160,3083,False
36161,2612,True
36162,2029,False
36163,3007,False
36164,2610,False
36165,3522,False
36166,1987,False
36167,2934,True
36168,2173,True
36169,3276,False
36170,1842,True
36171,1727,False
36172,1688,True
36173,4144,False
36174,1702,True
36175,1574,True
36176,1711,True
36177,3503,True
36178,3001,False
36179,2865,False
36180,3084,False
36181,1862,False
36182,2348,False
36183,2234,True
36184,4014,False
36185,2112,False
36186,2449,True
36187,1591,False
36188,1529,True
36189,2079,False
36190,2460,True
36191,2998,False
36192,2907,True
36193,3193,False
36194,2606,False
36195,3123,False
36196,2124,True
36197,1413,True
36198,2070,False
36199,2893,False
36200,2193,True
36201,2102,False
36202,2587,False
36203,2150,False
36204,4215,False
36205,2519,False
36206,3130,True
36207,1897,False
36208,2116,True
36209,2336,True
36210,1487,True
36211,2346,True
36212,1878,False
36213,3919,True
36214,3128,False
36215,1755,True
36216,2047,True
36217,2449,False
36218,1495,False
36219,2357,False
36220,2660,False
36221,3475,True
36222,2717,False
36223,1845,True
36224,2697,True
36225,2498,False
36226,3100,True
36227,3038,True
36228,2273,True
36229,2760,False
36230,1236,True
36231,2118,False
36232,1873,True
36233,2522,False
36234,2662,True
36235,2362,False
36236,3804,False
36237,1966,False
36238,2172,True
36239,2666,True
36240,3926,True
36241,1962,False
36242,2960,False
36243,3048,False
36244,2548,True
36245,1734,False
36246,1923,True
36247,1166,False
36248,1751,True
36249,2556,False
36250,3403,False
36251,2954,False
36252,2150,False
36253,2230,True
36254,2698,False
36255,2596,False
36256,2606,True
36257,1741,False
36258,2559,True
36259,2426,True
36260,2167,True
36261,2358,True
36262,3168,True
36263,1662,True
36264,3022,False
36265,2036,True
36266,2254,False
36267,1973,True
36268,2045,False
36269,2941,False
36270,3064,False
36271,2065,True
36272,1514,True
36273,2503,False
36274,2386,True
36275,2489,True
36276,2944,True
36277,2335,False
36278,2280,False
36279,2536,False
36280,1733,True
36281,2240,False
36282,2602,False
36283,2216,False
36284,1476,False
36285,1719,True
36286,2861,True
36287,2321,True
36288,2085,True
36289,2091,False
36290,3690,True
36291,2653,False
36292,2278,True
36293,2530,True
36294,2666,True
36295,2514,False
36296,1813,False
36297,3003,False
36298,2281,False
36299,2966,False
36300,1987,False
36301,2022,True
36302,2970,False
36303,3037,True
36304,2171,True
36305,1762,True
36306,1966,True
36307,2023,False
36308,2281,True
36309,2817,False
36310,1743,True
36311,2751,False
36312,1747,True
36313,2966,False
36314,2549,False
36315,2190,True
36316,2953,True
36317,3638,False
36318,2281,True
36319,3406,False
36320,2124,True
36321,2311,False
36322,2182,True
36323,1668,True
36324,2072,False
36325,1867,True
36326,2323,True
36327,2165,False
36328,2312,False
36329,2820,False
36330,2908,False
36331,2174,True
36332,2047,False
36333,1484,True
36334,3215,False
36335,2936,False
36336,2536,False
36337,2315,False
36338,1400,True
36339,3228,False
36340,1771,True
36341,1798,False
36342,2032,True
36343,3075,False
36344,2067,False
36345,2361,False
36346,1781,True
36347,1794,True
36348,3300,False
36349,1978,False
36350,2898,True
36351,2425,True
36352,2059,True
36353,3201,True
36354,2459,True
36355,2241,True
36356,2088,True
36357,2520,False
36358,2452,True
36359,2780,False
36360,2523,False
36361,2781,False
36362,2119,True
36363,2516,True
36364,2486,True
36365,2108,False
36366,2572,False
36367,2238,False
36368,2270,False
36369,1920,False
36370,1473,True
36371,1795,False
36372,2331,False
36373,1943,False
36374,1751,True
36375,1686,False
36376,1963,True
36377,2140,True
36378,2897,False
36379,3455,True
36380,1891,False
36381,2816,False
36382,4110,True
36383,1714,True
36384,2128,False
36385,1855,True
36386,2103,False
36387,2105,False
36388,2916,False
36389,2964,False
36390,2908,True
36391,2970,True
36392,2019,False
36393,1985,False
36394,2349,True
36395,1447,True
36396,2221,True
36397,1407,False
36398,1861,True
36399,3435,True
36400,1179,True
36401,2268,True
36402,2616,True
36403,2973,True
36404,1905,False
36405,2223,False
36406,3068,False
36407,2724,False
36408,1967,True
36409,1859,True
36410,2257,True
36411,3589,False
36412,2877,False
36413,3147,False
36414,2812,False
36415,3406,True
36416,2667,False
36417,1338,True
36418,2222,False
36419,1843,False
36420,794,True
36421,2613,False
36422,1525,True
36423,1150,False
36424,2715,False
36425,3385,True
36426,3212,True
36427,2221,True
36428,2900,False
36429,2733,True
36430,1989,False
36431,2309,True
36432,2448,False
36433,2519,True
36434,2157,True
36435,2466,False
36436,1984,True
36437,2171,False
36438,2311,False
36439,2127,True
36440,1963,True
36441,2214,False
36442,2361,False
36443,2105,True
36444,2205,True
36445,2060,True
36446,2630,True
36447,3401,True
36448,2856,True
36449,2116,False
36450,2739,True
36451,3027,False
36452,1368,True
36453,3442,True
36454,2290,False
36455,1730,True
36456,2400,True
36457,2528,True
36458,2686,True
36459,3006,False
36460,2535,True
36461,2232,False
36462,2784,True
36463,3071,True
36464,2753,False
36465,2962,True
36466,2451,True
36467,2560,True
36468,2987,False
36469,1825,True
36470,3356,True
36471,2365,False
36472,1693,False
36473,2646,True
36474,3650,True
36475,2340,True
36476,2092,False
36477,2559,False
36478,2115,True
36479,2549,True
36480,2558,False
36481,2224,True
36482,2143,False
36483,2531,False
36484,1567,False
36485,1588,True
36486,2462,True
36487,2665,True
36488,2340,True
36489,2620,True
36490,3724,False
36491,2898,False
36492,2606,False
36493,2197,True
36494,2349,True
36495,2283,False
36496,2422,True
36497,3001,True
36498,3084,False
36499,3006,False
36500,1329,False
36501,2250,True
36502,2599,True
36503,2368,False
36504,1535,False
36505,3080,True
36506,2124,False
36507,2172,False
36508,2011,False
36509,3447,True
36510,724,True
36511,1331,True
36512,2763,False
36513,2133,True
36514,2403,False
36515,2629,False
36516,1268,True
36517,1940,True
36518,2422,False
36519,3009,True
36520,2372,True
36521,1907,True
36522,2658,False
36523,2622,True
36524,2831,False
36525,2950,False
36526,3221,False
36527,2701,False
36528,2713,False
36529,2346,True
36530,1790,False
36531,3882,True
36532,2150,True
36533,2880,True
36534,1997,True
36535,2710,False
36536,2885,True
36537,1882,False
36538,1286,True
36539,1608,False
36540,2913,True
36541,2246,True
36542,2284,False
36543,2556,False
36544,2009,True
36545,3415,True
36546,2090,True
36547,2236,False
36548,1680,True
36549,2010,False
36550,1948,True
36551,2281,True
36552,2272,False
36553,3985,True
36554,2943,True
36555,2360,True
36556,2971,False
36557,2889,True
36558,2921,True
36559,3419,True
36560,2091,True
36561,2940,True
36562,1912,True
36563,3046,False
36564,2772,True
36565,3211,True
36566,2410,False
36567,1876,True
36568,2666,True
36569,2758,False
36570,2030,False
36571,1445,True
36572,2125,False
36573,2528,False
36574,3198,True
36575,2062,False
36576,2939,False
36577,3138,True
36578,2173,True
36579,2319,False
36580,2081,False
36581,3534,False
36582,3217,False
36583,2247,True
36584,2198,True
36585,3159,False
36586,3104,False
36587,2104,True
36588,2565,False
36589,1838,False
36590,2288,False
36591,3005,False
36592,1014,False
36593,1473,False
36594,2724,True
36595,3382,False
36596,1743,True
36597,2236,False
36598,3128,False
36599,2167,True
36600,3962,True
36601,1946,True
36602,2440,True
36603,2743,True
36604,2555,True
36605,1683,True
36606,2117,False
36607,2155,False
36608,1985,False
36609,2234,True
36610,2369,True
36611,2993,False
36612,2360,True
36613,2431,False
36614,2071,False
36615,2162,True
36616,2144,False
36617,2208,False
36618,1509,False
36619,2207,True
36620,2712,False
36621,2064,True
36622,2552,True
36623,3513,True
36624,2281,False
36625,2894,False
36626,1940,False
36627,1984,True
36628,2108,False
36629,1943,False
36630,3091,False
36631,1633,False
36632,2648,False
36633,1946,False
36634,2040,True
36635,2280,False
36636,3292,True
36637,2513,False
36638,2849,False
36639,3631,True
36640,2140,True
36641,2266,False
36642,1649,False
36643,3052,False
36644,2002,False
36645,2008,True
36646,2157,False
36647,681,False
36648,2336,False
36649,2167,True
36650,3102,True
36651,3091,True
36652,2149,True
36653,4075,False
36654,1433,True
36655,1877,True
36656,2510,False
36657,2570,False
36658,1468,True
36659,3492,True
36660,1762,True
36661,2753,True
36662,2404,True
36663,2611,False
36664,2305,False
36665,3830,False
36666,1737,True
36667,2847,True
36668,2891,True
36669,2627,False
36670,1974,True
36671,1798,True
36672,2585,True
36673,2271,False
36674,2717,False
36675,2158,False
36676,2474,True
36677,2585,True
36678,2228,True
36679,2186,False
36680,2434,False
36681,1931,True
36682,1760,False
36683,1353,False
36684,2456,False
36685,2963,True
36686,2785,False
36687,1460,True
36688,2552,True
36689,1923,True
36690,2512,False
36691,2253,True
36692,1405,True
36693,2902,True
36694,2064,True
36695,4391,False
36696,2582,False
36697,3097,True
36698,1612,True
36699,2760,True
36700,2284,True
36701,3725,True
36702,2884,False
36703,2601,False
36704,2212,True
36705,2675,True
36706,2813,True
36707,2357,False
36708,2287,False
36709,2464,True
36710,2998,False
36711,3213,True
36712,2218,False
36713,2063,True
36714,2795,False
36715,1523,False
36716,2361,True
36717,3266,False
36718,1624,True
36719,2756,True
36720,1357,False
36721,2242,True
36722,3476,False
36723,3880,True
36724,1851,True
36725,2254,True
36726,3171,True
36727,1994,False
36728,2150,False
36729,1713,True
36730,2935,False
36731,2649,True
36732,2111,True
36733,4161,False
36734,2158,True
36735,2126,False
36736,2522,True
36737,1939,False
36738,2805,False
36739,2462,True
36740,2022,True
36741,2679,True
36742,1412,False
36743,3149,True
36744,1853,False
36745,2586,False
36746,1599,True
36747,2339,False
36748,1252,True
36749,2179,True
36750,3746,True
36751,3415,False
36752,1809,True
36753,2077,False
36754,1906,False
36755,2263,True
36756,2461,False
36757,1621,True
36758,1889,True
36759,3239,True
36760,2214,True
36761,1817,True
36762,2386,False
36763,1611,True
36764,2177,False
36765,2000,True
36766,1816,True
36767,2756,True
36768,2296,False
36769,1922,False
36770,2250,True
36771,3438,True
36772,2010,True
36773,1368,True
36774,1535,True
36775,2154,False
36776,2908,False
36777,2371,False
36778,4037,False
36779,2869,True
36780,1583,True
36781,2155,False
36782,2938,False
36783,2256,False
36784,3966,False
36785,3237,False
36786,2513,True
36787,3357,False
36788,2678,True
36789,2897,False
36790,1600,False
36791,2035,True
36792,1544,True
36793,3648,False
36794,3533,False
36795,2574,False
36796,2889,False
36797,2490,True
36798,2862,False
36799,4131,False
36800,1070,True
36801,3178,False
36802,3071,True
36803,2079,True
36804,2602,True
36805,2928,False
36806,3627,True
36807,3072,True
36808,3781,True
36809,2002,True
36810,2974,False
36811,1770,False
36812,2085,True
36813,4223,True
36814,2635,False
36815,2338,False
36816,2104,True
36817,2363,True
36818,3443,True
36819,1729,True
36820,2692,False
36821,1716,True
36822,1973,True
36823,1616,True
36824,1546,True
36825,2186,False
36826,1615,True
36827,2006,True
36828,1406,False
36829,2192,False
36830,2800,True
36831,2600,True
36832,275,False
36833,1755,True
36834,2991,False
36835,2194,False
36836,2202,True
36837,2985,False
36838,2718,True
36839,1787,False
36840,2960,True
36841,2501,True
36842,2573,False
36843,2763,False
36844,1987,True
36845,2084,False
36846,1982,True
36847,1978,True
36848,2488,True
36849,2535,True
36850,1760,False
36851,2609,False
36852,3213,False
36853,2241,True
36854,2663,False
36855,3363,False
36856,2542,True
36857,2649,True
36858,1813,True
36859,2500,False
36860,2202,False
36861,3571,False
36862,1740,True
36863,2799,True
36864,2722,True
36865,3276,True
36866,2973,False
36867,2279,False
36868,4140,False
36869,2246,False
36870,3553,True
36871,2480,True
36872,1861,False
36873,2071,True
36874,3697,True
36875,2247,True
36876,2257,False
36877,2991,False
36878,2995,True
36879,2153,False
36880,2307,True
36881,3492,True
36882,2662,True
36883,3329,False
36884,3227,True
36885,2376,False
36886,2065,True
36887,2530,False
36888,2373,False
36889,2576,True
36890,2871,False
36891,2332,False
36892,2638,False
36893,3004,True
36894,3507,True
36895,3254,False
36896,3694,False
36897,1721,True
36898,1089,False
36899,3229,False
36900,3169,False
36901,3220,True
36902,1980,False
36903,3134,False
36904,2919,False
36905,2101,False
36906,2759,False
36907,2499,False
36908,2683,True
36909,1968,False
36910,2408,True
36911,2270,True
36912,1928,True
36913,2164,True
36914,1284,True
36915,1656,True
36916,2490,True
36917,3422,False
36918,3014,True
36919,2604,True
36920,2850,False
36921,2024,False
36922,2120,True
36923,2183,True
36924,2556,False
36925,2452,True
36926,4054,False
36927,2039,True
36928,3145,False
36929,2166,False
36930,2271,True
36931,1967,True
36932,4841,False
36933,1922,True
36934,2337,True
36935,3146,False
36936,2647,False
36937,2124,False
36938,2306,False
36939,1671,False
36940,3368,False
36941,2713,False
36942,1904,False
36943,2285,False
36944,1689,True
36945,2940,True
36946,2426,True
36947,3202,True
36948,1989,True
36949,2620,False
36950,2437,True
36951,2435,False
36952,2970,False
36953,2031,True
36954,2470,False
36955,3421,True
36956,1261,True
36957,2408,True
36958,2783,False
36959,2509,False
36960,2111,True
36961,1795,True
36962,1946,True
36963,2571,False
36964,3456,False
36965,2302,True
36966,3211,False
36967,3948,False
36968,1994,False
36969,2819,True
36970,2072,False
36971,1632,False
36972,3044,False
36973,2022,False
36974,1832,True
36975,2313,False
36976,2909,False
36977,2930,True
36978,3206,False
36979,2780,True
36980,2421,False
36981,2169,True
36982,3459,True
36983,2285,True
36984,2835,False
36985,1677,True
36986,2656,False
36987,3838,True
36988,2632,False
36989,2713,True
36990,2346,True
36991,1775,True
36992,2521,True
36993,1578,False
36994,3065,True
36995,2341,True
36996,1416,False
36997,2849,False
36998,3905,True
36999,2040,True
37000,2452,False
37001,1823,False
37002,2229,False
37003,2059,True
37004,2364,False
37005,2880,True
37006,1772,True
37007,2227,True
37008,1879,False
37009,3467,False
37010,2228,True
37011,2357,True
37012,3293,True
37013,3360,True
37014,2575,True
37015,2241,False
37016,2087,True
37017,2910,False
37018,1854,False
37019,2855,False
37020,1608,True
37021,2609,True
37022,2376,True
37023,2343,True
37024,2545,False
37025,2769,False
37026,3399,True
37027,1756,True
37028,2091,False
37029,2130,True
37030,2333,False
37031,3147,True
37032,2826,True
37033,2048,True
37034,2794,False
37035,2154,False
37036,1943,True
37037,2616,True
37038,2575,True
37039,2749,False
37040,3005,True
37041,2221,False
37042,2568,True
37043,2339,True
37044,2031,True
37045,3090,False
37046,1322,False
37047,2064,False
37048,3353,True
37049,2487,False
37050,1552,True
37051,2590,False
37052,3337,True
37053,1133,True
37054,1965,True
37055,1465,True
37056,2541,True
37057,1659,True
37058,2816,True
37059,2569,False
37060,3153,False
37061,2066,False
37062,2454,True
37063,2655,True
37064,2280,False
37065,2378,True
37066,2559,False
37067,3905,True
37068,2915,True
37069,3354,False
37070,1719,True
37071,3642,False
37072,1727,True
37073,1532,True
37074,2630,False
37075,2160,True
37076,2241,False
37077,2731,False
37078,1947,False
37079,1859,True
37080,3748,True
37081,1594,True
37082,1518,False
37083,2599,True
37084,2252,False
37085,3728,False
37086,3092,True
37087,2335,False
37088,1852,False
37089,2331,True
37090,2785,True
37091,2109,True
37092,1972,False
37093,2625,False
37094,2668,True
37095,2397,True
37096,1915,True
37097,3228,True
37098,1937,True
37099,2183,True
37100,1805,True
37101,2093,False
37102,2969,True
37103,2350,False
37104,2543,False
37105,2940,False
37106,2331,True
37107,2472,False
37108,2292,False
37109,2786,True
37110,2202,False
37111,2252,False
37112,3155,True
37113,2141,True
37114,1218,True
37115,2408,False
37116,1647,True
37117,2228,True
37118,3951,False
37119,1981,True
37120,1471,False
37121,2993,False
37122,2255,False
37123,2303,False
37124,3754,True
37125,1919,False
37126,3171,False
37127,2191,True
37128,2227,False
37129,3118,False
37130,2771,False
37131,3142,False
37132,1925,False
37133,2456,True
37134,1460,True
37135,2116,False
37136,2822,False
37137,2889,False
37138,3858,True
37139,2429,False
37140,3995,True
37141,2790,False
37142,1734,True
37143,3056,True
37144,3208,True
37145,1844,False
37146,3068,True
37147,1709,True
37148,1885,True
37149,2474,False
37150,3247,False
37151,3466,True
37152,1655,True
37153,2464,False
37154,3878,True
37155,2256,True
37156,2345,False
37157,3072,False
37158,3034,True
37159,3419,True
37160,4029,False
37161,3205,False
37162,2815,False
37163,2037,True
37164,2396,True
37165,2594,True
37166,3864,True
37167,2957,False
37168,3199,False
37169,2269,True
37170,2255,True
37171,2492,False
37172,2475,False
37173,2554,True
37174,2483,False
37175,2242,False
37176,2397,True
37177,2609,False
37178,3688,True
37179,1503,True
37180,2600,False
37181,1622,True
37182,1968,True
37183,3180,False
37184,2753,True
37185,3056,False
37186,2203,False
37187,2192,False
37188,1817,False
37189,2337,True
37190,2252,False
37191,2205,False
37192,2311,False
37193,2404,True
37194,2881,True
37195,2627,True
37196,3007,True
37197,2047,True
37198,2410,True
37199,3091,False
37200,2466,True
37201,2617,False
37202,1402,False
37203,4175,False
37204,2475,False
37205,2085,False
37206,2948,True
37207,3415,True
37208,1764,False
37209,2626,True
37210,2033,True
37211,2224,True
37212,2011,False
37213,3171,True
37214,2501,True
37215,2577,True
37216,2539,True
37217,2989,False
37218,1842,True
37219,1782,True
37220,2368,True
37221,3362,False
37222,2825,False
37223,2459,True
37224,2215,True
37225,1518,True
37226,3477,True
37227,2809,False
37228,2161,True
37229,2452,True
37230,2359,True
37231,2162,False
37232,1781,False
37233,2199,False
37234,1959,False
37235,1735,False
37236,2771,False
37237,2526,False
37238,3140,True
37239,2814,False
37240,2307,False
37241,3151,False
37242,2931,False
37243,1523,True
37244,2581,True
37245,2267,True
37246,3483,False
37247,2974,False
37248,2457,False
37249,3022,False
37250,1368,True
37251,2419,True
37252,2677,True
37253,2638,True
37254,2194,False
37255,2069,True
37256,1952,True
37257,3042,True
37258,3027,True
37259,1681,True
37260,1846,False
37261,3037,False
37262,1981,True
37263,1461,True
37264,2770,True
37265,2139,True
37266,2481,True
37267,2071,False
37268,2372,False
37269,3360,True
37270,2539,True
37271,1965,False
37272,2514,False
37273,2159,True
37274,4576,True
37275,2561,False
37276,2619,True
37277,1723,True
37278,2045,False
37279,2179,False
37280,2763,False
37281,1457,False
37282,1992,False
37283,2061,True
37284,2841,True
37285,3123,True
37286,2744,False
37287,2428,True
37288,2176,True
37289,2395,False
37290,2910,True
37291,1952,True
37292,3332,False
37293,2736,True
37294,1847,False
37295,4064,False
37296,2122,False
37297,2052,True
37298,2648,False
37299,2673,True
37300,2570,False
37301,2988,False
37302,2841,False
37303,1914,True
37304,2480,False
37305,1910,True
37306,1970,False
37307,2569,False
37308,2661,True
37309,3553,True
37310,2581,True
37311,2000,False
37312,2193,True
37313,2870,False
37314,3361,False
37315,1997,True
37316,2129,False
37317,1575,True
37318,3264,False
37319,1821,True
37320,3140,False
37321,3130,True
37322,3187,False
37323,1674,False
37324,2026,True
37325,1893,True
37326,2045,False
37327,1316,True
37328,2260,False
37329,2539,True
37330,1761,True
37331,1592,False
37332,3249,True
37333,2189,False
37334,3029,False
37335,2580,False
37336,2285,True
37337,2880,False
37338,3781,True
37339,1599,False
37340,3671,False
37341,2916,True
37342,2445,False
37343,2782,True
37344,2214,True
37345,2249,False
37346,3140,False
37347,1813,True
37348,1716,True
37349,2895,False
37350,2728,True
37351,2179,False
37352,2570,False
37353,2090,True
37354,3696,False
37355,2780,False
37356,2590,False
37357,3222,False
37358,2412,True
37359,2453,False
37360,2478,False
37361,2917,False
37362,2052,True
37363,2542,False
37364,2162,True
37365,2339,False
37366,2600,False
37367,2346,False
37368,3104,True
37369,2064,False
37370,1804,False
37371,2399,False
37372,2611,False
37373,1973,False
37374,1998,False
37375,2275,True
37376,2964,True
37377,1761,False
37378,1817,False
37379,2290,False
37380,1771,True
37381,3483,False
37382,2123,False
37383,2602,True
37384,2041,False
37385,2041,True
37386,3324,False
37387,3319,False
37388,1845,True
37389,2543,True
37390,1771,True
37391,2583,True
37392,3416,False
37393,1779,False
37394,1530,True
37395,4327,True
37396,815,True
37397,2027,False
37398,3044,True
37399,2959,False
37400,3173,False
37401,2347,False
37402,2710,True
37403,2482,True
37404,2381,True
37405,3223,True
37406,3010,False
37407,2275,True
37408,2246,False
37409,1783,True
37410,2739,False
37411,1929,True
37412,2312,True
37413,1569,False
37414,3944,True
37415,2309,False
37416,3694,True
37417,3766,True
37418,1719,True
37419,2550,True
37420,2555,True
37421,2539,True
37422,2860,True
37423,2815,True
37424,1733,True
37425,2194,True
37426,1617,True
37427,2195,True
37428,3290,False
37429,2454,False
37430,2640,True
37431,1917,True
37432,2597,False
37433,3658,True
37434,2253,False
37435,2996,True
37436,2795,False
37437,1951,True
37438,2783,True
37439,3245,True
37440,2258,False
37441,3558,True
37442,2324,True
37443,1813,True
37444,2718,False
37445,2556,True
37446,2487,True
37447,2757,True
37448,3651,False
37449,1813,True
37450,3403,False
37451,3035,True
37452,3433,False
37453,2833,True
37454,1571,True
37455,1196,True
37456,1549,True
37457,2920,True
37458,3116,True
37459,2115,False
37460,3297,True
37461,2127,True
37462,3020,False
37463,2895,False
37464,3587,False
37465,2114,True
37466,2323,True
37467,2027,False
37468,2526,True
37469,2708,True
37470,1776,False
37471,2210,True
37472,2487,False
37473,1324,True
37474,2493,False
37475,3360,False
37476,2847,False
37477,1441,False
37478,2270,True
37479,2424,True
37480,2381,False
37481,3577,True
37482,2427,False
37483,2149,False
37484,2405,True
37485,2917,False
37486,1878,False
37487,3341,False
37488,1703,True
37489,2098,True
37490,2754,False
37491,1461,True
37492,1980,False
37493,3426,False
37494,2326,False
37495,1877,True
37496,3092,False
37497,2056,False
37498,2162,False
37499,2809,False
37500,1586,True
37501,2694,True
37502,2073,True
37503,3007,True
37504,1250,True
37505,1742,True
37506,2256,True
37507,2767,False
37508,1548,False
37509,2455,False
37510,2300,True
37511,2617,True
37512,3145,False
37513,2245,True
37514,2782,False
37515,1819,True
37516,1970,True
37517,1422,False
37518,1773,True
37519,2129,True
37520,1528,True
37521,2177,False
37522,2280,False
37523,2673,True
37524,2019,True
37525,2303,False
37526,1504,False
37527,1965,False
37528,2110,False
37529,1724,False
37530,2939,False
37531,1521,True
37532,2629,False
37533,3684,False
37534,1873,True
37535,1764,False
37536,2546,False
37537,3130,False
37538,2094,False
37539,1735,True
37540,2567,False
37541,3092,True
37542,748,True
37543,3870,True
37544,2691,False
37545,1904,False
37546,2362,False
37547,2348,False
37548,2023,False
37549,2121,True
37550,2763,False
37551,4255,True
37552,2708,True
37553,2648,True
37554,1738,True
37555,1550,False
37556,2336,False
37557,1540,False
37558,2374,True
37559,2830,False
37560,2068,True
37561,2106,False
37562,1565,False
37563,2509,False
37564,2086,True
37565,2727,False
37566,2417,True
37567,1711,False
37568,2763,False
37569,1847,False
37570,2781,True
37571,2382,True
37572,2108,True
37573,1961,False
37574,1952,False
37575,3052,True
37576,2212,False
37577,2310,False
37578,1697,False
37579,2575,True
37580,2053,True
37581,3131,False
37582,3082,True
37583,3376,False
37584,2086,False
37585,2065,True
37586,2032,True
37587,1662,False
37588,2378,True
37589,1951,True
37590,2081,True
37591,3929,True
37592,3348,True
37593,2637,False
37594,1960,False
37595,2949,False
37596,3466,True
37597,1912,False
37598,2753,True
37599,3623,False
37600,2122,False
37601,2138,True
37602,2340,False
37603,2442,True
37604,2152,True
37605,2711,True
37606,1837,True
37607,2320,False
37608,2191,False
37609,3079,False
37610,2313,True
37611,2477,False
37612,2573,True
37613,2393,False
37614,2769,False
37615,2089,False
37616,1679,False
37617,2746,False
37618,2249,False
37619,2582,False
37620,2480,True
37621,1983,True
37622,2935,False
37623,2996,False
37624,3060,True
37625,2209,False
37626,1866,True
37627,2553,True
37628,2594,False
37629,1883,True
37630,1693,False
37631,2994,True
37632,1952,True
37633,3080,False
37634,2217,True
37635,2760,False
37636,2511,False
37637,3000,False
37638,3350,True
37639,2261,False
37640,2322,True
37641,2416,False
37642,3697,True
37643,3346,True
37644,3008,False
37645,2037,True
37646,2279,False
37647,4271,True
37648,3600,False
37649,2434,True
37650,3411,True
37651,2871,True
37652,3016,False
37653,2625,False
37654,2106,False
37655,3208,False
37656,3207,False
37657,2184,True
37658,3024,False
37659,2387,True
37660,2462,False
37661,1917,False
37662,2889,False
37663,1951,False
37664,2468,False
37665,1395,False
37666,2913,False
37667,2930,False
37668,2093,True
37669,1947,False
37670,2733,False
37671,4590,True
37672,2611,True
37673,1783,False
37674,2095,False
37675,2221,False
37676,3248,True
37677,2589,True
37678,2740,False
37679,2460,False
37680,3333,True
37681,2492,True
37682,2301,False
37683,1938,False
37684,1550,True
37685,2156,True
37686,2036,True
37687,1501,True
37688,1969,True
37689,3325,False
37690,2771,False
37691,3565,False
37692,2579,True
37693,2545,True
37694,2183,False
37695,1882,False
37696,2639,False
37697,2406,False
37698,2315,False
37699,1774,False
37700,3008,False
37701,3246,True
37702,2147,True
37703,2969,True
37704,2037,True
37705,2498,False
37706,3905,False
37707,2329,True
37708,2379,True
37709,2387,True
37710,2619,False
37711,1883,True
37712,3225,False
37713,2416,False
37714,1747,True
37715,3105,False
37716,1949,True
37717,3243,True
37718,2890,False
37719,2640,False
37720,2798,True
37721,2611,False
37722,1741,False
37723,2266,True
37724,2812,True
37725,2485,True
37726,2965,True
37727,2017,True
37728,1281,False
37729,4141,True
37730,1518,False
37731,3073,False
37732,2399,True
37733,4761,False
37734,2217,False
37735,2884,False
37736,2319,True
37737,1530,True
37738,2083,True
37739,2462,False
37740,2083,True
37741,3217,False
37742,2658,True
37743,2205,False
37744,1825,False
37745,2487,False
37746,1717,True
37747,2325,True
37748,2860,False
37749,3534,False
37750,1848,False
37751,2363,True
37752,2013,True
37753,2820,False
37754,3111,True
37755,2563,False
37756,2568,False
37757,2068,True
37758,2116,False
37759,1306,True
37760,2385,False
37761,2351,True
37762,3418,False
37763,2796,True
37764,3915,True
37765,1754,True
37766,2021,True
37767,1728,True
37768,2086,True
37769,2582,False
37770,1586,True
37771,3015,True
37772,2757,False
37773,1930,False
37774,3285,True
37775,2613,False
37776,3103,True
37777,1792,True
37778,2644,False
37779,1416,True
37780,3708,True
37781,2131,True
37782,1552,False
37783,2478,False
37784,1891,False
37785,2063,True
37786,2865,False
37787,2169,True
37788,2439,True
37789,3957,False
37790,2276,True
37791,2474,False
37792,2296,False
37793,1841,False
37794,2932,True
37795,1961,True
37796,3627,False
37797,2058,True
37798,2232,False
37799,2685,False
37800,2837,False
37801,2057,True
37802,3945,True
37803,2312,False
37804,2946,False
37805,2756,True
37806,2368,True
37807,2298,False
37808,822,True
37809,1810,True
37810,2391,True
37811,3482,False
37812,2983,False
37813,2259,False
37814,2713,False
37815,2162,True
37816,2695,True
37817,1845,True
37818,2697,False
37819,1820,True
37820,2120,True
37821,2213,False
37822,3403,True
37823,2486,True
37824,3488,False
37825,3058,False
37826,1783,False
37827,1642,True
37828,2456,False
37829,2022,True
37830,3184,True
37831,4249,True
37832,3995,False
37833,2577,True
37834,1860,False
37835,2596,False
37836,2849,True
37837,2848,False
37838,2206,False
37839,2626,False
37840,3020,False
37841,2527,False
37842,1625,True
37843,3109,False
37844,2783,False
37845,1620,False
37846,3183,True
37847,3066,False
37848,2517,False
37849,2001,False
37850,1853,False
37851,1857,False
37852,2803,False
37853,1950,False
37854,1825,True
37855,2114,True
37856,3200,False
37857,2892,True
37858,3281,True
37859,2597,False
37860,3321,False
37861,2283,False
37862,2164,True
37863,2158,True
37864,2310,True
37865,1557,True
37866,2917,True
37867,2634,True
37868,2907,True
37869,2784,False
37870,3114,False
37871,3166,True
37872,2487,True
37873,3581,True
37874,3831,False
37875,3589,False
37876,1806,False
37877,2450,False
37878,2584,False
37879,2420,False
37880,2865,True
37881,2748,True
37882,2216,True
37883,3638,True
37884,2090,True
37885,2905,False
37886,3225,True
37887,1912,True
37888,1941,False
37889,2762,True
37890,3311,True
37891,2870,False
37892,2177,False
37893,2000,True
37894,1729,True
37895,1960,True
37896,2176,True
37897,2348,False
37898,3504,False
37899,3933,True
37900,2994,False
37901,2776,True
37902,1971,True
37903,2852,True
37904,2172,True
37905,1818,True
37906,1596,False
37907,2066,True
37908,2982,False
37909,3181,False
37910,2951,True
37911,3363,False
37912,2984,True
37913,1517,True
37914,2144,False
37915,2926,False
37916,2095,True
37917,2274,True
37918,4271,True
37919,1532,True
37920,1956,True
37921,4159,True
37922,2802,True
37923,1739,True
37924,2560,False
37925,778,True
37926,3667,True
37927,3408,True
37928,2587,False
37929,3775,True
37930,1882,True
37931,1634,True
37932,3626,False
37933,2599,True
37934,2339,True
37935,2123,True
37936,3459,True
37937,2970,True
37938,1223,False
37939,2297,True
37940,3231,True
37941,2023,False
37942,3568,True
37943,2205,False
37944,2912,False
37945,2650,True
37946,2455,False
37947,2818,False
37948,2596,False
37949,3600,False
37950,3539,True
37951,2324,False
37952,3170,False
37953,2274,True
37954,1735,False
37955,2133,True
37956,2353,True
37957,2695,True
37958,2817,False
37959,2119,True
37960,3729,False
37961,2092,False
37962,1945,False
37963,2152,True
37964,1884,False
37965,3537,False
37966,3653,False
37967,2165,True
37968,2460,True
37969,2395,True
37970,3312,False
37971,2807,False
37972,2891,False
37973,3142,True
37974,1517,True
37975,2520,True
37976,1883,False
37977,2917,False
37978,2102,False
37979,1838,False
37980,1841,True
37981,3211,True
37982,2698,False
37983,2274,False
37984,1874,True
37985,1947,True
37986,2790,True
37987,2936,True
37988,2199,True
37989,2213,False
37990,3378,True
37991,2942,False
37992,1828,False
37993,2070,True
37994,2322,True
37995,3192,False
37996,4122,False
37997,2150,True
37998,1054,True
37999,1649,False
38000,1654,True
38001,1930,False
38002,1911,True
38003,1961,True
38004,2671,True
38005,1726,True
38006,2806,True
38007,2322,True
38008,3319,True
38009,1538,True
38010,1636,False
38011,2418,False
38012,1550,False
38013,1620,False
38014,2811,False
38015,1930,True
38016,3493,False
38017,2774,False
38018,692,False
38019,2883,True
38020,1398,True
38021,1534,True
38022,3577,False
38023,1654,False
38024,2452,False
38025,2381,True
38026,2337,True
38027,2717,True
38028,2407,True
38029,1317,False
38030,2215,False
38031,2560,True
38032,3005,True
38033,2025,False
38034,2243,False
38035,2171,False
38036,2119,True
38037,3427,False
38038,2703,True
38039,2133,False
38040,2850,False
38041,3309,False
38042,3841,True
38043,2329,True
38044,3170,True
38045,2563,True
38046,3485,False
38047,2694,True
38048,2329,False
38049,2435,False
38050,2393,True
38051,2494,False
38052,2567,False
38053,2902,True
38054,2143,True
38055,1497,False
38056,3845,True
38057,2768,False
38058,2963,True
38059,2561,False
38060,1404,False
38061,1979,False
38062,2012,True
38063,1616,True
38064,1549,True
38065,3099,False
38066,3033,False
38067,1564,False
38068,2662,False
38069,2338,False
38070,2416,True
38071,2569,False
38072,2254,True
38073,1541,True
38074,2670,False
38075,3071,True
38076,2049,True
38077,3035,False
38078,3638,False
38079,2662,True
38080,3806,False
38081,3404,True
38082,1670,False
38083,2345,False
38084,2390,False
38085,1924,False
38086,3083,False
38087,2135,True
38088,3105,False
38089,2207,True
38090,2163,False
38091,1859,False
38092,2086,True
38093,1675,False
38094,1505,True
38095,2186,True
38096,2049,False
38097,1983,False
38098,1854,True
38099,2791,False
38100,2844,False
38101,2491,True
38102,2312,True
38103,2571,False
38104,2085,False
38105,3951,True
38106,2857,False
38107,2274,True
38108,1776,True
38109,2456,False
38110,3924,False
38111,1706,True
38112,2264,True
38113,1930,True
38114,2049,True
38115,2820,True
38116,2488,True
38117,2761,False
38118,2275,False
38119,2094,False
38120,2821,True
38121,4913,True
38122,3178,False
38123,2475,True
38124,2584,False
38125,3086,True
38126,2313,False
38127,1960,False
38128,2073,True
38129,2933,False
38130,2611,True
38131,2500,False
38132,2323,True
38133,1994,True
38134,2547,True
38135,2433,True
38136,3003,False
38137,1539,True
38138,2307,False
38139,2401,False
38140,2491,True
38141,2002,False
38142,2053,False
38143,3350,True
38144,2595,True
38145,2853,True
38146,1698,False
38147,3714,True
38148,1805,True
38149,3027,False
38150,1463,False
38151,2170,False
38152,2551,True
38153,2087,False
38154,1652,True
38155,1521,False
38156,2157,True
38157,1912,False
38158,1620,False
38159,2143,True
38160,2750,False
38161,2671,False
38162,2525,True
38163,3655,False
38164,2184,True
38165,2501,False
38166,1878,True
38167,1937,True
38168,1105,True
38169,2117,False
38170,2701,True
38171,3022,True
38172,2749,False
38173,1879,True
38174,2592,True
38175,2400,True
38176,2587,True
38177,1830,True
38178,2771,True
38179,2358,True
38180,2522,False
38181,2045,True
38182,2123,True
38183,3342,False
38184,2780,True
38185,3835,False
38186,2779,False
38187,1586,True
38188,2956,True
38189,2422,False
38190,3464,False
38191,1768,True
38192,2582,True
38193,2526,False
38194,1938,False
38195,1816,True
38196,2694,False
38197,1684,True
38198,2580,True
38199,1784,False
38200,2790,True
38201,1361,True
38202,2125,True
38203,3562,False
38204,2813,False
38205,1953,True
38206,2644,True
38207,2986,True
38208,2100,False
38209,2131,True
38210,2882,True
38211,1924,False
38212,3119,False
38213,2839,True
38214,2410,True
38215,3117,False
38216,1362,True
38217,2459,True
38218,2917,False
38219,3045,False
38220,2075,True
38221,3633,True
38222,1952,True
38223,2409,False
38224,1728,False
38225,3244,False
38226,3275,False
38227,2607,True
38228,2123,False
38229,3830,True
38230,1707,False
38231,4017,False
38232,1115,True
38233,3586,False
38234,2124,False
38235,2411,True
38236,1599,True
38237,3148,True
38238,1737,False
38239,1540,True
38240,3258,False
38241,1543,True
38242,3359,True
38243,2412,False
38244,3330,False
38245,2464,True
38246,2362,False
38247,2610,True
38248,1846,False
38249,1931,True
38250,3212,True
38251,3099,False
38252,2348,True
38253,3094,False
38254,2483,True
38255,2560,True
38256,1862,True
38257,2549,True
38258,2412,False
38259,3051,False
38260,3281,False
38261,1049,True
38262,3326,True
38263,2213,False
38264,2870,False
38265,3130,False
38266,2676,True
38267,1736,True
38268,2726,False
38269,2158,False
38270,2413,True
38271,2585,True
38272,1617,False
38273,2570,False
38274,2071,True
38275,1918,True
38276,1899,False
38277,1392,True
38278,2527,True
38279,2543,True
38280,3438,True
38281,2500,True
38282,2617,False
38283,2441,False
38284,3040,False
38285,2158,True
38286,2169,True
38287,2043,False
38288,2163,True
38289,3870,False
38290,2890,False
38291,1999,True
38292,2345,True
38293,3597,False
38294,1719,False
38295,2494,True
38296,2375,False
38297,4037,False
38298,1784,True
38299,2491,True
38300,2009,False
38301,2692,False
38302,2256,True
38303,2741,True
38304,2103,False
38305,2568,True
38306,1450,True
38307,2655,True
38308,2552,True
38309,3496,True
38310,3748,False
38311,2257,False
38312,2688,True
38313,2850,False
38314,3183,False
38315,2517,True
38316,3173,False
38317,3496,False
38318,2598,True
38319,2577,True
38320,2544,True
38321,1770,False
38322,1384,False
38323,2087,True
38324,2417,True
38325,3362,True
38326,3008,False
38327,2281,True
38328,2800,True
38329,2384,True
38330,3067,False
38331,3408,False
38332,2219,False
38333,2808,False
38334,1808,True
38335,2750,True
38336,1980,True
38337,1981,True
38338,1584,True
38339,2873,True
38340,2744,True
38341,2408,True
38342,3242,True
38343,1970,False
38344,3139,True
38345,2508,False
38346,1786,False
38347,3019,False
38348,2014,True
38349,2040,True
38350,3649,True
38351,2778,True
38352,2797,False
38353,2948,False
38354,1532,True
38355,2423,False
38356,2467,True
38357,2511,True
38358,1795,True
38359,2177,True
38360,3437,True
38361,2009,True
38362,2990,True
38363,2781,True
38364,2481,False
38365,2576,True
38366,2169,True
38367,3784,False
38368,2372,False
38369,2388,True
38370,2507,False
38371,2470,False
38372,2787,True
38373,3868,True
38374,1972,False
38375,2943,False
38376,2227,False
38377,2634,True
38378,2702,False
38379,3766,False
38380,2166,False
38381,1873,False
38382,3152,True
38383,2429,True
38384,2326,False
38385,3133,False
38386,2008,False
38387,3230,False
38388,3889,False
38389,3187,True
38390,3152,True
38391,2719,False
38392,2398,True
38393,1791,False
38394,2363,False
38395,2966,False
38396,1678,False
38397,2312,True
38398,2569,True
38399,1486,True
38400,2208,False
38401,2095,False
38402,1736,False
38403,2437,True
38404,2831,True
38405,4727,False
38406,2947,False
38407,1949,True
38408,2128,True
38409,2644,True
38410,2270,True
38411,2950,False
38412,2852,False
38413,2730,False
38414,1864,False
38415,1969,True
38416,3017,False
38417,2671,True
38418,2539,True
38419,2013,True
38420,1981,True
38421,3113,True
38422,2761,True
38423,2101,True
38424,1847,True
38425,2990,True
38426,1409,True
38427,2906,False
38428,2482,False
38429,1823,True
38430,1994,True
38431,3620,False
38432,2204,True
38433,2179,False
38434,3030,True
38435,1924,False
38436,3141,True
38437,2458,False
38438,3602,True
38439,2472,False
38440,2505,False
38441,2220,True
38442,1587,True
38443,2207,True
38444,2522,False
38445,3466,True
38446,1980,False
38447,2832,False
38448,2784,True
38449,2369,False
38450,2812,True
38451,2475,False
38452,2617,False
38453,2265,True
38454,3145,True
38455,2208,False
38456,3347,False
38457,3718,False
38458,3300,True
38459,286,True
38460,2030,False
38461,3398,False
38462,3178,False
38463,1932,False
38464,2551,True
38465,3034,True
38466,1676,True
38467,2194,True
38468,2858,True
38469,2179,False
38470,1937,True
38471,2833,True
38472,2547,True
38473,2042,True
38474,2936,False
38475,3704,True
38476,1655,True
38477,2490,False
38478,3178,True
38479,2343,False
38480,1586,False
38481,3714,True
38482,3364,False
38483,3449,True
38484,2691,True
38485,1453,False
38486,4170,True
38487,2001,True
38488,1850,False
38489,3261,True
38490,3311,False
38491,4267,True
38492,2038,True
38493,2855,False
38494,1653,True
38495,2648,False
38496,2331,False
38497,3528,False
38498,2642,True
38499,2248,True
38500,2052,False
38501,2409,False
38502,2347,True
38503,3772,True
38504,1628,True
38505,2229,True
38506,2634,True
38507,2741,False
38508,2029,False
38509,1977,True
38510,2286,True
38511,2914,True
38512,2371,True
38513,3425,False
38514,2234,False
38515,3892,True
38516,2134,True
38517,1507,True
38518,2215,False
38519,4049,False
38520,2668,True
38521,1977,True
38522,1817,True
38523,2248,False
38524,2719,True
38525,3297,False
38526,3389,False
38527,3070,False
38528,2678,False
38529,2103,True
38530,1856,True
38531,2381,False
38532,2398,True
38533,1762,False
38534,2172,True
38535,2344,False
38536,2154,False
38537,2287,False
38538,3676,False
38539,2472,False
38540,2951,False
38541,2847,True
38542,2330,True
38543,2757,True
38544,2460,False
38545,2296,True
38546,2676,True
38547,2139,False
38548,3416,False
38549,3326,True
38550,2238,False
38551,3014,False
38552,2758,True
38553,1949,True
38554,2372,False
38555,2655,False
38556,3335,True
38557,2095,True
38558,1690,False
38559,2438,True
38560,1722,False
38561,2413,True
38562,3339,True
38563,2829,False
38564,1824,False
38565,1821,True
38566,2458,True
38567,2347,False
38568,1798,True
38569,2098,True
38570,2531,True
38571,2614,True
38572,2623,False
38573,2678,False
38574,2150,False
38575,2435,True
38576,2107,True
38577,2204,False
38578,2994,True
38579,2124,False
38580,1593,False
38581,2501,True
38582,2102,True
38583,2310,True
38584,2097,False
38585,3125,True
38586,3427,True
38587,2447,True
38588,2984,False
38589,3367,False
38590,2563,False
38591,2753,True
38592,1255,True
38593,3222,True
38594,2544,False
38595,2941,False
38596,2609,True
38597,2507,False
38598,2444,True
38599,1773,True
38600,2085,True
38601,2317,False
38602,1806,False
38603,1735,False
38604,2875,False
38605,1779,True
38606,1231,False
38607,2270,True
38608,2160,False
38609,2187,False
38610,2102,True
38611,2691,True
38612,2940,False
38613,2680,True
38614,2906,True
38615,2238,False
38616,3075,False
38617,2796,False
38618,1898,True
38619,2109,False
38620,2098,True
38621,2549,False
38622,3080,False
38623,3736,False
38624,2071,True
38625,3279,True
38626,3057,True
38627,3217,False
38628,2867,False
38629,1968,False
38630,1979,False
38631,2132,True
38632,2090,False
38633,2242,True
38634,2833,False
38635,1940,False
38636,3291,False
38637,2205,True
38638,2823,False
38639,2093,False
38640,3288,True
38641,2190,True
38642,3105,True
38643,2075,True
38644,3623,False
38645,1478,True
38646,2053,True
38647,1972,True
38648,2580,False
38649,3088,False
38650,2464,True
38651,1971,True
38652,2214,False
38653,2596,False
38654,2038,True
38655,2395,False
38656,1793,False
38657,1739,True
38658,2074,False
38659,1439,True
38660,3518,False
38661,2179,True
38662,2428,True
38663,2756,True
38664,2941,False
38665,2531,True
38666,3807,False
38667,3840,False
38668,1966,True
38669,3245,True
38670,2524,False
38671,2705,True
38672,2281,True
38673,789,False
38674,1991,False
38675,3888,False
38676,2262,True
38677,3734,False
38678,3566,True
38679,2027,False
38680,2633,True
38681,2036,False
38682,2606,False
38683,3587,True
38684,2220,True
38685,2371,True
38686,4452,False
38687,2909,True
38688,3055,False
38689,2619,False
38690,2936,True
38691,2503,False
38692,2021,True
38693,1774,False
38694,2753,True
38695,2238,True
38696,2517,False
38697,3502,True
38698,2400,False
38699,3175,True
38700,1973,True
38701,2826,False
38702,2758,True
38703,3240,False
38704,2797,True
38705,2395,True
38706,4006,False
38707,1990,False
38708,1711,True
38709,2902,True
38710,2553,True
38711,3613,True
38712,2568,False
38713,2115,True
38714,1972,True
38715,1706,False
38716,2868,False
38717,2306,False
38718,2159,False
38719,3464,False
38720,2549,False
38721,1864,True
38722,4098,True
38723,2401,False
38724,3674,True
38725,1805,True
38726,2211,True
38727,2792,True
38728,2311,False
38729,1958,True
38730,2204,False
38731,1872,True
38732,2146,True
38733,3215,True
38734,2367,True
38735,1836,True
38736,3170,True
38737,3207,True
38738,1944,True
38739,2114,True
38740,3346,False
38741,2757,False
38742,2127,True
38743,3960,True
38744,4546,True
38745,2986,True
38746,2459,False
38747,2090,True
38748,1580,False
38749,3460,False
38750,2910,False
38751,2415,False
38752,1564,False
38753,2211,True
38754,3536,True
38755,2125,True
38756,2922,False
38757,2072,False
38758,3294,False
38759,2129,True
38760,2629,False
38761,2344,True
38762,2938,True
38763,1528,True
38764,1716,False
38765,2215,True
38766,2618,False
38767,2129,False
38768,2827,True
38769,2877,False
38770,2081,True
38771,2440,True
38772,2402,True
38773,2091,False
38774,2429,True
38775,2017,False
38776,2681,False
38777,1763,True
38778,2818,False
38779,2004,True
38780,2402,True
38781,1962,True
38782,1871,True
38783,1997,False
38784,4620,True
38785,2278,False
38786,2450,False
38787,2775,False
38788,3195,True
38789,1945,True
38790,1918,True
38791,1701,False
38792,2553,True
38793,2061,False
38794,2700,True
38795,2111,True
38796,1644,True
38797,1521,True
38798,1783,True
38799,2377,False
38800,2222,False
38801,2120,False
38802,2609,True
38803,2121,False
38804,2627,False
38805,2229,True
38806,2389,False
38807,3628,True
38808,2192,False
38809,2864,False
38810,2201,False
38811,2110,True
38812,2053,False
38813,2546,True
38814,1762,True
38815,2859,False
38816,2479,True
38817,3535,True
38818,1832,False
38819,1573,False
38820,1662,True
38821,2406,True
38822,1882,False
38823,2241,False
38824,1769,False
38825,2061,True
38826,2627,True
38827,1851,True
38828,3260,False
38829,2931,False
38830,1910,True
38831,1846,True
38832,4127,True
38833,3010,False
38834,2287,False
38835,1869,True
38836,2530,True
38837,2160,False
38838,2102,False
38839,2656,False
38840,2504,True
38841,2786,True
38842,3122,False
38843,2579,True
38844,1727,True
38845,3177,False
38846,1663,True
38847,4357,True
38848,1637,False
38849,2635,True
38850,2517,False
38851,1994,True
38852,1892,False
38853,3163,True
38854,3174,False
38855,1862,True
38856,2278,True
38857,2150,False
38858,1461,True
38859,2860,False
38860,2053,True
38861,1056,True
38862,2504,True
38863,2607,False
38864,1708,True
38865,2490,False
38866,2785,False
38867,3048,False
38868,2672,False
38869,2056,True
38870,1365,True
38871,2756,False
38872,1590,False
38873,2780,False
38874,2940,True
38875,2669,True
38876,2371,True
38877,2052,True
38878,2910,True
38879,2718,False
38880,3533,False
38881,3313,True
38882,2447,True
38883,2648,True
38884,2684,True
38885,1899,True
38886,2054,False
38887,2787,False
38888,1764,False
38889,2695,True
38890,1998,False
38891,1990,True
38892,3355,False
38893,2453,False
38894,2998,False
38895,2860,True
38896,2891,False
38897,2281,True
38898,3297,True
38899,2146,False
38900,1613,True
38901,2022,True
38902,2218,False
38903,1951,True
38904,2673,False
38905,2853,False
38906,2552,True
38907,1818,False
38908,2471,False
38909,3225,True
38910,2362,False
38911,2193,True
38912,3052,False
38913,2602,False
38914,1788,True
38915,3288,False
38916,2709,False
38917,2607,False
38918,1827,True
38919,1506,True
38920,2855,False
38921,2170,False
38922,2403,False
38923,2711,True
38924,1927,True
38925,1521,True
38926,3454,False
38927,2577,False
38928,2824,True
38929,2120,True
38930,2717,False
38931,2192,True
38932,3326,False
38933,1053,True
38934,2128,False
38935,2245,True
38936,4245,False
38937,2845,False
38938,3299,True
38939,2538,False
38940,983,True
38941,2681,True
38942,2710,False
38943,2364,True
38944,1724,True
38945,1781,False
38946,2872,True
38947,2627,False
38948,1514,False
38949,1800,False
38950,2909,False
38951,3017,True
38952,2482,False
38953,2098,True
38954,2182,False
38955,2101,False
38956,1394,True
38957,1591,True
38958,2703,True
38959,2513,True
38960,1424,False
38961,2286,True
38962,2368,False
38963,2648,True
38964,2130,False
38965,2543,False
38966,2235,False
38967,3426,False
38968,2665,False
38969,2260,True
38970,2327,False
38971,2807,True
38972,2175,False
38973,2719,True
38974,2377,False
38975,2151,False
38976,3231,False
38977,2324,False
38978,2128,False
38979,2501,False
38980,2847,False
38981,3596,True
38982,3139,False
38983,3218,True
38984,1994,False
38985,2857,True
38986,3311,True
38987,2242,False
38988,3111,False
38989,3366,True
38990,2368,True
38991,3216,True
38992,2585,True
38993,1873,True
38994,2508,True
38995,2508,True
38996,1770,True
38997,2328,False
38998,2539,False
38999,3487,False
39000,1716,False
39001,1408,True
39002,2188,True
39003,3749,False
39004,3570,True
39005,3521,True
39006,1944,True
39007,2621,True
39008,2582,True
39009,3275,False
39010,2520,True
39011,2617,True
39012,2069,False
39013,2167,True
39014,4486,False
39015,2459,False
39016,2181,False
39017,2416,True
39018,1929,False
39019,1979,True
39020,2576,False
39021,2553,False
39022,1767,True
39023,2738,False
39024,1763,False
39025,1792,True
39026,3029,True
39027,4040,False
39028,2918,False
39029,2405,True
39030,2389,True
39031,2253,False
39032,2852,False
39033,1860,False
39034,1963,True
39035,3299,True
39036,2035,False
39037,2280,True
39038,2569,False
39039,2806,True
39040,2013,True
39041,2216,True
39042,3102,False
39043,3961,True
39044,1986,True
39045,2563,True
39046,2319,False
39047,1846,True
39048,2609,False
39049,3102,False
39050,2723,True
39051,2279,True
39052,1751,False
39053,2908,False
39054,3075,True
39055,2353,True
39056,1729,True
39057,3146,False
39058,3072,True
39059,3424,False
39060,2384,True
39061,1999,True
39062,2890,False
39063,2183,False
39064,4076,False
39065,1936,True
39066,2494,True
39067,1691,True
39068,1627,True
39069,2039,True
39070,1851,False
39071,1515,True
39072,3362,False
39073,2291,False
39074,2099,True
39075,1917,False
39076,3527,True
39077,1887,False
39078,3158,False
39079,2949,False
39080,4081,True
39081,3395,True
39082,2809,False
39083,2924,False
39084,3462,False
39085,1735,False
39086,2012,False
39087,2101,False
39088,2140,False
39089,1749,True
39090,2895,True
39091,2753,True
39092,1972,False
39093,3694,True
39094,1987,True
39095,2512,True
39096,3462,False
39097,2791,False
39098,2819,False
39099,3725,False
39100,2389,False
39101,2935,False
39102,2818,False
39103,1606,True
39104,2072,True
39105,3747,False
39106,3086,False
39107,2327,False
39108,2704,True
39109,2567,False
39110,3056,False
39111,2713,False
39112,2013,False
39113,1952,False
39114,2532,False
39115,2898,True
39116,2207,False
39117,4063,False
39118,2160,True
39119,2969,False
39120,3030,False
39121,2834,False
39122,2004,False
39123,2744,False
39124,2567,False
39125,2471,True
39126,2391,True
39127,2731,False
39128,3229,True
39129,3149,True
39130,1750,True
39131,3406,True
39132,2371,False
39133,2378,False
39134,1542,True
39135,2267,False
39136,2014,False
39137,3106,True
39138,1843,False
39139,2119,False
39140,2640,False
39141,2638,True
39142,2845,True
39143,1939,False
39144,3029,True
39145,2480,True
39146,2814,True
39147,1685,True
39148,3242,True
39149,2020,True
39150,2561,False
39151,2668,False
39152,2083,True
39153,1443,True
39154,2578,True
39155,2191,True
39156,1776,True
39157,1876,False
39158,2208,True
39159,2528,False
39160,2916,False
39161,2529,True
39162,1771,True
39163,3694,True
39164,1902,True
39165,2560,False
39166,3674,True
39167,2095,False
39168,2187,True
39169,3303,True
39170,2099,True
39171,3263,True
39172,4329,False
39173,2166,True
39174,1998,True
39175,2668,True
39176,2402,True
39177,1848,False
39178,2506,False
39179,2604,False
39180,1915,True
39181,2641,False
39182,2602,True
39183,2576,False
39184,2031,False
39185,1832,True
39186,3807,False
39187,2277,False
39188,2527,True
39189,2094,True
39190,3502,False
39191,2958,False
39192,2212,True
39193,2602,False
39194,2695,True
39195,1707,True
39196,2403,True
39197,2453,False
39198,3104,True
39199,2768,True
39200,2178,True
39201,3323,False
39202,1579,True
39203,1797,False
39204,2963,False
39205,2687,False
39206,2247,False
39207,2546,True
39208,2283,True
39209,3024,True
39210,2888,False
39211,3123,True
39212,2894,False
39213,2086,False
39214,2841,True
39215,2243,False
39216,4321,False
39217,1741,True
39218,2342,False
39219,2823,False
39220,2581,False
39221,2137,True
39222,2184,False
39223,2173,False
39224,3449,True
39225,2079,True
39226,2526,True
39227,3654,False
39228,3742,False
39229,2373,True
39230,2868,False
39231,2050,True
39232,1720,False
39233,2122,False
39234,2183,False
39235,3268,True
39236,2248,True
39237,1783,True
39238,3316,True
39239,2063,False
39240,1821,False
39241,2396,False
39242,2130,True
39243,2998,True
39244,2090,True
39245,2319,True
39246,2465,False
39247,2980,False
39248,2115,True
39249,1768,True
39250,2724,True
39251,2116,True
39252,3686,False
39253,3328,True
39254,3138,True
39255,2779,False
39256,3615,True
39257,2896,False
39258,2569,False
39259,2753,True
39260,3460,True
39261,2506,False
39262,1804,True
39263,2058,True
39264,2058,False
39265,1654,False
39266,3204,False
39267,2456,False
39268,2100,True
39269,1956,True
39270,2258,False
39271,1999,True
39272,3195,True
39273,1797,False
39274,2047,False
39275,3189,True
39276,4168,True
39277,2005,True
39278,2130,True
39279,3117,False
39280,1831,True
39281,1937,False
39282,2659,False
39283,2730,False
39284,2339,False
39285,3585,False
39286,2570,True
39287,2313,True
39288,2327,False
39289,2695,False
39290,1997,True
39291,2477,False
39292,3736,False
39293,1716,True
39294,2382,False
39295,2489,True
39296,2002,False
39297,3657,True
39298,2721,False
39299,2532,False
39300,3407,True
39301,2217,True
39302,2260,False
39303,2087,True
39304,1307,False
39305,2998,False
39306,2904,False
39307,1998,True
39308,3627,True
39309,3397,True
39310,2614,False
39311,2191,False
39312,3216,False
39313,2503,False
39314,2236,True
39315,1436,True
39316,2023,True
39317,4050,False
39318,3178,False
39319,2977,False
39320,3272,True
39321,2645,False
39322,2604,False
39323,2366,True
39324,2057,False
39325,2733,True
39326,2560,True
39327,2221,False
39328,2502,True
39329,2162,True
39330,2301,True
39331,2463,True
39332,2177,True
39333,3528,False
39334,2260,True
39335,2273,False
39336,1605,False
39337,3033,True
39338,1624,True
39339,957,True
39340,1994,False
39341,1382,True
39342,2340,True
39343,2210,False
39344,3506,True
39345,2832,False
39346,2483,False
39347,2661,False
39348,2565,False
39349,2145,False
39350,2814,False
39351,3021,True
39352,2793,True
39353,2027,False
39354,2181,False
39355,2009,False
39356,3449,False
39357,2885,False
39358,2046,False
39359,3329,True
39360,2725,False
39361,2689,True
39362,2813,True
39363,1100,False
39364,2633,False
39365,2900,True
39366,1989,False
39367,2876,True
39368,3107,False
39369,2335,False
39370,3054,False
39371,2720,True
39372,3213,True
39373,1505,True
39374,1882,True
39375,2398,False
39376,2626,False
39377,2188,False
39378,2574,True
39379,1784,True
39380,2624,False
39381,1934,False
39382,4131,True
39383,3223,True
39384,2571,True
39385,2405,False
39386,1758,True
39387,1857,True
39388,5620,False
39389,2273,True
39390,3528,False
39391,2752,True
39392,2480,False
39393,2887,True
39394,2362,False
39395,2267,False
39396,1648,True
39397,1659,True
39398,1638,False
39399,3103,False
39400,3335,True
39401,3403,False
39402,1811,True
39403,2785,False
39404,2748,False
39405,1718,True
39406,1377,False
39407,2479,False
39408,2018,True
39409,1626,True
39410,2386,True
39411,2878,True
39412,3995,False
39413,1829,False
39414,3650,True
39415,2961,False
39416,2536,True
39417,2095,False
39418,3197,True
39419,2427,False
39420,2280,True
39421,1315,True
39422,1575,True
39423,3200,True
39424,2116,False
39425,2119,True
39426,2616,False
39427,2280,False
39428,2518,True
39429,2645,False
39430,2569,True
39431,1647,True
39432,2561,False
39433,3293,True
39434,2685,False
39435,3409,True
39436,2220,False
39437,2124,True
39438,2371,True
39439,2395,True
39440,2945,True
39441,1498,False
39442,1544,True
39443,2668,False
39444,3166,False
39445,2481,False
39446,2269,False
39447,1546,True
39448,2002,False
39449,1904,False
39450,2018,True
39451,3286,False
39452,2543,False
39453,1896,True
39454,2635,False
39455,2299,True
39456,3882,True
39457,2029,True
39458,2871,False
39459,2658,False
39460,2060,False
39461,2516,True
39462,1960,False
39463,2378,False
39464,3631,True
39465,3298,False
39466,3081,False
39467,2910,True
39468,1991,True
39469,2989,False
39470,2113,False
39471,3036,False
39472,2479,False
39473,2072,False
39474,2895,True
39475,3531,False
39476,2166,False
39477,3092,True
39478,1746,True
39479,2405,False
39480,1945,True
39481,3589,False
39482,2786,True
39483,2528,True
39484,2481,True
39485,3721,True
39486,1702,False
39487,1594,False
39488,2065,False
39489,2657,False
39490,3101,False
39491,3030,False
39492,1587,True
39493,1404,True
39494,3239,True
39495,2485,False
39496,2698,True
39497,4607,True
39498,2092,True
39499,2858,False
39500,2957,False
39501,2836,False
39502,2873,True
39503,3943,False
39504,2274,True
39505,1805,True
39506,3983,False
39507,3767,False
39508,2896,True
39509,2395,False
39510,3029,True
39511,2654,False
39512,1726,True
39513,2169,True
39514,4505,False
39515,3266,True
39516,2245,True
39517,1861,True
39518,3308,True
39519,2393,True
39520,2088,False
39521,2153,True
39522,2965,True
39523,2466,False
39524,2247,True
39525,4247,False
39526,2568,True
39527,2752,False
39528,1853,True
39529,2615,True
39530,2899,True
39531,2244,False
39532,2209,False
39533,2960,True
39534,2630,False
39535,1520,True
39536,3931,True
39537,1963,True
39538,2819,True
39539,2639,False
39540,2027,False
39541,2352,False
39542,2023,False
39543,1795,True
39544,2178,False
39545,2473,False
39546,2294,False
39547,2853,True
39548,3423,False
39549,2634,True
39550,2090,False
39551,2882,False
39552,3017,True
39553,1534,True
39554,1939,False
39555,2154,True
39556,2574,True
39557,1528,True
39558,4087,True
39559,2829,False
39560,2621,True
39561,3414,True
39562,2533,False
39563,3625,True
39564,1647,False
39565,2910,False
39566,2097,False
39567,3444,False
39568,1658,True
39569,3069,False
39570,1496,False
39571,3365,False
39572,2330,False
39573,2907,False
39574,2249,False
39575,3001,True
39576,3179,False
39577,2147,True
39578,2546,False
39579,3070,False
39580,2720,False
39581,2371,True
39582,3723,False
39583,1632,True
39584,2017,True
39585,2727,True
39586,2148,False
39587,1939,True
39588,1736,False
39589,2780,False
39590,2503,True
39591,1925,True
39592,2969,True
39593,1281,True
39594,2197,True
39595,1880,False
39596,2869,False
39597,2359,False
39598,2246,True
39599,2601,False
39600,1503,True
39601,2199,False
39602,2626,True
39603,1923,True
39604,2747,True
39605,2646,True
39606,2796,False
39607,1969,False
39608,2747,True
39609,1803,False
39610,2417,False
39611,2645,True
39612,1377,True
39613,2108,True
39614,2976,False
39615,2048,True
39616,2361,False
39617,1737,False
39618,3847,False
39619,2523,True
39620,2549,True
39621,2769,False
39622,1916,True
39623,2406,True
39624,3027,True
39625,2298,False
39626,1262,True
39627,2430,True
39628,2451,False
39629,2359,True
39630,2085,True
39631,3063,True
39632,2386,True
39633,2351,False
39634,3007,True
39635,4218,True
39636,1875,True
39637,2405,True
39638,2909,False
39639,2167,True
39640,3201,False
39641,2013,True
39642,2110,False
39643,1955,False
39644,3368,False
39645,3197,True
39646,2352,True
39647,1782,False
39648,1943,False
39649,2126,True
39650,2965,False
39651,2520,True
39652,2982,True
39653,1901,False
39654,2772,False
39655,2359,True
39656,1673,True
39657,1950,True
39658,2462,True
39659,2132,True
39660,2544,True
39661,2076,True
39662,3505,True
39663,2137,True
39664,1690,True
39665,1803,True
39666,2648,True
39667,2579,True
39668,2259,False
39669,2396,True
39670,2435,False
39671,1903,True
39672,1953,True
39673,2706,True
39674,2750,False
39675,1944,True
39676,2066,False
39677,3094,False
39678,2465,True
39679,2006,True
39680,1719,True
39681,1965,True
39682,1866,False
39683,2865,False
39684,2218,False
39685,2279,True
39686,1992,False
39687,2027,False
39688,1902,True
39689,2017,True
39690,2811,False
39691,2272,True
39692,2156,True
39693,3436,False
39694,3328,False
39695,2433,True
39696,2506,False
39697,2621,False
39698,1856,True
39699,2149,True
39700,2227,False
39701,3636,True
39702,3166,False
39703,2646,False
39704,2331,False
39705,2680,False
39706,1800,True
39707,2011,False
39708,2690,True
39709,3889,True
39710,2158,False
39711,1945,True
39712,3022,False
39713,2185,False
39714,2256,False
39715,2016,True
39716,3129,False
39717,3089,True
39718,2282,False
39719,2645,False
39720,2478,False
39721,2358,True
39722,2919,True
39723,4224,False
39724,3424,False
39725,2644,True
39726,2152,False
39727,2652,False
39728,2802,True
39729,2212,False
39730,2158,True
39731,2161,True
39732,2059,False
39733,1820,True
39734,1941,False
39735,2427,False
39736,1975,False
39737,1776,True
39738,1752,True
39739,2194,True
39740,1988,True
39741,2254,False
39742,3775,True
39743,1769,True
39744,2032,False
39745,2922,True
39746,2114,False
39747,1700,True
39748,3251,True
39749,2414,True
39750,2452,False
39751,2347,False
39752,2673,False
39753,2890,True
39754,2908,True
39755,1890,True
39756,2881,False
39757,2605,False
39758,2612,True
39759,1929,True
39760,2424,False
39761,3087,True
39762,1644,False
39763,1959,True
39764,1548,True
39765,2478,True
39766,2581,False
39767,4699,True
39768,1963,False
39769,1984,False
39770,1871,True
39771,2321,True
39772,2812,True
39773,3115,True
39774,2871,False
39775,3051,False
39776,3219,True
39777,1999,True
39778,2281,False
39779,2335,False
39780,2154,False
39781,2962,False
39782,2688,False
39783,2277,True
39784,2603,False
39785,2754,True
39786,1658,True
39787,2097,False
39788,1807,False
39789,2010,True
39790,3066,True
39791,2519,True
39792,1618,False
39793,2228,False
39794,2887,False
39795,1757,True
39796,2879,False
39797,2976,True
39798,2379,True
39799,2770,True
39800,2411,True
39801,1798,True
39802,2483,False
39803,1522,False
39804,3215,False
39805,1406,True
39806,2509,True
39807,2864,True
39808,1586,True
39809,1818,False
39810,3198,False
39811,3266,True
39812,2081,False
39813,2213,False
39814,1908,False
39815,2974,False
39816,3046,False
39817,3580,False
39818,2881,False
39819,2189,False
39820,3030,False
39821,3538,True
39822,2398,False
39823,2726,True
39824,2312,True
39825,3508,False
39826,2780,False
39827,3447,False
39828,2902,False
39829,1706,False
39830,3366,False
39831,2950,True
39832,3954,True
39833,3198,True
39834,1120,True
39835,1342,False
39836,1883,True
39837,1148,True
39838,2396,True
39839,2136,True
39840,2163,False
39841,2907,False
39842,3272,False
39843,1736,False
39844,2501,True
39845,3188,True
39846,2762,False
39847,1914,True
39848,1867,False
39849,1855,False
39850,2201,True
39851,3702,False
39852,2647,True
39853,2772,True
39854,2789,True
39855,1922,True
39856,2441,True
39857,1874,True
39858,2569,False
39859,2274,True
39860,2011,False
39861,3825,True
39862,1930,True
39863,2850,True
39864,2510,True
39865,1792,False
39866,2441,False
39867,2972,True
39868,1987,False
39869,2841,True
39870,2232,False
39871,3175,False
39872,2618,False
39873,2754,False
39874,2689,False
39875,2066,False
39876,2220,True
39877,3012,True
39878,2335,False
39879,1867,True
39880,3212,True
39881,2926,False
39882,2049,True
39883,2985,False
39884,1719,False
39885,2048,True
39886,2303,False
39887,1802,True
39888,2472,True
39889,3064,False
39890,2402,True
39891,2342,False
39892,2700,True
39893,2763,False
39894,2866,False
39895,1970,False
39896,2355,True
39897,2277,True
39898,2808,False
39899,2683,False
39900,3267,False
39901,1742,True
39902,1801,True
39903,1061,True
39904,2073,False
39905,2810,True
39906,2193,True
39907,2182,True
39908,2450,False
39909,1948,True
39910,1708,False
39911,2656,True
39912,1796,True
39913,3120,True
39914,2903,True
39915,1467,False
39916,1691,False
39917,1960,True
39918,2516,False
39919,3045,False
39920,2436,False
39921,3001,False
39922,2231,True
39923,3317,True
39924,2264,True
39925,3514,True
39926,2496,True
39927,1796,True
39928,3173,True
39929,2586,True
39930,2363,False
39931,2561,True
39932,2774,True
39933,2248,True
39934,2351,True
39935,2262,True
39936,2844,False
39937,2958,True
39938,1647,True
39939,2745,False
39940,2424,True
39941,2687,False
39942,2769,True
39943,2368,True
39944,2439,False
39945,2545,True
39946,1699,False
39947,2119,False
39948,2270,True
39949,2511,False
39950,1193,True
39951,2001,True
39952,2984,False
39953,3604,False
39954,1801,True
39955,2334,False
39956,2787,True
39957,3393,True
39958,2051,True
39959,2258,False
39960,1903,True
39961,2542,True
39962,1595,True
39963,3032,False
39964,2203,False
39965,2047,True
39966,2961,False
39967,2594,False
39968,3630,False
39969,3428,True
39970,2205,True
39971,1288,True
39972,2433,True
39973,2792,True
39974,2417,False
39975,2625,False
39976,2755,False
39977,2070,False
39978,1825,False
39979,2286,True
39980,2426,True
39981,3524,False
39982,1631,True
39983,3522,False
39984,1771,True
39985,2002,True
39986,2425,False
39987,3409,True
39988,2162,False
39989,2388,False
39990,2669,False
39991,3027,False
39992,3742,False
39993,2784,True
39994,2166,True
39995,2782,False
39996,2634,False
39997,2358,True
39998,2231,True
39999,2519,True
40000,2306,True
40001,2790,True
40002,2041,True
40003,4034,True
40004,2730,False
40005,2261,False
40006,2408,True
40007,1725,False
40008,3103,True
40009,2214,False
40010,3945,False
40011,2595,True
40012,2945,True
40013,2004,False
40014,2848,False
40015,2567,False
40016,1879,True
40017,2757,False
40018,2826,True
40019,3262,False
40020,3562,True
40021,2426,False
40022,1913,True
40023,2525,True
40024,3049,False
40025,3321,True
40026,1733,False
40027,2571,False
40028,2861,True
40029,1363,True
40030,1418,True
40031,3141,False
40032,1991,True
40033,1757,False
40034,2776,False
40035,1467,True
40036,2197,False
40037,2605,False
40038,2993,False
40039,1630,False
40040,1945,False
40041,2192,True
40042,1869,True
40043,2257,True
40044,2047,True
40045,2279,False
40046,2367,False
40047,1994,False
40048,1314,True
40049,3493,False
40050,3212,False
40051,2145,False
40052,2230,False
40053,2650,True
40054,2230,True
40055,2190,True
40056,2668,True
40057,2179,True
40058,2642,True
40059,1870,True
40060,1475,True
40061,1777,True
40062,2786,True
40063,2131,False
40064,2424,True
40065,2427,True
40066,2063,False
40067,2454,True
40068,2384,True
40069,2131,True
40070,2544,False
40071,2200,True
40072,3872,True
40073,2250,False
40074,1552,True
40075,2689,True
40076,2178,True
40077,2301,False
40078,2155,False
40079,2722,True
40080,2965,True
40081,3214,False
40082,2568,False
40083,2166,False
40084,2447,False
40085,1314,False
40086,4129,True
40087,3583,True
40088,2225,False
40089,2759,True
40090,2475,True
40091,2451,False
40092,1394,True
40093,2291,True
40094,2022,True
40095,3604,True
40096,1771,True
40097,2186,True
40098,3232,False
40099,2490,False
40100,2492,False
40101,3211,True
40102,2894,False
40103,1435,True
40104,2308,False
40105,2641,True
40106,2458,False
40107,3069,False
40108,1692,False
40109,1991,True
40110,1526,False
40111,2446,True
40112,1821,True
40113,1742,True
40114,2017,False
40115,2889,False
40116,2059,True
40117,2411,False
40118,1665,True
40119,2425,False
40120,2052,True
40121,1636,True
40122,2256,True
40123,2868,False
40124,3854,True
40125,3519,True
40126,2682,False
40127,2782,True
40128,2859,True
40129,1915,False
40130,3444,True
40131,1975,True
40132,4452,False
40133,3962,False
40134,2784,False
40135,2353,True
40136,1155,False
40137,3225,True
40138,1997,False
40139,2920,True
40140,2892,False
40141,1992,True
40142,3320,True
40143,2042,False
40144,3072,False
40145,2356,True
40146,2667,False
40147,2968,False
40148,3152,False
40149,2606,True
40150,2608,True
40151,1961,False
40152,3940,True
40153,2977,False
40154,2761,False
40155,2209,False
40156,1778,True
40157,2582,True
40158,1848,False
40159,3837,True
40160,2589,False
40161,4225,False
40162,2843,True
40163,1634,True
40164,2512,True
40165,2444,False
40166,4002,True
40167,1915,False
40168,2504,False
40169,2340,True
40170,2436,True
40171,2148,True
40172,3222,False
40173,3685,True
40174,4067,False
40175,3317,True
40176,3718,False
40177,2162,True
40178,2986,False
40179,1941,True
40180,2549,False
40181,2249,False
40182,2001,True
40183,1790,True
40184,3093,False
40185,1625,True
40186,3087,True
40187,3170,False
40188,2100,True
40189,2564,False
40190,2279,True
40191,1993,True
40192,2002,False
40193,1831,True
40194,1967,True
40195,2320,False
40196,2060,True
40197,1865,False
40198,2389,False
40199,2649,True
40200,1970,True
40201,2022,False
40202,1360,True
40203,2732,True
40204,1851,False
40205,2433,False
40206,3004,False
40207,3148,False
40208,4272,True
40209,3483,False
40210,3168,True
40211,3050,False
40212,3175,False
40213,2528,False
40214,2585,False
40215,2921,True
40216,3143,True
40217,2383,False
40218,3393,False
40219,2302,True
40220,2551,True
40221,2962,True
40222,2555,False
40223,2729,False
40224,1562,True
40225,2783,False
40226,3104,True
40227,2659,False
40228,2596,True
40229,2328,True
40230,1852,False
40231,2242,True
40232,3256,False
40233,2989,True
40234,2331,False
40235,3629,True
40236,1901,False
40237,2617,True
40238,1534,True
40239,2161,True
40240,2261,True
40241,1989,True
40242,2773,False
40243,2031,True
40244,3426,False
40245,2551,True
40246,1158,True
40247,1808,True
40248,2552,True
40249,2610,True
40250,1531,True
40251,2244,False
40252,2786,True
40253,2478,False
40254,2329,True
40255,3482,False
40256,1711,False
40257,3565,False
40258,2126,True
40259,1370,True
40260,2487,False
40261,2451,False
40262,3932,True
40263,1837,False
40264,1233,False
40265,2626,False
40266,2182,False
40267,2187,False
40268,2147,False
40269,2119,False
40270,1763,False
40271,2138,False
40272,1952,True
40273,2936,True
40274,3239,True
40275,1962,True
40276,1748,True
40277,738,True
40278,2151,True
40279,2788,True
40280,1945,False
40281,2640,False
40282,2481,False
40283,2880,False
40284,3668,False
40285,3182,True
40286,2805,True
40287,2111,True
40288,2639,False
40289,2587,False
40290,2103,True
40291,2778,False
40292,2958,False
40293,2418,True
40294,1606,True
40295,2310,False
40296,2384,True
40297,1979,True
40298,3892,False
40299,2567,True
40300,2639,True
40301,2662,False
40302,1371,True
40303,2938,False
40304,2369,False
40305,2405,True
40306,3446,True
40307,2198,True
40308,4242,False
40309,2791,True
40310,2961,False
40311,2299,False
40312,2629,True
40313,1848,False
40314,1923,False
40315,2220,False
40316,3240,True
40317,2284,False
40318,2966,False
40319,1942,False
40320,2681,False
40321,2275,True
40322,3088,True
40323,2061,False
40324,2608,False
40325,2109,True
40326,2051,True
40327,1641,True
40328,1837,True
40329,2395,True
40330,2199,False
40331,1472,False
40332,2877,True
40333,3261,False
40334,1807,True
40335,1222,True
40336,2017,True
40337,2446,False
40338,1419,False
40339,2261,True
40340,3351,False
40341,3536,False
40342,1884,True
40343,1888,False
40344,2289,True
40345,2340,False
40346,1724,True
40347,2090,True
40348,1855,False
40349,2051,True
40350,1869,False
40351,2396,False
40352,1989,True
40353,1938,False
40354,1965,False
40355,2410,True
40356,2105,True
40357,2222,True
40358,3562,True
40359,3187,False
40360,2747,False
40361,3626,False
40362,2052,True
40363,2503,True
40364,2564,False
40365,2166,True
40366,2458,False
40367,2730,False
40368,2751,True
40369,3279,True
40370,2914,True
40371,2558,True
40372,2398,False
40373,2120,True
40374,2109,True
40375,4209,False
40376,2186,True
40377,1912,False
40378,3189,False
40379,2347,True
40380,2353,True
40381,2144,False
40382,2898,False
40383,2065,True
40384,1995,True
40385,3237,False
40386,1713,False
40387,2796,True
40388,2541,False
40389,4160,False
40390,1923,False
40391,1283,True
40392,2875,False
40393,2775,False
40394,2394,True
40395,2811,True
40396,1771,False
40397,2408,False
40398,3552,True
40399,4363,False
40400,2470,True
40401,1625,True
40402,2010,True
40403,1587,False
40404,1891,True
40405,2869,False
40406,1040,False
40407,1773,True
40408,1814,True
40409,2230,False
40410,2224,False
40411,4008,False
40412,1903,True
40413,3433,True
40414,2738,True
40415,2641,True
40416,2469,True
40417,1972,True
40418,1563,True
40419,1973,True
40420,2112,True
40421,2838,False
40422,1849,True
40423,2756,True
40424,3072,True
40425,2037,True
40426,1716,True
40427,1105,False
40428,2167,True
40429,3202,False
40430,1162,True
40431,2739,True
40432,3637,False
40433,2264,True
40434,1785,True
40435,2487,False
40436,2715,True
40437,2514,False
40438,2898,False
40439,2670,True
40440,3408,False
40441,1823,False
40442,1540,True
40443,3154,False
40444,1434,False
40445,1788,True
40446,2078,True
40447,2078,False
40448,2060,False
40449,2491,True
40450,2393,True
40451,2120,True
40452,1923,True
40453,3231,False
40454,1576,False
40455,1719,True
40456,2786,False
40457,2083,False
40458,2386,False
40459,3299,True
40460,2564,True
40461,1045,False
40462,2571,False
40463,2237,True
40464,2524,True
40465,2830,True
40466,2761,False
40467,2319,False
40468,2862,False
40469,3379,True
40470,2609,True
40471,2626,False
40472,3253,True
40473,2415,True
40474,2715,True
40475,2883,False
40476,1628,False
40477,2896,False
40478,2267,True
40479,2493,True
40480,2894,True
40481,2288,True
40482,2531,True
40483,2242,False
40484,2101,True
40485,2533,False
40486,3150,True
40487,1595,True
40488,1862,False
40489,1629,True
40490,993,False
40491,2470,True
40492,1862,False
40493,1905,False
40494,3631,True
40495,3548,False
40496,2789,False
40497,3127,False
40498,912,True
40499,3197,True
40500,2580,False
40501,1214,False
40502,2555,False
40503,3209,True
40504,2270,True
40505,1570,True
40506,1826,True
40507,3506,True
40508,2102,False
40509,1951,False
40510,2260,False
40511,1729,False
40512,2749,False
40513,2413,False
40514,2150,True
40515,3303,True
40516,2375,True
40517,2447,False
40518,2392,True
40519,3293,True
40520,2478,False
40521,2333,False
40522,2946,True
40523,2949,False
40524,2449,False
40525,1055,False
40526,2787,False
40527,2036,True
40528,1730,False
40529,1589,False
40530,1145,True
40531,2431,False
40532,3138,False
40533,2336,False
40534,2620,True
40535,2198,False
40536,2603,True
40537,2702,False
40538,1511,True
40539,2600,False
40540,3019,False
40541,1957,False
40542,1935,True
40543,1574,True
40544,2434,False
40545,2915,False
40546,1868,False
40547,3706,True
40548,3625,False
40549,1846,True
40550,1568,True
40551,2104,True
40552,2512,True
40553,2272,False
40554,3119,True
40555,1579,True
40556,2509,True
40557,2417,False
40558,2699,False
40559,2743,True
40560,3242,False
40561,1679,True
40562,2945,True
40563,2155,False
40564,2378,True
40565,2276,True
40566,2895,False
40567,1315,True
40568,2437,True
40569,2689,False
40570,2610,True
40571,2210,False
40572,1803,True
40573,2547,False
40574,2319,False
40575,1796,True
40576,2202,True
40577,1479,True
40578,3064,True
40579,2562,False
40580,2180,False
40581,2429,True
40582,1798,False
40583,1921,False
40584,1998,False
40585,3035,False
40586,1928,True
40587,2506,False
40588,1935,False
40589,2866,False
40590,1413,True
40591,2197,False
40592,2034,False
40593,2906,True
40594,1809,False
40595,2460,True
40596,2203,False
40597,1547,True
40598,3192,True
40599,3063,True
40600,2472,False
40601,2228,True
40602,2336,False
40603,2913,True
40604,1942,True
40605,2310,True
40606,3032,False
40607,2645,True
40608,3166,False
40609,2871,False
40610,2908,True
40611,2251,False
40612,1438,True
40613,2030,True
40614,2264,True
40615,2267,True
40616,2822,False
40617,2402,False
40618,2049,True
40619,1944,True
40620,3165,True
40621,2406,False
40622,2255,False
40623,2447,False
40624,3785,False
40625,2783,False
40626,1653,True
40627,2958,False
40628,3110,False
40629,3004,True
40630,2448,False
40631,3390,True
40632,1602,True
40633,1731,False
40634,1916,True
40635,2478,False
40636,3827,True
40637,1947,True
40638,3661,True
40639,3332,True
40640,3072,False
40641,1969,True
40642,2011,True
40643,2583,True
40644,2044,True
40645,3282,False
40646,1520,False
40647,2175,True
40648,1572,True
40649,3289,False
40650,2166,False
40651,2332,True
40652,2004,False
40653,2332,False
40654,3241,True
40655,2240,True
40656,1772,False
40657,2421,True
40658,3385,False
40659,2731,True
40660,2556,True
40661,2701,False
40662,3059,False
40663,2015,False
40664,1826,True
40665,2030,False
40666,2803,False
40667,2799,True
40668,2332,True
40669,2351,False
40670,2351,False
40671,2524,True
40672,1350,True
40673,2984,True
40674,2517,True
40675,1580,False
40676,3592,False
40677,1809,False
40678,2902,False
40679,2510,False
40680,3032,True
40681,3059,True
40682,2965,True
40683,2786,True
40684,2520,False
40685,2133,False
40686,2442,False
40687,1166,False
40688,2727,False
40689,2401,True
40690,3024,False
40691,3806,True
40692,1894,True
40693,2774,False
40694,1684,True
40695,2965,True
40696,2916,True
40697,1644,True
40698,2664,False
40699,2178,True
40700,4119,True
40701,2860,False
40702,2601,True
40703,2702,False
40704,1988,False
40705,2053,True
40706,3164,True
40707,2655,True
40708,2032,True
40709,2878,False
40710,2056,True
40711,1698,False
40712,3743,True
40713,3360,False
40714,2397,False
40715,1831,True
40716,1975,False
40717,2427,True
40718,2101,True
40719,2240,True
40720,1679,False
40721,2133,True
40722,3117,True
40723,2512,False
40724,3240,False
40725,3158,False
40726,2088,True
40727,2221,False
40728,2338,True
40729,2892,False
40730,2750,False
40731,2693,True
40732,1876,True
40733,4342,True
40734,1969,False
40735,2532,False
40736,2420,False
40737,2000,True
40738,2618,False
40739,2373,False
40740,3329,False
40741,4209,True
40742,1755,False
40743,3232,True
40744,2724,False
40745,1702,False
40746,3317,True
40747,2653,False
40748,3724,True
40749,2277,False
40750,1534,False
40751,1537,False
40752,2562,True
40753,3344,False
40754,1760,True
40755,3255,True
40756,2063,True
40757,3289,True
40758,1969,True
40759,2448,True
40760,2808,True
40761,1858,True
40762,1968,True
40763,2545,True
40764,2673,True
40765,1979,True
40766,3355,False
40767,4135,False
40768,3010,True
40769,2539,False
40770,2009,False
40771,2027,False
40772,3256,True
40773,1934,False
40774,2983,True
40775,1965,True
40776,2420,True
40777,2586,False
40778,3036,True
40779,1692,False
40780,2138,True
40781,2252,True
40782,2620,False
40783,2157,True
40784,3282,False
40785,2264,False
40786,2272,True
40787,3381,False
40788,2347,False
40789,2604,False
40790,2825,False
40791,3779,True
40792,2938,False
40793,1781,False
40794,1641,True
40795,2260,False
40796,1622,True
40797,1785,False
40798,1529,True
40799,2464,False
40800,1825,False
40801,2358,False
40802,1715,False
40803,2200,False
40804,1960,False
40805,2402,False
40806,1974,True
40807,3485,False
40808,3848,True
40809,3433,True
40810,3181,False
40811,2554,False
40812,2895,True
40813,2793,True
40814,2526,False
40815,2792,False
40816,1961,False
40817,2391,False
40818,2333,False
40819,2308,True
40820,1619,True
40821,2595,False
40822,2817,False
40823,2169,False
40824,4537,False
40825,2660,False
40826,2167,False
40827,1953,True
40828,1104,True
40829,2310,True
40830,2850,False
40831,1821,True
40832,2203,True
40833,3095,False
40834,1553,True
40835,2058,False
40836,1955,True
40837,2384,False
40838,2191,True
40839,1898,False
40840,2626,False
40841,2819,False
40842,3058,False
40843,2527,True
40844,1763,True
40845,2039,True
40846,1594,True
40847,2190,True
40848,3103,False
40849,4163,True
40850,1565,True
40851,1961,True
40852,2457,True
40853,3233,True
40854,2304,True
40855,3675,True
40856,2185,True
40857,2764,False
40858,1830,True
40859,3051,True
40860,3215,True
40861,3235,True
40862,1890,False
40863,2321,False
40864,2803,False
40865,2766,False
40866,1698,False
40867,2067,False
40868,5013,True
40869,2733,False
40870,2398,False
40871,2695,False
40872,2702,False
40873,1968,False
40874,2883,True
40875,2716,False
40876,1862,False
40877,2479,False
40878,1950,True
40879,3439,False
40880,2725,True
40881,2325,False
40882,2684,False
40883,2417,False
40884,2285,True
40885,1788,True
40886,1708,True
40887,2358,False
40888,3084,False
40889,2371,True
40890,2758,False
40891,2190,True
40892,3727,True
40893,2406,False
40894,3016,False
40895,2362,False
40896,1933,True
40897,1678,False
40898,2945,True
40899,1882,True
40900,2240,False
40901,2291,False
40902,2509,False
40903,1995,True
40904,2437,True
40905,2525,False
40906,2767,True
40907,2318,False
40908,2593,True
40909,2211,True
40910,1691,False
40911,1608,True
40912,1154,False
40913,1455,False
40914,2835,True
40915,2209,True
40916,2279,False
40917,2171,False
40918,1575,False
40919,2588,True
40920,2378,True
40921,2559,True
40922,2182,False
40923,2446,False
40924,2012,True
40925,1753,False
40926,2655,True
40927,3479,False
40928,3843,False
40929,2893,False
40930,2423,False
40931,2960,True
40932,3100,True
40933,2654,True
40934,2546,False
40935,2815,False
40936,2185,False
40937,1966,False
40938,2150,False
40939,1959,True
40940,2340,False
40941,2768,True
40942,2278,True
40943,2016,True
40944,2981,False
40945,2328,True
40946,1841,True
40947,1247,True
40948,2123,True
40949,1617,False
40950,2039,False
40951,2249,False
40952,1850,False
40953,1884,True
40954,2580,True
40955,2544,True
40956,1730,True
40957,2426,True
40958,2617,False
40959,451,True
40960,2817,True
40961,3621,True
40962,1671,False
40963,2982,False
40964,2292,True
40965,2437,True
40966,2176,False
40967,2262,True
40968,3047,False
40969,3010,True
40970,2838,False
40971,2202,True
40972,3217,True
40973,4629,True
40974,2573,True
40975,3729,False
40976,1974,True
40977,2988,False
40978,2813,True
40979,2092,True
40980,1990,True
40981,1974,False
40982,2163,True
40983,2491,True
40984,1822,True
40985,2143,False
40986,1880,True
40987,2406,False
40988,2257,True
40989,2428,True
40990,3625,False
40991,1344,False
40992,1695,False
40993,217,True
40994,2990,True
40995,3268,True
40996,1282,True
40997,3153,False
40998,1826,True
40999,1883,True
41000,2406,True
41001,2618,True
41002,2365,False
41003,3122,False
41004,2077,False
41005,2589,True
41006,1767,False
41007,3280,False
41008,2243,True
41009,2024,False
41010,2830,False
41011,2472,True
41012,2975,False
41013,2492,False
41014,2392,True
41015,2497,True
41016,3358,True
41017,2888,True
41018,2115,True
41019,1767,True
41020,1805,False
41021,2270,False
41022,1825,True
41023,1416,True
41024,1258,False
41025,2934,False
41026,1791,True
41027,3194,True
41028,2573,False
41029,1936,False
41030,2688,True
41031,1844,True
41032,4235,True
41033,2337,True
41034,2414,True
41035,2371,True
41036,2932,True
41037,1627,False
41038,2116,True
41039,1874,True
41040,1703,False
41041,2183,True
41042,1699,False
41043,2529,True
41044,1756,True
41045,2152,False
41046,2786,False
41047,1528,True
41048,3078,False
41049,2614,True
41050,2721,False
41051,3496,True
41052,1789,True
41053,2795,False
41054,1795,True
41055,2621,False
41056,3589,True
41057,1955,False
41058,2763,True
41059,4027,False
41060,2397,True
41061,2685,True
41062,2730,False
41063,1590,False
41064,2712,False
41065,3022,False
41066,1862,False
41067,2245,True
41068,1479,True
41069,2354,True
41070,2547,True
41071,3031,False
41072,1714,False
41073,2013,True
41074,2674,False
41075,2339,False
41076,1591,True
41077,1855,True
41078,2893,True
41079,2316,True
41080,3545,True
41081,3067,True
41082,2018,True
41083,2840,False
41084,2328,True
41085,2386,False
41086,2353,False
41087,1850,True
41088,2476,False
41089,2368,False
41090,3122,True
41091,2766,False
41092,1789,True
41093,2528,True
41094,1940,True
41095,2335,True
41096,2061,True
41097,3186,True
41098,2998,False
41099,2352,False
41100,1630,False
41101,2963,True
41102,1465,True
41103,2200,True
41104,1821,True
41105,3230,False
41106,2410,False
41107,2666,True
41108,2073,False
41109,2452,False
41110,2198,False
41111,2162,True
41112,2216,True
41113,2389,False
41114,3606,True
41115,2090,True
41116,3252,True
41117,2018,False
41118,2537,True
41119,2854,True
41120,2123,True
41121,2959,True
41122,4399,False
41123,2560,True
41124,3210,False
41125,1747,True
41126,1939,True
41127,2406,True
41128,2183,True
41129,3441,False
41130,2094,True
41131,2117,False
41132,4151,True
41133,2430,False
41134,2298,False
41135,1928,False
41136,1765,True
41137,2855,True
41138,2296,False
41139,2759,False
41140,2661,True
41141,1253,True
41142,3553,False
41143,1795,True
41144,2694,True
41145,2769,True
41146,2069,False
41147,2895,True
41148,2273,True
41149,2457,False
41150,1721,True
41151,2304,True
41152,2831,True
41153,1857,True
41154,2705,False
41155,1947,True
41156,1953,False
41157,2072,False
41158,3627,True
41159,2994,True
41160,1840,False
41161,2078,False
41162,3200,True
41163,2239,False
41164,1883,False
41165,2805,True
41166,1587,False
41167,2962,False
41168,3258,True
41169,2982,True
41170,3735,False
41171,3120,True
41172,2587,True
41173,3669,True
41174,2295,False
41175,2710,False
41176,2643,False
41177,2352,True
41178,1797,False
41179,1668,True
41180,1670,True
41181,2467,False
41182,2942,False
41183,2327,True
41184,2611,False
41185,3237,False
41186,2997,False
41187,2198,False
41188,2575,False
41189,4435,True
41190,2297,True
41191,2480,True
41192,2837,False
41193,3064,False
41194,1357,True
41195,2701,False
41196,2244,False
41197,2053,False
41198,1712,True
41199,1769,True
41200,1688,True
41201,2957,True
41202,2203,False
41203,1994,False
41204,1922,True
41205,2664,True
41206,1542,False
41207,2611,False
41208,2514,False
41209,2799,False
41210,2268,False
41211,2166,False
41212,3303,True
41213,1879,False
41214,2322,True
41215,2952,False
41216,3875,False
41217,1874,True
41218,2416,False
41219,2965,False
41220,2017,True
41221,3370,True
41222,2577,True
41223,2399,False
41224,3063,True
41225,2609,True
41226,2368,False
41227,2550,True
41228,2272,True
41229,2030,False
41230,1981,True
41231,1625,True
41232,2784,False
41233,2851,True
41234,3097,False
41235,2847,False
41236,3384,True
41237,3065,False
41238,1443,True
41239,2995,False
41240,2037,False
41241,2913,True
41242,2381,True
41243,2399,True
41244,4295,True
41245,2700,False
41246,1960,True
41247,2503,False
41248,2634,True
41249,2797,True
41250,3734,False
41251,2494,False
41252,2061,True
41253,1852,True
41254,2510,False
41255,4065,True
41256,3000,True
41257,2765,True
41258,2211,False
41259,2588,True
41260,2401,False
41261,2258,True
41262,2159,True
41263,3257,False
41264,2488,True
41265,2738,False
41266,3603,False
41267,2464,False
41268,2854,False
41269,2849,False
41270,2841,True
41271,2901,False
41272,1602,True
41273,2751,True
41274,1451,True
41275,3288,False
41276,2509,True
41277,2858,True
41278,1917,False
41279,2561,False
41280,2403,False
41281,2954,False
41282,1441,True
41283,2716,True
41284,2387,True
41285,3476,True
41286,2729,True
41287,2882,False
41288,1848,False
41289,2955,True
41290,1888,True
41291,2068,True
41292,2431,True
41293,3416,False
41294,2125,True
41295,2781,True
41296,980,True
41297,3672,False
41298,2047,True
41299,1567,True
41300,2540,False
41301,2056,True
41302,3284,True
41303,2195,True
41304,1948,False
41305,2572,True
41306,2264,True
41307,1605,True
41308,2211,False
41309,3456,True
41310,1684,False
41311,1954,True
41312,3095,False
41313,2574,False
41314,2564,True
41315,2342,True
41316,2638,False
41317,2382,False
41318,3240,True
41319,2529,False
41320,1762,False
41321,2815,False
41322,1991,False
41323,2100,False
41324,2220,True
41325,2993,False
41326,2869,False
41327,2590,True
41328,2571,False
41329,1965,True
41330,1707,True
41331,1256,False
41332,3191,False
41333,2402,True
41334,2960,False
41335,2399,True
41336,2942,False
41337,2849,False
41338,2650,False
41339,2527,True
41340,2337,True
41341,2495,True
41342,3503,False
41343,2186,False
41344,2752,False
41345,2329,True
41346,2518,False
41347,4113,False
41348,2034,True
41349,2224,False
41350,2724,True
41351,3619,True
41352,2602,True
41353,2751,True
41354,3260,True
41355,2795,False
41356,2246,False
41357,2039,False
41358,2159,True
41359,2632,False
41360,2221,True
41361,4006,False
41362,2613,True
41363,2249,False
41364,2625,False
41365,2265,True
41366,2240,False
41367,2983,True
41368,2793,False
41369,2918,True
41370,2630,False
41371,2310,True
41372,2581,True
41373,3442,False
41374,2362,True
41375,1686,True
41376,2202,True
41377,3365,False
41378,2372,True
41379,3537,True
41380,1967,True
41381,2998,True
41382,1821,True
41383,1612,False
41384,2213,True
41385,1919,True
41386,1854,False
41387,2016,True
41388,2801,False
41389,2470,True
41390,3148,True
41391,2421,False
41392,2775,False
41393,2498,True
41394,2390,True
41395,2719,True
41396,2989,True
41397,2356,True
41398,2423,False
41399,3197,False
41400,2696,True
41401,2982,False
41402,2247,True
41403,1492,True
41404,2294,False
41405,2077,False
41406,2959,False
41407,2175,False
41408,2760,False
41409,3878,False
41410,3297,True
41411,2448,False
41412,2097,False
41413,2796,False
41414,2758,True
41415,1810,False
41416,3155,True
41417,2039,False
41418,1839,False
41419,1525,False
41420,2626,False
41421,2103,True
41422,3126,True
41423,2951,False
41424,1999,False
41425,1948,True
41426,2835,True
41427,2620,False
41428,1101,True
41429,2440,True
41430,2356,True
41431,3326,True
41432,1946,True
41433,3281,False
41434,714,True
41435,2816,True
41436,2878,False
41437,4076,False
41438,2083,False
41439,2999,True
41440,3074,False
41441,3082,True
41442,2530,False
41443,2188,True
41444,3382,False
41445,3136,True
41446,2163,True
41447,1722,True
41448,2354,False
41449,2655,True
41450,3221,False
41451,1763,True
41452,2058,False
41453,2243,True
41454,2194,False
41455,2964,False
41456,3173,True
41457,2785,True
41458,2585,True
41459,2325,False
41460,2987,False
41461,3103,False
41462,2127,False
41463,2429,False
41464,2475,True
41465,2545,False
41466,2586,True
41467,2028,False
41468,2232,True
41469,3778,False
41470,2188,False
41471,1972,True
41472,1785,True
41473,3033,False
41474,3116,True
41475,1568,True
41476,3530,False
41477,2959,False
41478,2912,True
41479,2849,True
41480,2497,True
41481,3049,True
41482,2323,True
41483,2883,True
41484,1794,False
41485,2233,False
41486,2559,False
41487,2906,True
41488,3554,True
41489,2151,False
41490,2179,False
41491,2644,False
41492,2490,True
41493,2855,True
41494,1288,False
41495,2562,False
41496,3065,False
41497,1573,True
41498,2678,False
41499,1691,False
41500,3595,False
41501,2057,True
41502,2709,False
41503,3490,True
41504,4624,True
41505,2521,True
41506,3179,True
41507,3326,False
41508,2447,False
41509,2266,False
41510,1443,True
41511,2961,False
41512,1550,False
41513,3365,False
41514,2295,False
41515,2016,False
41516,2190,False
41517,3088,True
41518,2884,True
41519,2749,False
41520,1949,True
41521,2369,False
41522,2216,True
41523,3801,False
41524,2264,False
41525,2835,False
41526,835,True
41527,1997,True
41528,2151,True
41529,1946,True
41530,3287,False
41531,1750,True
41532,1951,True
41533,2624,True
41534,3353,False
41535,1703,True
41536,1941,True
41537,3660,True
41538,2218,True
41539,1226,True
41540,2685,False
41541,3121,False
41542,2816,True
41543,2269,True
41544,2139,True
41545,3758,False
41546,3011,True
41547,2926,True
41548,3297,False
41549,2284,False
41550,1526,False
41551,2983,True
41552,1566,False
41553,2654,False
41554,2558,False
41555,2199,True
41556,1761,True
41557,1934,True
41558,2624,False
41559,1925,False
41560,2106,True
41561,2280,True
41562,1709,False
41563,2177,False
41564,1368,False
41565,1462,False
41566,2896,True
41567,1846,False
41568,1743,True
41569,3754,True
41570,2820,True
41571,3219,True
41572,2654,False
41573,1855,True
41574,1892,False
41575,3846,False
41576,2661,False
41577,2618,False
41578,2103,True
41579,1992,True
41580,3177,False
41581,2458,False
41582,1784,True
41583,2101,True
41584,2625,False
41585,4441,False
41586,1731,True
41587,1755,False
41588,2919,False
41589,2780,False
41590,2269,True
41591,2635,True
41592,2441,False
41593,2574,False
41594,2933,False
41595,2271,False
41596,1957,False
41597,2571,True
41598,1739,True
41599,2158,True
41600,1773,False
41601,2870,True
41602,3663,False
41603,2290,True
41604,2246,False
41605,1772,True
41606,2763,False
41607,3089,True
41608,2908,False
41609,2351,False
41610,2945,False
41611,2177,True
41612,2567,False
41613,2818,True
41614,3328,False
41615,2181,True
41616,2030,False
41617,2492,False
41618,2410,True
41619,1823,False
41620,2173,True
41621,2772,False
41622,1970,True
41623,1791,True
41624,3716,False
41625,3054,True
41626,2946,True
41627,2873,True
41628,1897,False
41629,2703,False
41630,3236,False
41631,1905,True
41632,3020,False
41633,2344,True
41634,2359,True
41635,2255,True
41636,3005,True
41637,2869,True
41638,2631,False
41639,2481,False
41640,1931,True
41641,1466,True
41642,1169,True
41643,3112,False
41644,1729,True
41645,3013,False
41646,1576,False
41647,2570,False
41648,1894,True
41649,2662,False
41650,2274,False
41651,2565,True
41652,2902,False
41653,1621,True
41654,2945,True
41655,2736,False
41656,2782,True
41657,1943,True
41658,2381,False
41659,1794,True
41660,2215,True
41661,3230,True
41662,3331,True
41663,1733,True
41664,2837,True
41665,2290,False
41666,1788,False
41667,2110,False
41668,2612,False
41669,2505,False
41670,3044,True
41671,2567,False
41672,2468,True
41673,3948,False
41674,2011,True
41675,3400,False
41676,2283,True
41677,1554,False
41678,3420,False
41679,2269,True
41680,2391,True
41681,2420,False
41682,2304,True
41683,2509,True
41684,1807,True
41685,3349,False
41686,4121,True
41687,1710,True
41688,1771,False
41689,1934,False
41690,2909,True
41691,2360,True
41692,3078,True
41693,2312,True
41694,1858,False
41695,1580,True
41696,2065,False
41697,1957,True
41698,1975,False
41699,2479,False
41700,2089,True
41701,1889,True
41702,2995,False
41703,2417,True
41704,1819,False
41705,2077,False
41706,3019,False
41707,1929,True
41708,1565,False
41709,2084,True
41710,3272,True
41711,2704,True
41712,1988,False
41713,4275,False
41714,4995,False
41715,2603,True
41716,2740,False
41717,2431,True
41718,2216,True
41719,2887,True
41720,1819,True
41721,2395,False
41722,1506,True
41723,1878,True
41724,1858,False
41725,2828,False
41726,2280,True
41727,3913,True
41728,2161,False
41729,3113,True
41730,1914,True
41731,2524,True
41732,2906,False
41733,2470,False
41734,3552,True
41735,3020,False
41736,1974,False
41737,2180,True
41738,2794,False
41739,2354,True
41740,2012,True
41741,3022,True
41742,2750,False
41743,3138,True
41744,2947,False
41745,2613,True
41746,2958,True
41747,1568,True
41748,2873,False
41749,2733,True
41750,2859,True
41751,1575,True
41752,2748,True
41753,1801,False
41754,2323,False
41755,2260,True
41756,3354,False
41757,3256,False
41758,2558,True
41759,1965,True
41760,2441,True
41761,2984,False
41762,2460,True
41763,2573,True
41764,2930,True
41765,2997,True
41766,1762,False
41767,2371,True
41768,2048,False
41769,2277,False
41770,2397,True
41771,3005,False
41772,2246,True
41773,2003,True
41774,2558,True
41775,2891,True
41776,3169,True
41777,2647,False
41778,2539,False
41779,1552,True
41780,2831,True
41781,2069,True
41782,2846,False
41783,1946,False
41784,3244,True
41785,2151,True
41786,3012,False
41787,2728,False
41788,1871,True
41789,1860,False
41790,3069,True
41791,2659,False
41792,2111,True
41793,2883,True
41794,2246,False
41795,2175,False
41796,2959,False
41797,1478,True
41798,1568,True
41799,4559,True
41800,2676,True
41801,2331,False
41802,1343,False
41803,2397,True
41804,1840,True
41805,1363,True
41806,2642,False
41807,2681,False
41808,1931,True
41809,1355,True
41810,3036,False
41811,2839,True
41812,1940,True
41813,1939,False
41814,2164,False
41815,3935,True
41816,1880,True
41817,2101,False
41818,1126,True
41819,2685,True
41820,1956,True
41821,2178,False
41822,3661,True
41823,1894,True
41824,2389,True
41825,2485,False
41826,2418,False
41827,3691,True
41828,1914,False
41829,2700,True
41830,1289,True
41831,3547,True
41832,2395,True
41833,3048,False
41834,2119,True
41835,1679,False
41836,2938,False
41837,2955,False
41838,3124,False
41839,2605,False
41840,1958,True
41841,2598,True
41842,3143,True
41843,1513,True
41844,2085,True
41845,1520,False
41846,1969,False
41847,2787,True
41848,2275,False
41849,2172,True
41850,2607,False
41851,2295,True
41852,2553,False
41853,2811,True
41854,2325,True
41855,2347,False
41856,1915,False
41857,1657,False
41858,2064,False
41859,1911,True
41860,1462,False
41861,2686,True
41862,2787,False
41863,2106,True
41864,3724,False
41865,3116,False
41866,3236,False
41867,2463,True
41868,1984,False
41869,2222,True
41870,1965,False
41871,2572,True
41872,3379,True
41873,2451,False
41874,2852,True
41875,2071,False
41876,3644,False
41877,2394,True
41878,1986,False
41879,2278,True
41880,1569,False
41881,2964,True
41882,2275,False
41883,1762,True
41884,2078,False
41885,3254,True
41886,1655,True
41887,1899,True
41888,2205,False
41889,2275,True
41890,1971,True
41891,2584,False
41892,2658,False
41893,2525,True
41894,2181,True
41895,2325,False
41896,2699,True
41897,3072,True
41898,2606,True
41899,2564,False
41900,2529,False
41901,2311,False
41902,2783,True
41903,2988,False
41904,2101,False
41905,1478,False
41906,2887,True
41907,4635,False
41908,2087,False
41909,2314,True
41910,2998,True
41911,2617,True
41912,2001,False
41913,2879,False
41914,2887,False
41915,2216,False
41916,1721,True
41917,3032,False
41918,2474,False
41919,2721,False
41920,2977,True
41921,2687,False
41922,2955,False
41923,2152,True
41924,1956,True
41925,2811,False
41926,1702,False
41927,3891,True
41928,1462,True
41929,2018,False
41930,2736,False
41931,1817,True
41932,2810,False
41933,1790,False
41934,2646,False
41935,2284,True
41936,2948,True
41937,2081,True
41938,1890,False
41939,2203,True
41940,2697,False
41941,2013,True
41942,3227,True
41943,1661,False
41944,2009,True
41945,1650,False
41946,3031,False
41947,2479,True
41948,2729,False
41949,2598,False
41950,2698,False
41951,2147,False
41952,3246,False
41953,2357,False
41954,2006,True
41955,2250,True
41956,2666,True
41957,1818,True
41958,2439,False
41959,2317,False
41960,1305,True
41961,2590,True
41962,2248,True
41963,2375,True
41964,2686,False
41965,1412,True
41966,1987,False
41967,2486,True
41968,2810,True
41969,1566,False
41970,1701,True
41971,1773,True
41972,3126,True
41973,2788,True
41974,2188,False
41975,2820,False
41976,3129,True
41977,2348,True
41978,2974,True
41979,4526,False
41980,2926,False
41981,3520,True
41982,2844,False
41983,2786,False
41984,2384,False
41985,2926,True
41986,3251,True
41987,2586,False
41988,2378,True
41989,3355,False
41990,2763,True
41991,2845,True
41992,2546,False
41993,2051,True
41994,2935,False
41995,2563,False
41996,2030,False
41997,3295,True
41998,3442,True
41999,2356,False
42000,2374,True
42001,1727,True
42002,2359,True
42003,3163,False
42004,2203,True
42005,2568,True
42006,3430,True
42007,2036,False
42008,2418,True
42009,2696,False
42010,3349,False
42011,2431,False
42012,3057,True
42013,2765,True
42014,1502,False
42015,2702,True
42016,2886,False
42017,3000,False
42018,3312,False
42019,2662,True
42020,2734,False
42021,2976,False
42022,2895,True
42023,3030,False
42024,2269,False
42025,2699,True
42026,2677,True
42027,1750,True
42028,3862,True
42029,1677,True
42030,1799,True
42031,2890,False
42032,2455,False
42033,2543,True
42034,2603,True
42035,3242,False
42036,2211,True
42037,2320,True
42038,1712,False
42039,2687,False
42040,2056,False
42041,1950,False
42042,1744,True
42043,3641,False
42044,1784,False
42045,1514,False
42046,2367,True
42047,2242,True
42048,2168,False
42049,2820,False
42050,1758,False
42051,2234,False
42052,4147,False
42053,2954,True
42054,3486,True
42055,1565,True
42056,2120,False
42057,2566,False
42058,3372,True
42059,3298,True
42060,2340,False
42061,3050,True
42062,2988,True
42063,3876,False
42064,1954,True
42065,1637,False
42066,2113,True
42067,2086,False
42068,3104,True
42069,2356,False
42070,2248,True
42071,3621,False
42072,2570,False
42073,2223,True
42074,1857,True
42075,3076,False
42076,3433,False
42077,2497,False
42078,2206,True
42079,1438,False
42080,2350,False
42081,1972,False
42082,2395,True
42083,2605,False
42084,2805,False
42085,2776,True
42086,2125,False
42087,2884,False
42088,2574,True
42089,2865,False
42090,2013,False
42091,2009,True
42092,1546,False
42093,2232,True
42094,1442,True
42095,2283,False
42096,4109,False
42097,2983,True
42098,2520,True
42099,2064,True
42100,1552,True
42101,2221,False
42102,1699,True
42103,3842,True
42104,2019,False
42105,2391,False
42106,2977,True
42107,2346,True
42108,1985,True
42109,2336,True
42110,2173,False
42111,2440,False
42112,3220,True
42113,2090,True
42114,2925,False
42115,2065,False
42116,1735,False
42117,2067,True
42118,2781,False
42119,3055,True
42120,2659,True
42121,2424,True
42122,1672,True
42123,1337,True
42124,3208,True
42125,2705,True
42126,2431,False
42127,2760,True
42128,2662,True
42129,1838,True
42130,2144,True
42131,3442,False
42132,2185,True
42133,3099,False
42134,2284,True
42135,3546,True
42136,2025,True
42137,3024,False
42138,2583,False
42139,3070,False
42140,2391,False
42141,3650,False
42142,2900,True
42143,2323,False
42144,2791,False
42145,3032,True
42146,2979,False
42147,1986,True
42148,2006,False
42149,2477,True
42150,2205,True
42151,2118,True
42152,1642,True
42153,2254,True
42154,1793,True
42155,1918,False
42156,2539,True
42157,1756,True
42158,2130,True
42159,3208,False
42160,2021,False
42161,2056,False
42162,3080,False
42163,1580,False
42164,1719,True
42165,2199,True
42166,3461,False
42167,2564,True
42168,1737,True
42169,2012,True
42170,2244,False
42171,3228,True
42172,2564,True
42173,3394,True
42174,3623,False
42175,2679,False
42176,3304,False
42177,1613,True
42178,1697,False
42179,3634,False
42180,2143,True
42181,3412,False
42182,2092,True
42183,3876,False
42184,3067,False
42185,2547,True
42186,3218,False
42187,2932,True
42188,2643,True
42189,3291,False
42190,2908,True
42191,2447,True
42192,3409,True
42193,3392,True
42194,1526,True
42195,2453,True
42196,2644,False
42197,1762,False
42198,2109,False
42199,2975,False
42200,1736,True
42201,2616,True
42202,2963,False
42203,1498,False
42204,2178,False
42205,1707,False
42206,3595,False
42207,3395,True
42208,2614,True
42209,1737,False
42210,2007,True
42211,2094,True
42212,1540,True
42213,2441,True
42214,2010,True
42215,2648,False
42216,2257,True
42217,2555,False
42218,1923,True
42219,3109,True
42220,2934,True
42221,2748,True
42222,3721,True
42223,1770,True
42224,3333,False
42225,3685,True
42226,2851,False
42227,1417,True
42228,2363,False
42229,2452,False
42230,2971,True
42231,1933,True
42232,1668,True
42233,1789,False
42234,2618,False
42235,1969,True
42236,3408,False
42237,2067,True
42238,3418,False
42239,2550,False
42240,1967,False
42241,3211,False
42242,2740,False
42243,1988,True
42244,1626,True
42245,1537,True
42246,1853,True
42247,2135,True
42248,1769,True
42249,2643,True
42250,3042,False
42251,2596,False
42252,1955,False
42253,2141,True
42254,2218,False
42255,1673,False
42256,2122,True
42257,2779,False
42258,2306,False
42259,2134,False
42260,2986,True
42261,2450,False
42262,3833,True
42263,3347,False
42264,1973,True
42265,2364,False
42266,2725,True
42267,2135,False
42268,2739,True
42269,2233,True
42270,1811,True
42271,611,True
42272,1715,False
42273,3212,False
42274,2973,True
42275,3108,False
42276,1761,False
42277,1852,False
42278,2070,False
42279,3040,False
42280,2643,True
42281,4694,True
42282,4486,False
42283,3383,False
42284,3039,True
42285,3661,True
42286,2580,False
42287,2242,True
42288,2141,False
42289,2907,False
42290,1503,True
42291,3674,True
42292,3460,True
42293,2068,False
42294,2560,False
42295,3078,False
42296,2541,False
42297,2800,False
42298,2765,True
42299,2994,False
42300,1655,False
42301,2445,True
42302,3076,False
42303,2866,True
42304,2438,False
42305,3283,False
42306,1469,True
42307,2863,False
42308,1788,False
42309,2041,True
42310,2011,True
42311,3658,True
42312,1516,False
42313,2985,False
42314,2265,False
42315,1819,False
42316,3450,False
42317,2396,True
42318,1480,True
42319,2896,False
42320,2445,True
42321,2273,False
42322,2678,False
42323,2421,True
42324,2361,True
42325,2882,False
42326,3722,False
42327,3121,True
42328,2687,True
42329,2443,True
42330,2347,False
42331,3775,False
42332,2760,False
42333,2506,True
42334,1186,False
42335,2388,True
42336,3888,False
42337,1808,False
42338,1461,True
42339,2946,True
42340,2546,True
42341,2166,True
42342,2515,False
42343,3860,True
42344,3189,False
42345,2876,True
42346,2419,False
42347,3259,True
42348,2639,True
42349,2406,False
42350,2717,False
42351,3228,True
42352,1482,True
42353,1678,True
42354,2106,False
42355,2691,True
42356,2359,False
42357,2149,False
42358,2643,True
42359,2173,True
42360,2979,True
42361,2784,True
42362,2464,False
42363,2918,False
42364,2365,False
42365,2610,True
42366,1898,False
42367,2509,False
42368,1732,True
42369,2099,False
42370,3179,True
42371,2774,False
42372,1955,True
42373,3076,True
42374,2066,False
42375,2086,False
42376,1932,True
42377,3154,False
42378,2450,True
42379,2372,False
42380,3183,False
42381,3804,True
42382,2257,False
42383,2167,False
42384,1422,False
42385,3313,False
42386,2466,False
42387,3485,True
42388,1524,True
42389,1748,True
42390,1710,True
42391,3612,True
42392,3400,False
42393,2792,False
42394,1687,False
42395,2359,True
42396,3035,True
42397,2905,False
42398,3432,True
42399,2493,True
42400,3454,True
42401,2097,False
42402,3603,False
42403,2097,False
42404,2923,False
42405,1509,True
42406,2700,True
42407,1910,True
42408,3240,False
42409,2131,True
42410,2159,False
42411,2332,True
42412,3545,True
42413,2084,True
42414,3254,True
42415,3171,True
42416,2603,True
42417,3209,False
42418,2328,True
42419,3026,True
42420,1526,True
42421,2054,False
42422,1945,True
42423,2044,True
42424,2713,True
42425,1906,True
42426,2529,True
42427,1965,False
42428,3061,False
42429,3263,False
42430,3131,True
42431,2741,False
42432,1988,True
42433,3508,False
42434,1759,False
42435,2304,False
42436,1589,False
42437,3359,True
42438,2945,False
42439,2090,True
42440,2435,False
42441,3679,True
42442,1895,False
42443,3145,False
42444,1661,True
42445,2546,True
42446,2260,True
42447,2537,False
42448,2575,True
42449,1883,False
42450,3995,False
42451,2959,True
42452,2661,False
42453,2650,True
42454,3240,True
42455,2024,True
42456,2071,False
42457,2149,True
42458,2800,True
42459,3024,True
42460,2870,True
42461,2150,False
42462,1558,True
42463,1546,False
42464,2387,True
42465,2602,False
42466,1729,True
42467,2202,True
42468,1533,True
42469,2635,False
42470,2176,False
42471,3444,False
42472,1520,False
42473,2837,False
42474,2224,True
42475,2246,False
42476,2474,True
42477,3002,True
42478,2507,True
42479,1695,False
42480,1843,True
42481,2073,False
42482,2985,True
42483,2605,False
42484,2288,True
42485,2484,True
42486,2345,True
42487,2306,True
42488,3824,True
42489,1590,False
42490,2575,False
42491,2247,True
42492,1256,False
42493,1646,False
42494,1520,False
42495,1718,True
42496,2761,False
42497,1832,False
42498,1403,False
42499,2683,True
42500,2644,False
42501,3055,True
42502,2714,False
42503,2423,True
42504,2399,False
42505,2303,False
42506,1564,True
42507,2857,False
42508,2666,True
42509,1981,False
42510,3066,True
42511,1982,True
42512,2019,True
42513,1964,False
42514,2148,False
42515,2373,False
42516,1878,True
42517,1899,False
42518,2992,False
42519,2476,False
42520,2001,True
42521,2549,True
42522,2765,True
42523,2877,False
42524,2074,False
42525,2559,True
42526,3947,True
42527,2754,True
42528,1385,True
42529,2360,False
42530,2604,True
42531,2682,False
42532,3049,True
42533,1500,True
42534,1253,True
42535,2744,True
42536,2946,False
42537,3711,True
42538,2671,False
42539,2314,False
42540,2746,True
42541,2005,False
42542,1672,False
42543,2951,False
42544,2081,True
42545,2365,True
42546,2539,False
42547,2086,True
42548,2153,True
42549,2038,False
42550,2387,False
42551,4235,True
42552,3379,False
42553,2323,False
42554,2383,True
42555,2578,True
42556,1519,False
42557,1910,True
42558,2449,True
42559,2085,True
42560,1743,True
42561,2244,False
42562,2511,True
42563,2114,True
42564,3503,False
42565,2119,True
42566,3544,True
42567,1866,True
42568,1563,True
42569,2948,False
42570,3206,True
42571,2109,False
42572,2303,False
42573,3255,True
42574,1707,True
42575,1348,False
42576,2465,False
42577,2850,False
42578,2375,True
42579,2732,True
42580,2065,False
42581,2818,False
42582,2629,True
42583,1501,False
42584,2183,False
42585,3013,True
42586,1990,False
42587,2872,False
42588,2257,False
42589,3202,True
42590,2968,True
42591,1997,False
42592,2104,False
42593,1436,False
42594,1713,True
42595,2582,True
42596,2275,False
42597,1802,True
42598,2777,True
42599,2755,True
42600,2255,True
42601,1797,True
42602,2878,True
42603,2544,True
42604,2368,True
42605,1718,True
42606,1933,True
42607,2046,True
42608,2556,False
42609,3197,True
42610,1984,True
42611,2004,True
42612,3998,True
42613,2482,False
42614,2189,False
42615,2225,True
42616,2895,False
42617,2249,False
42618,2160,True
42619,2494,True
42620,2223,False
42621,1803,True
42622,2085,True
42623,2294,True
42624,2424,False
42625,2939,False
42626,2349,True
42627,1833,True
42628,2377,True
42629,1409,True
42630,1957,True
42631,1743,False
42632,2323,True
42633,1661,False
42634,1508,True
42635,1906,False
42636,2013,True
42637,1565,True
42638,2115,True
42639,1911,False
42640,2061,True
42641,2425,False
42642,3119,False
42643,2207,True
42644,2643,False
42645,2907,False
42646,2553,False
42647,2340,True
42648,3202,True
42649,2277,True
42650,2418,False
42651,2105,True
42652,2228,False
42653,2439,False
42654,2342,False
42655,1691,True
42656,2315,False
42657,1886,True
42658,1236,True
42659,3077,True
42660,3170,False
42661,2538,False
42662,2215,False
42663,2064,True
42664,2106,True
42665,3188,True
42666,2590,False
42667,2202,False
42668,2476,False
42669,2199,True
42670,1495,True
42671,1977,True
42672,2653,True
42673,2844,True
42674,2767,True
42675,2507,False
42676,3400,True
42677,2513,True
42678,3239,False
42679,3024,False
42680,2836,True
42681,2047,True
42682,2387,False
42683,4546,False
42684,2431,True
42685,2415,True
42686,1884,False
42687,3165,True
42688,2342,False
42689,2368,True
42690,1616,False
42691,2750,True
42692,3500,False
42693,3742,False
42694,2177,True
42695,1962,True
42696,3246,True
42697,1871,True
42698,2048,True
42699,2382,True
42700,2943,True
42701,2526,False
42702,2840,False
42703,1151,False
42704,2332,True
42705,1824,True
42706,2258,True
42707,2618,True
42708,2243,True
42709,1530,True
42710,3062,True
42711,2401,True
42712,2405,True
42713,2217,True
42714,3680,True
42715,2353,True
42716,2817,False
42717,1631,True
42718,2796,False
42719,1503,True
42720,3464,True
42721,2218,False
42722,3347,False
42723,2001,True
42724,2576,False
42725,3004,False
42726,2573,True
42727,2564,False
42728,2689,True
42729,2423,False
42730,2185,True
42731,2119,True
42732,1967,True
42733,2716,False
42734,3605,False
42735,1926,True
42736,1910,False
42737,2476,False
42738,3062,True
42739,2129,True
42740,2751,True
42741,2100,True
42742,2413,True
42743,2330,False
42744,2002,True
42745,3331,True
42746,1849,False
42747,2520,False
42748,2847,False
42749,2528,True
42750,2557,True
42751,1996,True
42752,2987,False
42753,2748,False
42754,2199,False
42755,2591,False
42756,2723,True
42757,3008,True
42758,2294,False
42759,1702,True
42760,2252,True
42761,2620,True
42762,2694,False
42763,2062,True
42764,2596,False
42765,2480,False
42766,2601,True
42767,2222,False
42768,1626,True
42769,2875,True
42770,3995,True
42771,2292,False
42772,2784,False
42773,2342,False
42774,2496,True
42775,2308,False
42776,2633,True
42777,1684,True
42778,2184,True
42779,1941,False
42780,1832,True
42781,2320,True
42782,3225,True
42783,3372,False
42784,2532,True
42785,2969,False
42786,3362,False
42787,2325,False
42788,2503,False
42789,2961,False
42790,2215,False
42791,1935,False
42792,1934,False
42793,3405,False
42794,1176,True
42795,2272,False
42796,2255,True
42797,2399,True
42798,1423,False
42799,2042,True
42800,2346,False
42801,1463,True
42802,2419,True
42803,1904,True
42804,1622,False
42805,2944,True
42806,3114,False
42807,2265,False
42808,2187,True
42809,2260,True
42810,1766,True
42811,2252,True
42812,3343,True
42813,2532,False
42814,1888,False
42815,2464,True
42816,2782,False
42817,3059,True
42818,2066,False
42819,2099,False
42820,1750,True
42821,2443,False
42822,2489,False
42823,2933,True
42824,2129,False
42825,1570,False
42826,1712,False
42827,1985,False
42828,2394,False
42829,1936,False
42830,3340,False
42831,2774,True
42832,2432,True
42833,2610,True
42834,1693,False
42835,4092,False
42836,3993,False
42837,3175,True
42838,2449,True
42839,3031,False
42840,3754,False
42841,2492,False
42842,3092,True
42843,1954,True
42844,3505,False
42845,2229,False
42846,1659,False
42847,2774,True
42848,2475,True
42849,2332,True
42850,2980,False
42851,2772,False
42852,2225,True
42853,2341,True
42854,3086,True
42855,2127,True
42856,2319,False
42857,2961,True
42858,2669,False
42859,2166,True
42860,2451,True
42861,2607,True
42862,2818,True
42863,1981,False
42864,2722,False
42865,2280,True
42866,2379,True
42867,4095,True
42868,1824,True
42869,1987,True
42870,2469,True
42871,2813,False
42872,3084,True
42873,2943,False
42874,3061,True
42875,2991,False
42876,2665,True
42877,2993,False
42878,1901,False
42879,3459,False
42880,2378,True
42881,2430,True
42882,2830,False
42883,2482,False
42884,1305,True
42885,2610,False
42886,2625,True
42887,1758,True
42888,2345,False
42889,2855,True
42890,1983,True
42891,3489,True
42892,2502,True
42893,2633,True
42894,3748,True
42895,1669,True
42896,2674,False
42897,1742,False
42898,2156,True
42899,3253,True
42900,1591,False
42901,3487,True
42902,2376,False
42903,2954,True
42904,1711,True
42905,2892,False
42906,2126,False
42907,1920,True
42908,3443,True
42909,1631,True
42910,3039,False
42911,2387,False
42912,2390,True
42913,2111,True
42914,1650,True
42915,1750,True
42916,1815,True
42917,2336,True
42918,3381,True
42919,2477,False
42920,1793,False
42921,2913,True
42922,2043,True
42923,2041,True
42924,1350,True
42925,2390,False
42926,3198,True
42927,3285,True
42928,1769,True
42929,1662,True
42930,2833,True
42931,2857,True
42932,2328,True
42933,2093,True
42934,2794,False
42935,1351,False
42936,3145,False
42937,2431,False
42938,1526,True
42939,3766,True
42940,1240,True
42941,2268,False
42942,1684,False
42943,3691,True
42944,1965,False
42945,1893,False
42946,2377,True
42947,2599,False
42948,2551,True
42949,1660,False
42950,2477,True
42951,2391,True
42952,2325,True
42953,2320,True
42954,4262,True
42955,2506,False
42956,1495,False
42957,2515,True
42958,2007,False
42959,2070,True
42960,2522,False
42961,2046,True
42962,1951,True
42963,2430,True
42964,2872,False
42965,1844,True
42966,2506,True
42967,2068,False
42968,2596,True
42969,1875,True
42970,2610,False
42971,3261,False
42972,2112,False
42973,2443,True
42974,2643,False
42975,2200,False
42976,2600,False
42977,1486,True
42978,3406,False
42979,1257,True
42980,2339,True
42981,2638,False
42982,1897,True
42983,2390,False
42984,2008,True
42985,2883,False
42986,1628,False
42987,2284,True
42988,2269,False
42989,2065,False
42990,1912,True
42991,2431,True
42992,2724,True
42993,1556,False
42994,2996,False
42995,1747,True
42996,2037,True
42997,1756,False
42998,3154,True
42999,2758,True
43000,2329,True
43001,3545,False
43002,2799,False
43003,2243,True
43004,3119,True
43005,2028,True
43006,2517,True
43007,1653,False
43008,2550,False
43009,2234,True
43010,2484,False
43011,2246,False
43012,3919,True
43013,2119,True
43014,2288,True
43015,3375,True
43016,2392,False
43017,2145,True
43018,2587,False
43019,2595,True
43020,3324,False
43021,1607,False
43022,2916,True
43023,2652,False
43024,2199,False
43025,2382,True
43026,2361,False
43027,1864,True
43028,3352,False
43029,2120,True
43030,2420,False
43031,3276,False
43032,3307,False
43033,2316,True
43034,1640,True
43035,2337,False
43036,2994,False
43037,1599,False
43038,3033,False
43039,3340,False
43040,3106,True
43041,2021,True
43042,2970,True
43043,2292,True
43044,3138,True
43045,2256,False
43046,391,True
43047,3638,False
43048,1797,True
43049,2004,True
43050,2993,False
43051,1584,True
43052,2756,False
43053,2574,True
43054,3060,True
43055,4041,False
43056,1532,True
43057,2327,False
43058,2990,True
43059,3187,False
43060,2869,True
43061,2672,True
43062,1985,True
43063,2269,False
43064,1106,True
43065,2316,False
43066,2310,False
43067,2297,True
43068,2348,False
43069,1483,True
43070,2377,True
43071,2720,False
43072,2824,True
43073,1691,False
43074,2122,False
43075,2085,False
43076,2224,True
43077,2418,False
43078,3119,True
43079,2623,True
43080,2187,True
43081,2360,False
43082,1900,False
43083,3370,False
43084,2778,True
43085,1921,True
43086,3276,True
43087,1573,True
43088,2313,True
43089,1510,True
43090,2311,False
43091,1986,True
43092,1764,False
43093,2052,True
43094,2017,True
43095,2548,True
43096,3854,True
43097,3001,False
43098,2390,False
43099,2449,True
43100,2144,True
43101,2712,True
43102,2215,False
43103,3658,True
43104,3282,False
43105,2847,False
43106,3118,False
43107,2027,True
43108,1793,False
43109,2503,False
43110,3570,False
43111,2399,False
43112,4481,False
43113,2267,True
43114,3642,True
43115,2701,True
43116,1288,False
43117,2848,False
43118,2975,True
43119,2968,False
43120,2503,False
43121,3003,True
43122,1393,False
43123,2236,True
43124,2262,True
43125,1669,True
43126,3472,False
43127,2155,False
43128,3502,False
43129,4502,False
43130,2819,False
43131,1354,True
43132,2409,False
43133,3314,False
43134,3036,False
43135,1903,True
43136,2040,True
43137,2353,False
43138,2109,False
43139,3216,False
43140,1470,True
43141,3316,True
43142,2489,False
43143,1809,True
43144,1725,True
43145,1274,True
43146,2544,True
43147,3188,True
43148,2353,False
43149,1951,True
43150,2153,True
43151,2544,True
43152,1838,False
43153,2655,True
43154,2306,True
43155,3436,False
43156,3043,False
43157,2635,True
43158,2495,False
43159,3319,True
43160,1800,False
43161,2620,True
43162,1621,True
43163,2296,False
43164,1968,False
43165,3183,False
43166,1884,False
43167,2499,True
43168,2371,False
43169,1638,True
43170,2588,True
43171,3502,False
43172,2443,True
43173,3266,False
43174,2364,False
43175,3189,True
43176,2615,False
43177,1523,False
43178,1519,True
43179,1908,False
43180,2546,False
43181,2147,True
43182,2217,False
43183,2805,False
43184,2981,False
43185,1580,True
43186,1731,False
43187,3525,True
43188,3469,True
43189,2101,True
43190,2586,True
43191,2939,False
43192,1416,True
43193,2419,True
43194,2688,False
43195,2212,False
43196,2353,True
43197,1711,False
43198,1582,True
43199,1724,True
43200,1989,False
43201,3068,True
43202,1754,False
43203,1383,True
43204,1590,False
43205,3173,False
43206,2233,True
43207,2274,True
43208,1729,True
43209,1855,True
43210,3110,False
43211,2454,False
43212,1696,False
43213,3122,False
43214,2524,True
43215,2603,False
43216,2150,True
43217,2508,False
43218,3036,False
43219,2372,False
43220,3026,True
43221,2334,False
43222,1973,True
43223,2066,False
43224,2100,True
43225,1768,True
43226,2619,True
43227,3105,False
43228,2508,False
43229,2944,False
43230,2809,False
43231,1761,False
43232,2479,False
43233,1301,True
43234,2078,False
43235,3028,False
43236,2251,True
43237,1993,True
43238,2963,False
43239,2942,False
43240,2122,True
43241,2212,False
43242,1733,True
43243,2510,False
43244,2848,False
43245,2809,False
43246,1316,True
43247,2793,True
43248,2495,False
43249,2525,True
43250,5395,True
43251,2387,False
43252,1915,True
43253,2248,True
43254,3052,True
43255,1964,True
43256,2125,True
43257,1806,True
43258,2808,True
43259,3163,True
43260,2533,False
43261,2012,False
43262,1999,False
43263,2624,False
43264,2190,True
43265,2153,True
43266,2842,False
43267,2262,False
43268,3037,True
43269,2555,True
43270,1775,True
43271,2897,True
43272,1795,True
43273,2141,False
43274,2360,True
43275,2694,True
43276,1511,False
43277,1987,False
43278,2401,False
43279,2433,False
43280,2642,True
43281,3122,True
43282,2190,True
43283,2591,True
43284,2013,False
43285,1770,False
43286,2178,False
43287,1661,True
43288,2293,True
43289,1078,True
43290,2041,True
43291,2220,True
43292,1466,True
43293,1564,True
43294,2211,True
43295,3519,False
43296,2806,False
43297,1330,True
43298,2342,True
43299,1999,True
43300,2117,True
43301,3033,False
43302,3184,True
43303,2603,False
43304,2369,True
43305,3451,True
43306,2896,False
43307,4184,True
43308,2020,True
43309,2427,False
43310,2294,False
43311,2119,False
43312,2578,True
43313,3025,True
43314,1847,False
43315,2900,False
43316,1985,True
43317,1471,True
43318,2577,False
43319,2051,False
43320,2571,False
43321,1624,True
43322,2939,False
43323,1110,True
43324,2315,True
43325,2423,True
43326,2630,False
43327,2614,True
43328,2497,True
43329,1480,False
43330,2829,True
43331,1591,True
43332,2365,True
43333,1284,True
43334,1965,True
43335,2145,True
43336,3036,True
43337,2318,True
43338,2265,False
43339,3478,False
43340,2450,True
43341,4211,True
43342,2539,True
43343,2204,False
43344,2044,False
43345,1996,True
43346,3585,True
43347,2933,False
43348,2227,True
43349,2969,False
43350,2677,True
43351,3126,False
43352,3388,True
43353,2023,True
43354,3112,True
43355,1953,True
43356,4533,True
43357,2354,True
43358,3611,False
43359,2566,False
43360,3007,False
43361,2105,True
43362,3037,False
43363,1738,False
43364,3869,False
43365,2367,False
43366,1717,True
43367,2780,False
43368,2682,False
43369,2350,False
43370,2153,True
43371,3106,True
43372,2474,True
43373,1470,True
43374,2751,True
43375,2237,False
43376,4526,True
43377,1766,True
43378,2965,True
43379,2390,True
43380,2686,True
43381,1718,False
43382,2388,True
43383,1532,False
43384,2569,True
43385,3210,False
43386,2465,True
43387,2106,False
43388,1944,False
43389,3398,False
43390,2346,False
43391,2582,False
43392,1482,True
43393,1281,True
43394,2319,False
43395,2257,False
43396,1666,False
43397,1731,False
43398,1685,False
43399,2579,False
43400,2281,False
43401,3017,True
43402,2152,False
43403,1555,True
43404,2126,False
43405,2937,False
43406,2212,False
43407,1524,True
43408,2568,True
43409,2360,True
43410,1726,True
43411,2816,True
43412,1357,False
43413,2574,False
43414,3301,True
43415,2667,False
43416,3544,False
43417,1646,False
43418,1779,True
43419,3250,True
43420,2171,True
43421,1550,False
43422,3222,False
43423,1769,True
43424,2501,True
43425,2646,True
43426,2669,False
43427,2014,False
43428,2997,False
43429,2265,True
43430,2676,False
43431,1616,True
43432,2761,True
43433,3291,False
43434,1515,False
43435,3139,False
43436,2146,True
43437,2028,True
43438,1749,True
43439,2205,False
43440,1897,False
43441,2993,False
43442,2644,False
43443,2799,True
43444,2580,True
43445,3419,True
43446,2522,True
43447,1974,False
43448,2781,False
43449,2578,True
43450,2088,True
43451,2856,False
43452,2327,True
43453,1753,True
43454,1940,True
43455,1869,True
43456,3382,False
43457,2221,True
43458,1516,False
43459,1589,False
43460,3265,True
43461,2109,False
43462,2443,True
43463,2471,False
43464,2255,True
43465,2398,True
43466,2660,True
43467,3816,False
43468,2020,True
43469,2252,False
43470,3244,True
43471,1676,True
43472,2801,True
43473,2993,True
43474,2182,False
43475,2754,False
43476,1811,False
43477,2920,True
43478,2506,False
43479,2606,False
43480,2512,True
43481,3348,False
43482,2551,False
43483,1622,False
43484,1817,True
43485,3125,False
43486,2433,False
43487,3419,False
43488,2128,False
43489,1393,True
43490,3629,False
43491,1822,False
43492,1846,False
43493,2678,True
43494,3002,False
43495,2459,True
43496,1930,False
43497,2232,True
43498,1951,False
43499,1145,True
43500,2588,True
43501,3738,False
43502,1459,False
43503,3783,True
43504,3034,False
43505,2359,False
43506,3025,False
43507,3263,False
43508,2776,True
43509,2199,True
43510,2676,False
43511,2486,True
43512,3038,True
43513,1830,True
43514,2810,True
43515,2550,False
43516,1771,False
43517,2629,False
43518,2606,False
43519,1745,False
43520,1784,False
43521,1618,True
43522,2784,True
43523,2400,True
43524,3504,False
43525,3674,True
43526,2908,False
43527,1343,False
43528,2179,True
43529,1850,False
43530,2129,False
43531,2615,True
43532,1748,True
43533,1592,False
43534,3024,True
43535,2066,False
43536,1941,True
43537,2520,False
43538,2602,True
43539,2786,False
43540,2890,False
43541,3331,True
43542,2636,True
43543,2640,False
43544,3208,False
43545,3101,True
43546,2592,False
43547,1812,False
43548,2341,True
43549,2864,False
43550,2226,True
43551,2426,True
43552,2280,False
43553,1237,False
43554,2070,False
43555,2049,False
43556,2495,True
43557,1757,False
43558,2016,False
43559,3231,True
43560,2039,True
43561,2126,True
43562,1976,False
43563,4077,False
43564,2180,False
43565,2849,True
43566,1812,True
43567,2598,False
43568,2593,False
43569,2233,True
43570,3118,False
43571,1870,False
43572,1571,True
43573,2374,True
43574,3335,True
43575,2264,False
43576,3330,True
43577,1992,False
43578,1788,False
43579,2247,True
43580,3266,True
43581,2351,False
43582,2070,False
43583,2566,False
43584,1789,True
43585,2258,True
43586,4056,False
43587,1202,True
43588,3593,False
43589,3733,True
43590,2663,True
43591,2845,True
43592,2268,True
43593,3652,True
43594,3385,False
43595,2474,False
43596,2493,False
43597,1995,True
43598,923,False
43599,1971,True
43600,2067,False
43601,2259,True
43602,1704,True
43603,2250,True
43604,3442,False
43605,2165,True
43606,1383,True
43607,1997,True
43608,2362,True
43609,2203,False
43610,2661,True
43611,2048,False
43612,2547,False
43613,1558,True
43614,2340,False
43615,3885,True
43616,2770,False
43617,2013,True
43618,2636,True
43619,3155,False
43620,2638,True
43621,2888,False
43622,1834,False
43623,2290,True
43624,2218,False
43625,2520,False
43626,1656,True
43627,2681,True
43628,1737,True
43629,2818,False
43630,2946,True
43631,1305,True
43632,3391,False
43633,4073,False
43634,2870,True
43635,1887,True
43636,2261,False
43637,3266,False
43638,1967,True
43639,3504,False
43640,3060,True
43641,2991,False
43642,2254,True
43643,1751,True
43644,2931,True
43645,2419,True
43646,1790,True
43647,2013,True
43648,3172,False
43649,2481,False
43650,3681,True
43651,2384,True
43652,3103,True
43653,3311,False
43654,2573,False
43655,2265,False
43656,2991,False
43657,1953,True
43658,1910,True
43659,2133,True
43660,3373,True
43661,2200,True
43662,2029,True
43663,2346,False
43664,1758,True
43665,2744,True
43666,3008,True
43667,4316,False
43668,3927,True
43669,2283,True
43670,2005,False
43671,2496,False
43672,2691,True
43673,2531,True
43674,2296,True
43675,2514,True
43676,2884,False
43677,1588,False
43678,2429,False
43679,3029,False
43680,1326,True
43681,2049,False
43682,2179,False
43683,2453,False
43684,1703,True
43685,2250,True
43686,3075,False
43687,2485,True
43688,2077,True
43689,2024,True
43690,2712,False
43691,1869,True
43692,2451,True
43693,1338,True
43694,2070,True
43695,1636,True
43696,2588,True
43697,2399,False
43698,3330,True
43699,2210,True
43700,3404,True
43701,1692,False
43702,2306,False
43703,1959,False
43704,2102,True
43705,2916,False
43706,2790,True
43707,3155,True
43708,1620,True
43709,1099,True
43710,3277,False
43711,1704,False
43712,3633,False
43713,2493,False
43714,2339,False
43715,3441,True
43716,3394,True
43717,3378,False
43718,2099,True
43719,2007,False
43720,1852,False
43721,3290,False
43722,2486,False
43723,3204,True
43724,2132,True
43725,2894,True
43726,1513,False
43727,2239,True
43728,2236,False
43729,2242,True
43730,2570,False
43731,2643,False
43732,2696,True
43733,2120,True
43734,2662,True
43735,2512,False
43736,2688,False
43737,2893,False
43738,1785,True
43739,2224,True
43740,2268,True
43741,2948,False
43742,2594,True
43743,2009,False
43744,2089,True
43745,2284,True
43746,2659,False
43747,2722,False
43748,2088,True
43749,2655,False
43750,3293,False
43751,1716,False
43752,2558,True
43753,2294,True
43754,2497,True
43755,2206,False
43756,2403,False
43757,3139,False
43758,2126,False
43759,2093,False
43760,2342,False
43761,1373,True
43762,2393,True
43763,3384,True
43764,1868,True
43765,2168,False
43766,1408,False
43767,1339,False
43768,2538,False
43769,2596,True
43770,2495,True
43771,2093,True
43772,1949,True
43773,2161,False
43774,3118,True
43775,3623,False
43776,2894,False
43777,2807,False
43778,2212,False
43779,4277,False
43780,2661,False
43781,2540,False
43782,2736,True
43783,2632,True
43784,3588,False
43785,2450,True
43786,2201,False
43787,2478,True
43788,1743,True
43789,1648,True
43790,2120,False
43791,2863,True
43792,2574,True
43793,2942,False
43794,1599,True
43795,1828,True
43796,2137,True
43797,2932,True
43798,3108,False
43799,1947,True
43800,2217,False
43801,2381,True
43802,2206,False
43803,2880,False
43804,1982,True
43805,2223,True
43806,1675,True
43807,2636,True
43808,2199,False
43809,1994,True
43810,2370,True
43811,2093,True
43812,2197,True
43813,4560,True
43814,2595,True
43815,2526,True
43816,2208,False
43817,1652,True
43818,2389,False
43819,2666,True
43820,3196,True
43821,3812,False
43822,2239,True
43823,1388,True
43824,2233,True
43825,2190,True
43826,2447,False
43827,2421,False
43828,3516,True
43829,3026,True
43830,2418,True
43831,1468,True
43832,3042,True
43833,2100,True
43834,1996,True
43835,2284,True
43836,3363,True
43837,2056,False
43838,3278,False
43839,2059,False
43840,2427,True
43841,2849,False
43842,2912,False
43843,2666,True
43844,2918,False
43845,2945,True
43846,2396,False
43847,2286,True
43848,1535,False
43849,2537,True
43850,2466,False
43851,1810,False
43852,2397,False
43853,2285,False
43854,3021,True
43855,2753,False
43856,2522,False
43857,2679,True
43858,2571,True
43859,3090,True
43860,2217,False
43861,2174,True
43862,3842,True
43863,1992,False
43864,2030,True
43865,1723,False
43866,2909,True
43867,2485,True
43868,2847,False
43869,1546,True
43870,2124,True
43871,2223,False
43872,2517,False
43873,2193,True
43874,2804,False
43875,1433,False
43876,2735,False
43877,3846,True
43878,2999,False
43879,2222,False
43880,2077,True
43881,2825,True
43882,1548,False
43883,2339,True
43884,2151,True
43885,2432,True
43886,1981,False
43887,1940,False
43888,2331,False
43889,1764,True
43890,2648,True
43891,2638,False
43892,2293,False
43893,2635,True
43894,1943,True
43895,2815,False
43896,2826,True
43897,1893,True
43898,1960,True
43899,1960,False
43900,2029,True
43901,2737,True
43902,2792,True
43903,1666,True
43904,2975,False
43905,2992,True
43906,3453,False
43907,2009,True
43908,1943,False
43909,2061,False
43910,2488,False
43911,1996,True
43912,2559,False
43913,2267,True
43914,2459,False
43915,2026,True
43916,2276,True
43917,3554,True
43918,2436,False
43919,2235,False
43920,2386,True
43921,1822,False
43922,1947,True
43923,2019,False
43924,2932,False
43925,3533,True
43926,1820,False
43927,2841,True
43928,1900,True
43929,3632,False
43930,2465,True
43931,2513,True
43932,3163,True
43933,2276,True
43934,2900,True
43935,1872,False
43936,1961,True
43937,1620,False
43938,1827,True
43939,4338,True
43940,3419,False
43941,2366,False
43942,2103,True
43943,2253,True
43944,3302,False
43945,3408,False
43946,1524,True
43947,3669,False
43948,3091,True
43949,1271,True
43950,2764,True
43951,2883,False
43952,2967,True
43953,2737,False
43954,2500,True
43955,2340,False
43956,2099,False
43957,2512,False
43958,2708,False
43959,3916,False
43960,3221,True
43961,1705,True
43962,3654,False
43963,2623,False
43964,1789,False
43965,2589,False
43966,1943,False
43967,2195,True
43968,2922,True
43969,2256,True
43970,3133,True
43971,2075,True
43972,2719,True
43973,2723,True
43974,2221,False
43975,2223,True
43976,3676,False
43977,2996,False
43978,3210,False
43979,2387,False
43980,2355,False
43981,2731,True
43982,2620,True
43983,1193,True
43984,2874,False
43985,2180,True
43986,2453,False
43987,2410,True
43988,2337,False
43989,1628,True
43990,2334,False
43991,3273,False
43992,2374,True
43993,2071,True
43994,3176,False
43995,1922,True
43996,1816,True
43997,3183,False
43998,2669,False
43999,2156,False
44000,2328,True
44001,2652,True
44002,3026,False
44003,2453,False
44004,2147,True
44005,3824,True
44006,3109,True
44007,2782,True
44008,2018,True
44009,3791,True
44010,1431,True
44011,2573,False
44012,2996,True
44013,2532,True
44014,1936,False
44015,1955,False
44016,3303,False
44017,2314,True
44018,1337,True
44019,2030,False
44020,1630,True
44021,1550,True
44022,1597,True
44023,1814,True
44024,2341,True
44025,2365,True
44026,1737,False
44027,2927,False
44028,2462,False
44029,2065,True
44030,2573,False
44031,2411,True
44032,1913,True
44033,2871,False
44034,1915,True
44035,2636,False
44036,1767,False
44037,3417,False
44038,2624,True
44039,1526,False
44040,2811,True
44041,1772,False
44042,1667,True
44043,2345,False
44044,2993,False
44045,2419,False
44046,2912,True
44047,2253,False
44048,3478,True
44049,2419,False
44050,3058,False
44051,2013,True
44052,1736,True
44053,2558,True
44054,3007,True
44055,2830,True
44056,2084,False
44057,2231,True
44058,1775,True
44059,2378,True
44060,2951,False
44061,2821,False
44062,1974,True
44063,1898,True
44064,2798,True
44065,1815,True
44066,2275,True
44067,3757,False
44068,2939,False
44069,2757,False
44070,2166,True
44071,2372,False
44072,1822,False
44073,2809,False
44074,2972,True
44075,2378,False
44076,2034,False
44077,1799,True
44078,2107,True
44079,2643,True
44080,1946,False
44081,2554,False
44082,2603,True
44083,1450,True
44084,3430,False
44085,2640,True
44086,3276,True
44087,2478,False
44088,3392,False
44089,2217,True
44090,3583,True
44091,3934,True
44092,1973,False
44093,2366,False
44094,2437,True
44095,2449,True
44096,1993,False
44097,2822,True
44098,1883,True
44099,1828,False
44100,1611,True
44101,2072,True
44102,2811,False
44103,2161,True
44104,3765,True
44105,2408,True
44106,3329,False
44107,3302,False
44108,3389,False
44109,3091,True
44110,2148,False
44111,1782,False
44112,3001,True
44113,4604,False
44114,2120,False
44115,2991,False
44116,2312,False
44117,3623,True
44118,2377,True
44119,2607,False
44120,2425,True
44121,2562,True
44122,3220,False
44123,2773,False
44124,3284,True
44125,2368,False
44126,1188,True
44127,2538,True
44128,2390,True
44129,3137,False
44130,1710,True
44131,2089,True
44132,3308,False
44133,2985,False
44134,2400,True
44135,2639,True
44136,2939,False
44137,2135,True
44138,3262,False
44139,2540,True
44140,2137,True
44141,2731,True
44142,2164,True
44143,2296,True
44144,955,True
44145,3229,False
44146,2264,True
44147,2485,False
44148,3260,False
44149,2511,False
44150,3040,False
44151,1491,True
44152,3136,False
44153,2539,True
44154,3263,False
44155,2030,True
44156,2379,False
44157,2650,True
44158,1915,True
44159,2340,True
44160,2540,True
44161,1356,False
44162,2172,True
44163,2541,True
44164,2841,False
44165,1551,True
44166,2410,True
44167,3097,False
44168,2426,True
44169,2718,False
44170,2852,False
44171,2550,False
44172,2480,False
44173,1823,False
44174,2800,False
44175,2827,True
44176,1946,False
44177,2108,False
44178,2304,False
44179,1939,False
44180,2142,True
44181,2671,True
44182,3293,False
44183,2731,False
44184,2163,False
44185,2151,False
44186,2480,True
44187,3565,False
44188,3083,True
44189,2910,False
44190,1941,True
44191,1562,True
44192,1786,False
44193,2183,False
44194,3173,True
44195,2089,True
44196,2395,True
44197,1644,False
44198,2729,False
44199,4488,False
44200,1715,False
44201,2368,False
44202,3062,False
44203,4849,True
44204,1855,True
44205,1975,True
44206,3552,False
44207,1910,True
44208,1909,True
44209,2098,False
44210,2774,False
44211,2789,False
44212,2229,True
44213,2275,False
44214,2220,True
44215,2015,False
44216,3308,False
44217,3743,False
44218,1985,True
44219,1756,False
44220,2521,True
44221,2360,False
44222,4012,True
44223,2056,False
44224,2514,False
44225,3197,False
44226,2196,True
44227,2418,False
44228,2870,True
44229,2795,False
44230,2029,False
44231,2058,True
44232,1727,True
44233,2647,False
44234,2664,False
44235,2457,True
44236,3728,False
44237,2211,False
44238,2910,True
44239,3863,True
44240,3055,True
44241,2557,True
44242,2441,True
44243,4074,False
44244,2256,False
44245,1796,True
44246,1756,False
44247,2293,True
44248,3001,False
44249,2449,False
44250,2745,True
44251,2861,False
44252,2416,False
44253,2474,False
44254,2367,False
44255,2661,True
44256,3308,False
44257,3364,True
44258,2149,False
44259,2415,False
44260,2437,True
44261,1944,False
44262,1590,True
44263,2969,True
44264,3035,False
44265,2127,False
44266,2610,True
44267,1740,False
44268,1725,True
44269,2336,True
44270,3229,False
44271,2838,False
44272,2866,True
44273,3892,True
44274,3202,False
44275,2626,True
44276,3342,False
44277,2054,True
44278,2220,True
44279,3831,False
44280,2033,True
44281,2726,True
44282,3215,False
44283,3270,False
44284,2428,True
44285,1847,True
44286,1971,False
44287,2410,False
44288,3425,True
44289,1973,True
44290,2254,False
44291,1503,True
44292,1753,True
44293,2330,False
44294,3000,True
44295,3433,False
44296,2645,False
44297,1700,True
44298,2277,False
44299,2347,False
44300,2804,False
44301,3962,False
44302,1825,False
44303,2151,True
44304,2689,True
44305,2276,True
44306,3137,False
44307,2432,False
44308,2268,True
44309,2111,False
44310,1423,False
44311,2279,False
44312,1614,True
44313,1737,False
44314,2213,True
44315,1775,False
44316,1401,True
44317,2339,True
44318,2187,False
44319,2309,True
44320,2598,True
44321,2023,True
44322,1815,False
44323,2466,False
44324,2342,False
44325,2814,False
44326,3093,False
44327,2251,True
44328,2632,True
44329,2491,False
44330,1678,False
44331,1709,True
44332,2110,False
44333,2167,False
44334,2680,False
44335,1714,True
44336,2371,False
44337,2048,True
44338,3010,True
44339,2486,False
44340,3148,False
44341,2521,False
44342,1599,False
44343,2681,True
44344,2220,False
44345,2838,False
44346,2545,False
44347,2584,False
44348,3074,True
44349,1798,False
44350,3368,True
44351,2817,True
44352,1688,False
44353,1967,True
44354,3536,True
44355,1509,True
44356,2749,False
44357,2989,True
44358,3573,True
44359,3213,False
44360,2431,True
44361,2042,True
44362,1172,True
44363,2261,True
44364,1561,True
44365,1898,True
44366,2581,False
44367,2943,True
44368,3087,False
44369,1945,True
44370,2426,True
44371,2893,False
44372,3010,True
44373,2430,False
44374,2360,False
44375,2404,False
44376,2081,True
44377,2640,True
44378,2671,False
44379,1464,True
44380,2425,False
44381,1743,False
44382,2727,False
44383,2239,False
44384,2453,True
44385,2863,False
44386,1756,True
44387,2708,False
44388,1874,True
44389,1876,True
44390,2442,False
44391,1892,True
44392,2690,True
44393,3452,True
44394,1933,True
44395,2578,False
44396,3231,False
44397,3008,True
44398,2630,True
44399,3491,True
44400,2059,True
44401,2568,True
44402,1370,True
44403,1558,True
44404,2823,True
44405,2104,True
44406,2694,False
44407,2395,False
44408,2625,True
44409,3104,True
44410,1791,False
44411,3031,True
44412,1872,False
44413,1459,True
44414,2548,True
44415,3051,True
44416,1627,False
44417,3316,True
44418,2808,True
44419,2472,True
44420,3028,False
44421,2358,False
44422,1753,True
44423,1683,True
44424,2425,True
44425,2156,False
44426,2402,True
44427,2576,False
44428,773,True
44429,3332,True
44430,2794,False
44431,2206,False
44432,1607,False
44433,3004,False
44434,1388,True
44435,2202,False
44436,2180,False
44437,1824,False
44438,2550,False
44439,3064,True
44440,2149,False
44441,3847,True
44442,3200,False
44443,2665,True
44444,1277,True
44445,2759,True
44446,1942,True
44447,3037,False
44448,1979,True
44449,2638,False
44450,2134,False
44451,2358,False
44452,1297,True
44453,1603,False
44454,2303,False
44455,2527,False
44456,2752,True
44457,2253,False
44458,1818,False
44459,2638,False
44460,1586,True
44461,1802,False
44462,2064,False
44463,2878,False
44464,1586,False
44465,2605,True
44466,2682,True
44467,2511,False
44468,1426,False
44469,2420,True
44470,3160,False
44471,3419,False
44472,2392,True
44473,2431,False
44474,2536,True
44475,2721,False
44476,1954,True
44477,2528,True
44478,1772,True
44479,1134,True
44480,3205,False
44481,2516,True
44482,2759,False
44483,2744,True
44484,3201,True
44485,3539,True
44486,2407,False
44487,1738,False
44488,2100,True
44489,1410,True
44490,2123,True
44491,3264,False
44492,3836,False
44493,3285,True
44494,2466,True
44495,3208,True
44496,2432,True
44497,3562,True
44498,2537,True
44499,2352,True
44500,2426,False
44501,2434,True
44502,1891,True
44503,2861,True
44504,3394,True
44505,2848,False
44506,2048,True
44507,2657,False
44508,2690,False
44509,3865,False
44510,2117,True
44511,3068,True
44512,2519,False
44513,3088,False
44514,2531,False
44515,2996,False
44516,2645,True
44517,1983,True
44518,3088,True
44519,2160,True
44520,2031,True
44521,2066,True
44522,2142,True
44523,2435,False
44524,2049,True
44525,1590,True
44526,1803,True
44527,2956,True
44528,2240,False
44529,1525,True
44530,2823,True
44531,1779,False
44532,2509,True
44533,2990,False
44534,2894,True
44535,3358,False
44536,2067,False
44537,2069,False
44538,2337,False
44539,2360,True
44540,4345,False
44541,2659,True
44542,1451,True
44543,2862,False
44544,2388,True
44545,1780,True
44546,4242,True
44547,3007,False
44548,3191,False
44549,2175,True
44550,2883,False
44551,1548,False
44552,3907,False
44553,1865,False
44554,2169,False
44555,2042,False
44556,1315,False
44557,3235,False
44558,3507,True
44559,2017,True
44560,2371,True
44561,2516,False
44562,3058,False
44563,1093,False
44564,2489,False
44565,1718,True
44566,3161,False
44567,2304,True
44568,1991,True
44569,2610,False
44570,2366,True
44571,2023,True
44572,2454,True
44573,2168,False
44574,2917,False
44575,2668,True
44576,2951,False
44577,2447,False
44578,2985,True
44579,3093,True
44580,2625,False
44581,2316,False
44582,3413,True
44583,2701,False
44584,4238,True
44585,2641,True
44586,2064,False
44587,1513,True
44588,3098,False
44589,2556,True
44590,3662,False
44591,2007,False
44592,2114,True
44593,3646,True
44594,2237,False
44595,2551,False
44596,2622,True
44597,2314,True
44598,2036,True
44599,2581,True
44600,3755,False
44601,2762,False
44602,2610,True
44603,2190,True
44604,2327,True
44605,1471,False
44606,1868,False
44607,3511,True
44608,3039,False
44609,2791,False
44610,2456,True
44611,3187,False
44612,3878,False
44613,2710,False
44614,2554,False
44615,2074,True
44616,2088,False
44617,2793,True
44618,2490,True
44619,2213,False
44620,1682,True
44621,1527,True
44622,1533,True
44623,1700,True
44624,1948,True
44625,2841,True
44626,2004,False
44627,2416,True
44628,3288,False
44629,2003,True
44630,1626,True
44631,2522,True
44632,3027,False
44633,2385,False
44634,2308,False
44635,2055,False
44636,2458,True
44637,1824,False
44638,2456,True
44639,1958,False
44640,2262,False
44641,3088,True
44642,2831,True
44643,1540,True
44644,2089,True
44645,2078,True
44646,2777,False
44647,2866,False
44648,2063,True
44649,2895,False
44650,3205,False
44651,3208,False
44652,2644,False
44653,3235,False
44654,3234,True
44655,3057,False
44656,3269,True
44657,1501,True
44658,2702,True
44659,3277,True
44660,2549,False
44661,3398,True
44662,2040,False
44663,2031,True
44664,4282,True
44665,1739,True
44666,1575,False
44667,3462,False
44668,2534,False
44669,2857,False
44670,3807,False
44671,3924,False
44672,1763,True
44673,2140,True
44674,3062,False
44675,2884,True
44676,3615,True
44677,1896,True
44678,1757,False
44679,4081,True
44680,2238,False
44681,2706,False
44682,2735,False
44683,2799,True
44684,2698,True
44685,1950,False
44686,1568,True
44687,3227,False
44688,2151,False
44689,3236,True
44690,3031,False
44691,507,True
44692,2004,True
44693,1450,True
44694,2393,True
44695,3394,True
44696,3170,True
44697,2303,True
44698,2350,False
44699,1872,False
44700,1762,False
44701,2761,False
44702,3421,True
44703,2233,False
44704,2028,True
44705,1936,True
44706,3330,False
44707,1560,False
44708,3119,False
44709,2192,True
44710,3015,False
44711,1802,True
44712,1877,False
44713,2249,False
44714,1640,False
44715,1785,False
44716,1869,False
44717,3033,False
44718,3142,False
44719,2095,True
44720,2295,False
44721,2679,True
44722,2713,False
44723,2403,False
44724,2664,False
44725,3356,False
44726,1734,True
44727,2758,True
44728,3146,False
44729,2937,False
44730,2737,True
44731,1584,False
44732,2614,False
44733,2636,True
44734,2430,False
44735,3344,False
44736,3558,False
44737,3986,True
44738,2168,False
44739,1818,False
44740,1331,True
44741,1599,True
44742,2059,False
44743,2937,True
44744,2342,True
44745,3933,False
44746,2951,True
44747,2174,True
44748,1819,False
44749,2878,False
44750,2700,False
44751,4441,True
44752,2787,False
44753,1238,True
44754,3265,True
44755,2876,False
44756,3555,True
44757,2045,False
44758,3323,False
44759,1366,False
44760,1876,True
44761,2410,False
44762,2613,True
44763,2226,True
44764,3001,False
44765,3176,False
44766,1576,True
44767,2408,False
44768,1937,False
44769,3517,False
44770,3225,True
44771,2552,True
44772,1302,True
44773,2844,False
44774,1692,False
44775,2883,True
44776,1690,False
44777,2770,True
44778,2195,True
44779,3015,False
44780,1646,True
44781,2924,True
44782,1769,False
44783,2397,True
44784,2198,False
44785,3174,False
44786,1631,True
44787,2085,True
44788,2272,True
44789,2659,False
44790,2665,False
44791,1845,False
44792,2488,True
44793,1544,False
44794,3017,False
44795,2567,True
44796,1971,True
44797,1777,True
44798,2135,True
44799,2749,True
44800,3724,True
44801,1249,True
44802,2365,True
44803,1956,True
44804,2924,False
44805,2724,True
44806,2041,True
44807,2011,True
44808,1778,True
44809,1615,True
44810,2857,False
44811,3160,False
44812,1648,True
44813,2081,True
44814,1731,False
44815,2216,True
44816,3205,True
44817,3656,True
44818,2122,False
44819,2369,False
44820,1772,True
44821,1774,True
44822,2758,False
44823,2731,False
44824,3274,True
44825,1729,False
44826,3026,False
44827,2617,True
44828,2684,True
44829,3304,True
44830,1714,True
44831,2304,True
44832,2025,True
44833,2463,False
44834,2581,True
44835,2463,False
44836,2985,False
44837,2661,True
44838,3268,False
44839,2536,True
44840,3063,False
44841,2721,True
44842,1962,True
44843,2290,False
44844,2251,True
44845,2100,False
44846,2880,True
44847,2668,False
44848,1896,True
44849,2111,False
44850,3213,True
44851,2064,False
44852,2778,True
44853,1921,True
44854,3264,True
44855,2237,False
44856,1844,False
44857,1820,False
44858,2744,True
44859,2768,True
44860,2300,False
44861,2122,True
44862,2726,False
44863,2844,False
44864,3015,True
44865,2299,False
44866,3360,False
44867,2786,False
44868,2349,True
44869,2510,True
44870,2793,True
44871,3542,True
44872,2183,True
44873,1868,False
44874,2749,True
44875,2298,True
44876,3186,True
44877,2841,True
44878,2098,False
44879,1471,True
44880,2424,False
44881,1929,True
44882,2430,True
44883,2643,False
44884,2149,True
44885,1935,False
44886,3900,False
44887,3443,True
44888,3770,False
44889,1447,True
44890,1819,True
44891,2579,True
44892,2170,True
44893,2162,False
44894,1574,True
44895,3906,True
44896,2543,True
44897,2425,True
44898,1750,True
44899,3290,True
44900,2538,True
44901,1963,True
44902,2307,False
44903,2300,False
44904,3225,True
44905,2472,True
44906,3365,False
44907,2879,True
44908,274,True
44909,2188,True
44910,3889,False
44911,1673,False
44912,2339,False
44913,2974,False
44914,2881,False
44915,2211,True
44916,1720,False
44917,2010,False
44918,2259,True
44919,1776,False
44920,2754,True
44921,3050,True
44922,1716,True
44923,2123,False
44924,2581,False
44925,3993,False
44926,2692,True
44927,3158,False
44928,2957,True
44929,3037,False
44930,2490,True
44931,3295,False
44932,1707,True
44933,2012,True
44934,2065,True
44935,1658,True
44936,2280,True
44937,2464,False
44938,2365,True
44939,2673,False
44940,1651,True
44941,2160,True
44942,2290,False
44943,2990,False
44944,4360,False
44945,3512,False
44946,2842,False
44947,2812,False
44948,2398,False
44949,1983,False
44950,2629,True
44951,2692,True
44952,2620,True
44953,2096,True
44954,1181,False
44955,2822,False
44956,1886,False
44957,2727,False
44958,2139,False
44959,1871,True
44960,2670,True
44961,3053,True
44962,3034,True
44963,2113,True
44964,2544,True
44965,1706,True
44966,2367,False
44967,2333,True
44968,2266,False
44969,2345,True
44970,2920,True
44971,2587,True
44972,2326,False
44973,2138,False
44974,3240,False
44975,1955,True
44976,2366,True
44977,3400,True
44978,3122,True
44979,2760,True
44980,3036,True
44981,1441,False
44982,2869,False
44983,3446,True
44984,2034,False
44985,1829,True
44986,1437,False
44987,1742,True
44988,3216,True
44989,1808,True
44990,2558,True
44991,3683,False
44992,2304,False
44993,2854,True
44994,2769,True
44995,2358,True
44996,1664,True
44997,2048,False
44998,2230,False
44999,3483,True
45000,2009,False
45001,2738,True
45002,1861,False
45003,2247,True
45004,2908,True
45005,2888,False
45006,2093,False
45007,2474,True
45008,2793,False
45009,2420,False
45010,2192,True
45011,2609,False
45012,3838,True
45013,3155,False
45014,2509,False
45015,2100,False
45016,1414,True
45017,1816,False
45018,2293,False
45019,2454,True
45020,2062,False
45021,2041,False
45022,2885,False
45023,2633,True
45024,1555,True
45025,2964,True
45026,3541,True
45027,2028,True
45028,4525,False
45029,2733,False
45030,2248,False
45031,2450,False
45032,2125,False
45033,2598,False
45034,3223,True
45035,3981,False
45036,2051,True
45037,2337,False
45038,2049,False
45039,1934,False
45040,2231,True
45041,2873,False
45042,3332,False
45043,826,True
45044,4181,True
45045,2175,True
45046,1429,True
45047,2599,False
45048,1846,False
45049,3025,True
45050,2619,False
45051,2049,True
45052,2059,False
45053,2458,True
45054,2675,True
45055,2915,True
45056,1754,True
45057,3076,False
45058,2858,True
45059,3202,True
45060,2846,True
45061,1712,False
45062,2863,True
45063,2027,False
45064,2850,True
45065,2291,True
45066,2590,True
45067,2229,True
45068,2304,True
45069,3507,False
45070,2060,True
45071,2993,True
45072,4115,True
45073,2107,False
45074,2177,False
45075,2083,True
45076,2503,True
45077,1207,True
45078,2124,True
45079,1561,True
45080,1928,True
45081,2232,True
45082,2329,False
45083,2605,False
45084,2305,True
45085,1623,True
45086,1958,False
45087,2191,False
45088,2302,False
45089,2872,False
45090,3042,True
45091,2189,True
45092,2477,False
45093,2102,False
45094,2207,False
45095,2797,False
45096,2367,False
45097,2457,True
45098,1420,False
45099,3416,True
45100,1975,True
45101,1993,False
45102,3153,False
45103,2475,False
45104,2742,True
45105,3621,False
45106,1744,False
45107,1845,False
45108,3464,False
45109,2222,False
45110,3290,False
45111,2194,True
45112,2837,False
45113,2882,True
45114,2939,False
45115,2023,True
45116,2509,False
45117,2275,True
45118,2068,False
45119,1994,False
45120,2896,False
45121,2846,False
45122,1503,True
45123,3068,False
45124,3101,False
45125,3782,True
45126,3698,True
45127,1797,False
45128,1883,True
45129,3001,False
45130,2035,False
45131,1870,True
45132,2362,True
45133,3494,True
45134,4395,True
45135,2414,False
45136,2031,True
45137,1905,True
45138,1959,False
45139,2221,False
45140,2180,True
45141,2403,True
45142,2104,False
45143,1714,True
45144,3002,True
45145,3041,False
45146,3139,True
45147,2028,True
45148,1777,False
45149,2727,True
45150,2269,True
45151,1988,True
45152,3873,True
45153,2416,False
45154,2462,False
45155,2030,True
45156,3212,False
45157,2093,True
45158,1997,False
45159,1595,True
45160,2668,True
45161,1623,False
45162,2158,False
45163,3052,False
45164,2876,True
45165,2210,False
45166,2336,False
45167,1261,False
45168,2215,False
45169,2138,True
45170,1688,False
45171,2325,False
45172,2972,True
45173,1662,False
45174,2117,True
45175,2410,False
45176,2511,False
45177,1827,True
45178,3563,False
45179,3564,False
45180,3464,True
45181,2012,True
45182,2306,False
45183,1006,True
45184,3730,False
45185,1530,True
45186,2039,True
45187,2571,True
45188,2661,False
45189,3407,True
45190,3234,True
45191,2257,False
45192,1982,True
45193,2333,False
45194,3648,False
45195,3039,True
45196,3088,True
45197,3465,True
45198,2407,False
45199,2209,True
45200,2099,True
45201,3258,False
45202,2569,False
45203,3986,True
45204,1913,False
45205,2129,True
45206,2825,False
45207,2417,True
45208,1768,True
45209,4304,False
45210,2125,False
45211,2204,False
45212,2305,True
45213,3072,False
45214,2123,False
45215,2027,True
45216,1904,True
45217,1293,True
45218,2080,True
45219,2906,True
45220,2953,False
45221,2313,False
45222,3128,True
45223,1895,False
45224,2395,False
45225,2431,True
45226,3212,False
45227,2580,False
45228,1586,True
45229,1730,True
45230,2559,False
45231,1497,True
45232,2063,False
45233,2960,False
45234,3948,False
45235,2058,True
45236,1994,True
45237,3196,False
45238,2127,False
45239,1749,True
45240,1951,True
45241,1711,True
45242,2632,False
45243,3702,True
45244,2382,True
45245,3823,True
45246,2301,True
45247,4058,True
45248,3498,False
45249,2214,False
45250,1555,False
45251,3299,False
45252,1579,True
45253,2848,True
45254,2636,True
45255,2192,True
45256,3058,True
45257,3231,False
45258,1642,False
45259,1836,False
45260,2456,False
45261,1699,True
45262,2361,False
45263,4162,False
45264,1935,True
45265,1806,False
45266,2488,False
45267,1878,False
45268,2794,True
45269,1618,True
45270,1689,False
45271,2863,True
45272,2825,True
45273,1670,False
45274,1816,False
45275,2536,False
45276,1245,True
45277,3890,False
45278,2388,False
45279,5328,False
45280,2021,True
45281,1896,True
45282,2492,False
45283,2470,False
45284,3596,False
45285,1830,False
45286,2388,False
45287,1981,True
45288,2064,True
45289,2785,True
45290,3114,False
45291,1220,False
45292,2487,False
45293,2507,True
45294,3066,False
45295,2603,False
45296,1502,False
45297,1978,True
45298,2427,False
45299,2493,True
45300,3354,False
45301,1553,False
45302,1601,True
45303,3883,True
45304,2763,True
45305,3159,False
45306,1599,True
45307,2961,True
45308,2961,False
45309,1515,True
45310,2482,True
45311,3668,False
45312,2140,False
45313,2118,False
45314,3022,True
45315,3012,False
45316,2933,False
45317,2080,True
45318,3063,True
45319,2657,False
45320,2251,True
45321,2295,True
45322,2758,False
45323,2178,True
45324,2799,True
45325,2014,True
45326,1978,True
45327,2759,False
45328,2801,True
45329,1838,True
45330,2279,True
45331,2670,True
45332,2807,True
45333,2233,False
45334,3010,False
45335,2908,True
45336,2935,False
45337,3467,False
45338,2034,False
45339,1875,True
45340,2193,False
45341,3290,False
45342,1281,True
45343,2126,False
45344,3718,False
45345,3108,False
45346,1965,True
45347,3072,True
45348,2525,True
45349,2339,True
45350,2200,False
45351,3011,True
45352,1936,False
45353,2012,True
45354,2990,False
45355,2065,False
45356,1937,False
45357,2725,True
45358,2118,True
45359,2372,False
45360,2183,False
45361,1697,True
45362,2631,True
45363,2244,True
45364,2695,True
45365,2571,True
45366,2431,False
45367,3775,False
45368,1948,False
45369,1545,True
45370,2391,False
45371,2418,True
45372,1948,True
45373,2794,False
45374,3524,False
45375,2119,True
45376,1500,True
45377,2813,False
45378,2066,True
45379,2775,False
45380,3618,False
45381,3350,False
45382,3885,True
45383,3650,False
45384,2582,True
45385,2118,True
45386,4344,True
45387,2350,True
45388,2000,False
45389,2439,False
45390,1932,True
45391,1783,False
45392,1394,False
45393,1940,False
45394,2277,False
45395,1951,True
45396,2191,True
45397,2851,True
45398,2286,True
45399,1915,True
45400,1079,False
45401,3890,True
45402,2282,False
45403,3474,False
45404,2397,False
45405,2469,True
45406,2897,True
45407,1852,True
45408,2356,True
45409,4538,False
45410,2459,False
45411,4152,True
45412,3164,False
45413,2205,True
45414,1899,True
45415,1663,True
45416,2350,True
45417,3331,False
45418,2065,False
45419,3080,True
45420,3166,False
45421,4141,True
45422,2910,False
45423,2752,False
45424,2791,False
45425,2139,False
45426,2576,True
45427,2659,False
45428,2639,True
45429,2695,False
45430,1714,False
45431,2431,True
45432,2420,False
45433,2115,True
45434,2532,False
45435,2429,False
45436,2244,False
45437,4321,False
45438,2357,True
45439,2521,True
45440,2072,True
45441,2157,False
45442,2690,False
45443,1491,True
45444,2424,False
45445,2382,False
45446,3081,False
45447,2791,False
45448,2436,True
45449,3619,False
45450,2595,False
45451,2064,True
45452,2622,False
45453,2778,False
45454,2569,True
45455,1429,True
45456,2145,False
45457,3009,False
45458,2366,True
45459,2036,False
45460,3655,False
45461,2212,True
45462,2368,True
45463,2520,True
45464,2342,True
45465,2250,False
45466,2255,True
45467,2893,True
45468,2147,False
45469,2957,False
45470,3608,True
45471,1955,False
45472,3434,False
45473,2934,True
45474,2206,True
45475,2481,False
45476,1855,False
45477,1545,False
45478,788,True
45479,1725,True
45480,2563,False
45481,2582,False
45482,2206,False
45483,2424,True
45484,2473,True
45485,4130,False
45486,2234,False
45487,2326,False
45488,2335,True
45489,2069,True
45490,3834,True
45491,2424,True
45492,2773,False
45493,2466,True
45494,2639,True
45495,2022,True
45496,2767,True
45497,1965,True
45498,2625,False
45499,3620,False
45500,2960,True
45501,1505,False
45502,2669,False
45503,2931,True
45504,1762,True
45505,1609,False
45506,3086,False
45507,3618,False
45508,2968,True
45509,3028,True
45510,1813,False
45511,2580,True
45512,3236,True
45513,3634,True
45514,2275,True
45515,1799,True
45516,1921,False
45517,1814,True
45518,1326,True
45519,1679,False
45520,2786,True
45521,2049,True
45522,1659,True
45523,2683,True
45524,3125,True
45525,3274,True
45526,2626,True
45527,2244,True
45528,2589,True
45529,3522,True
45530,2316,True
45531,2230,True
45532,3409,False
45533,3241,False
45534,1916,False
45535,2334,False
45536,2674,False
45537,2924,True
45538,3393,False
45539,1826,True
45540,1494,False
45541,1983,False
45542,2904,False
45543,1771,False
45544,1981,False
45545,1756,True
45546,3273,True
45547,2589,True
45548,3441,False
45549,2035,False
45550,1766,False
45551,2572,True
45552,2012,True
45553,2516,False
45554,1911,True
45555,2436,True
45556,2268,True
45557,2326,False
45558,2454,True
45559,3230,True
45560,1830,True
45561,3510,False
45562,2717,False
45563,2396,True
45564,2469,True
45565,2577,True
45566,2797,True
45567,2173,True
45568,2502,True
45569,2722,False
45570,4131,True
45571,3659,True
45572,3029,True
45573,5162,False
45574,1752,True
45575,2573,False
45576,3124,True
45577,2284,True
45578,1982,True
45579,2393,False
45580,2197,False
45581,1242,True
45582,2756,True
45583,2632,False
45584,1947,True
45585,3064,True
45586,3273,True
45587,3021,True
45588,4167,True
45589,1639,False
45590,2704,True
45591,1763,True
45592,2067,True
45593,1703,True
45594,2578,True
45595,2826,False
45596,1713,True
45597,1374,False
45598,1906,False
45599,2993,True
45600,3197,True
45601,2879,False
45602,2988,True
45603,2452,True
45604,2191,True
45605,2363,False
45606,2100,True
45607,2260,False
45608,2508,False
45609,2980,False
45610,2727,True
45611,3205,False
45612,2080,False
45613,3922,True
45614,1898,False
45615,2541,True
45616,3518,True
45617,2291,False
45618,1733,True
45619,2155,False
45620,3011,False
45621,1779,False
45622,2014,False
45623,3251,False
45624,2603,True
45625,2069,False
45626,2352,False
45627,2542,True
45628,2676,True
45629,2774,True
45630,2241,True
45631,2803,False
45632,1976,True
45633,2361,True
45634,1738,False
45635,1551,False
45636,2273,True
45637,3777,True
45638,2849,False
45639,1641,False
45640,1692,True
45641,2884,True
45642,2702,False
45643,2205,True
45644,2283,False
45645,2465,True
45646,2902,False
45647,2113,False
45648,2644,False
45649,2601,False
45650,2963,False
45651,1996,True
45652,2820,True
45653,2972,True
45654,2336,True
45655,2214,True
45656,2755,False
45657,3330,True
45658,2577,True
45659,3555,True
45660,3553,False
45661,2022,True
45662,3159,False
45663,2960,False
45664,1970,False
45665,2475,True
45666,2171,False
45667,3419,False
45668,2386,True
45669,3289,False
45670,2978,True
45671,1847,False
45672,3283,True
45673,2876,True
45674,2071,True
45675,1638,True
45676,2294,False
45677,1794,False
45678,3176,True
45679,1985,False
45680,2102,True
45681,3435,False
45682,2651,True
45683,2044,True
45684,2465,True
45685,3105,True
45686,2280,False
45687,1726,True
45688,2670,False
45689,2876,True
45690,3412,False
45691,4159,False
45692,1861,False
45693,1206,True
45694,2573,True
45695,2358,False
45696,1858,False
45697,1682,False
45698,2658,False
45699,1804,False
45700,2267,True
45701,2978,False
45702,1675,True
45703,2439,False
45704,2023,True
45705,2762,False
45706,2606,False
45707,2878,True
45708,2000,True
45709,2238,False
45710,2611,True
45711,2424,True
45712,1539,False
45713,2861,True
45714,3138,True
45715,1104,False
45716,3380,False
45717,2228,False
45718,2494,False
45719,2698,True
45720,2347,False
45721,2834,False
45722,1707,True
45723,2774,True
45724,3138,False
45725,2388,True
45726,2355,False
45727,2842,False
45728,2222,True
45729,2383,False
45730,3375,False
45731,1719,False
45732,2140,False
45733,2116,False
45734,3071,False
45735,2304,True
45736,2189,False
45737,2436,True
45738,2010,True
45739,3245,False
45740,2094,False
45741,2169,True
45742,3012,False
45743,2220,True
45744,2604,False
45745,2589,True
45746,2161,False
45747,1295,True
45748,3297,True
45749,2134,True
45750,1888,True
45751,2353,True
45752,3237,True
45753,2598,True
45754,2168,False
45755,3795,False
45756,1870,True
45757,3072,True
45758,1695,False
45759,1837,False
45760,1966,True
45761,2592,False
45762,2370,True
45763,2442,True
45764,2372,False
45765,1992,False
45766,2935,False
45767,2177,False
45768,1875,True
45769,2145,False
45770,2385,True
45771,2211,True
45772,2860,True
45773,2937,True
45774,2023,False
45775,1543,True
45776,2185,False
45777,2847,False
45778,2084,False
45779,2163,False
45780,2610,False
45781,1954,True
45782,2804,True
45783,2313,False
45784,2479,False
45785,2544,True
45786,2112,True
45787,2149,False
45788,1999,False
45789,2802,True
45790,2485,False
45791,1423,True
45792,2590,False
45793,2108,False
45794,1756,True
45795,957,False
45796,2585,True
45797,2318,True
45798,3974,False
45799,3603,True
45800,2069,True
45801,2728,False
45802,3432,False
45803,2358,True
45804,2542,False
45805,1259,False
45806,2736,False
45807,2226,True
45808,2219,False
45809,1943,True
45810,3506,False
45811,2157,True
45812,1621,True
45813,4270,False
45814,2776,False
45815,1481,True
45816,1634,False
45817,2993,False
45818,1762,True
45819,1939,True
45820,1615,False
45821,1931,True
45822,2304,True
45823,3351,False
45824,1781,True
45825,1977,False
45826,1579,True
45827,1941,False
45828,1732,False
45829,3335,False
45830,2630,False
45831,4180,False
45832,1979,False
45833,3088,True
45834,2369,True
45835,1519,False
45836,2117,True
45837,2068,True
45838,1980,True
45839,1764,True
45840,2928,False
45841,1605,False
45842,2990,True
45843,3417,True
45844,2681,True
45845,1502,False
45846,2911,False
45847,2519,True
45848,2926,True
45849,2842,False
45850,3265,False
45851,1750,False
45852,2160,True
45853,3049,False
45854,2390,False
45855,3148,False
45856,3024,True
45857,1573,True
45858,2970,False
45859,2430,False
45860,2973,True
45861,2979,True
45862,1855,True
45863,2009,False
45864,2714,True
45865,2865,False
45866,3293,True
45867,3460,False
45868,1381,True
45869,1892,True
45870,2302,True
45871,2518,True
45872,2376,False
45873,1850,False
45874,1593,False
45875,2168,True
45876,1514,True
45877,2076,True
45878,2194,True
45879,1884,False
45880,3400,True
45881,2783,True
45882,3040,True
45883,3276,True
45884,2516,False
45885,2544,False
45886,2973,True
45887,1036,True
45888,2933,False
45889,2806,False
45890,2612,False
45891,2628,True
45892,3511,True
45893,2035,False
45894,2412,False
45895,4039,True
45896,1823,False
45897,2134,False
45898,2934,False
45899,2584,True
45900,1918,False
45901,2787,False
45902,2576,False
45903,1901,False
45904,4015,True
45905,2040,False
45906,2394,True
45907,2008,False
45908,2031,False
45909,2330,True
45910,3486,False
45911,1517,False
45912,3741,True
45913,2888,True
45914,2163,True
45915,2367,False
45916,2542,True
45917,1867,False
45918,2618,False
45919,1697,False
45920,2005,True
45921,2695,False
45922,2123,False
45923,3037,False
45924,1636,True
45925,2762,True
45926,2694,False
45927,2763,True
45928,1993,False
45929,1842,True
45930,2766,True
45931,2905,False
45932,1488,False
45933,1972,False
45934,2158,False
45935,2539,True
45936,2246,True
45937,3468,True
45938,2951,True
45939,1972,False
45940,2671,True
45941,3651,False
45942,2821,False
45943,2863,False
45944,3508,True
45945,2716,False
45946,2668,False
45947,1827,False
45948,3055,False
45949,2402,False
45950,3132,False
45951,1532,False
45952,2254,False
45953,2516,False
45954,2221,True
45955,2429,False
45956,2151,False
45957,2298,False
45958,1968,True
45959,2932,False
45960,1856,True
45961,2823,False
45962,2537,True
45963,1861,False
45964,2124,False
45965,2113,True
45966,1782,True
45967,2040,True
45968,2217,True
45969,2695,False
45970,2257,False
45971,3172,True
45972,2081,True
45973,2024,True
45974,1983,True
45975,3507,True
45976,1727,False
45977,1950,False
45978,3916,False
45979,2252,True
45980,1927,False
45981,1555,True
45982,2882,True
45983,1519,False
45984,3177,False
45985,2487,True
45986,2672,False
45987,2634,False
45988,2812,True
45989,1742,False
45990,2599,True
45991,2408,False
45992,2998,False
45993,1536,False
45994,1275,True
45995,2808,False
45996,3217,True
45997,1889,False
45998,3301,False
45999,2147,True
46000,2760,True
46001,2603,True
46002,2767,True
46003,2662,False
46004,3206,False
46005,2133,True
46006,2544,True
46007,2184,True
46008,2237,False
46009,2880,False
46010,2509,False
46011,2375,False
46012,1974,False
46013,3306,True
46014,2545,False
46015,2150,False
46016,3957,False
46017,2187,False
46018,1248,False
46019,2123,False
46020,1946,True
46021,2643,True
46022,2537,True
46023,2096,True
46024,2439,True
46025,3533,False
46026,1976,True
46027,2054,True
46028,1603,False
46029,2866,True
46030,3297,True
46031,2788,False
46032,2194,False
46033,2938,False
46034,1695,True
46035,2550,True
46036,3051,False
46037,3180,False
46038,2724,False
46039,3068,False
46040,3001,True
46041,1494,False
46042,1510,False
46043,2003,True
46044,2416,True
46045,2775,False
46046,2800,True
46047,2415,False
46048,1767,False
46049,2407,True
46050,2411,True
46051,1629,True
46052,1721,False
46053,2392,False
46054,3319,False
46055,1699,True
46056,2774,True
46057,3599,False
46058,2692,True
46059,1465,True
46060,2673,False
46061,2726,True
46062,1254,False
46063,3361,False
46064,2678,False
46065,3619,False
46066,2859,False
46067,3522,False
46068,2260,True
46069,2197,False
46070,2358,False
46071,2399,False
46072,2506,False
46073,2099,False
46074,2294,False
46075,2583,False
46076,3268,False
46077,2216,True
46078,1709,True
46079,2132,True
46080,1603,True
46081,3354,True
46082,3445,False
46083,2859,True
46084,2070,True
46085,2173,True
46086,1560,False
46087,2135,False
46088,2675,False
46089,2471,False
46090,1790,False
46091,1799,False
46092,3509,False
46093,2424,True
46094,1820,False
46095,2042,True
46096,3225,True
46097,2662,False
46098,2547,False
46099,1942,False
46100,2866,True
46101,2116,False
46102,1745,False
46103,3153,False
46104,2162,False
46105,2055,True
46106,2700,True
46107,2122,False
46108,2603,True
46109,1706,True
46110,3024,False
46111,2305,True
46112,2370,False
46113,2717,True
46114,3234,False
46115,2192,True
46116,2799,True
46117,2808,False
46118,2235,True
46119,2626,True
46120,2561,True
46121,2226,False
46122,2593,False
46123,2395,False
46124,2530,True
46125,1745,True
46126,3123,False
46127,1775,False
46128,2767,True
46129,3660,False
46130,3505,False
46131,1961,True
46132,2360,False
46133,3071,True
46134,2250,True
46135,2945,True
46136,3011,True
46137,2444,True
46138,2200,True
46139,2273,True
46140,2629,False
46141,1676,False
46142,1687,False
46143,2766,False
46144,1766,False
46145,2190,False
46146,2376,True
46147,2294,False
46148,1655,True
46149,2019,False
46150,3625,False
46151,2834,True
46152,2032,False
46153,1981,True
46154,2635,True
46155,3362,False
46156,1528,True
46157,1930,False
46158,2609,True
46159,3456,True
46160,2071,True
46161,2116,True
46162,2819,False
46163,1524,False
46164,1544,True
46165,2239,False
46166,2138,True
46167,2959,True
46168,2304,False
46169,2631,False
46170,1957,True
46171,3248,False
46172,1584,True
46173,1920,True
46174,2426,False
46175,3616,True
46176,2148,True
46177,2814,False
46178,2845,True
46179,3020,True
46180,2546,True
46181,1829,True
46182,2885,False
46183,2618,True
46184,2159,True
46185,2656,False
46186,2099,True
46187,2806,False
46188,1458,True
46189,2158,False
46190,3781,True
46191,2882,True
46192,3781,False
46193,1667,False
46194,2494,False
46195,2842,False
46196,1755,True
46197,3080,False
46198,2721,True
46199,1752,True
46200,2085,False
46201,2078,True
46202,1614,False
46203,2613,True
46204,2169,True
46205,1488,False
46206,1743,True
46207,4072,False
46208,2887,True
46209,2193,True
46210,2042,True
46211,2664,False
46212,2787,False
46213,2758,False
46214,4211,False
46215,1526,False
46216,1609,True
46217,2921,True
46218,2230,False
46219,2295,True
46220,2357,False
46221,2463,False
46222,1587,True
46223,2422,True
46224,2591,True
46225,1752,True
46226,1556,False
46227,1576,True
46228,3451,True
46229,3709,True
46230,2775,True
46231,2543,True
46232,2531,False
46233,3182,False
46234,2288,False
46235,3264,False
46236,1810,True
46237,2141,False
46238,3015,True
46239,2178,False
46240,3140,True
46241,2051,False
46242,2050,True
46243,2054,True
46244,1761,False
46245,1334,False
46246,2302,True
46247,1720,True
46248,3561,False
46249,2395,True
46250,3022,False
46251,1678,True
46252,2444,False
46253,1215,False
46254,2791,False
46255,1759,False
46256,2816,False
46257,2002,True
46258,2170,True
46259,3234,False
46260,2853,False
46261,3148,False
46262,3004,False
46263,2870,False
46264,2390,True
46265,2941,False
46266,2304,False
46267,2723,False
46268,2206,True
46269,1319,True
46270,1641,False
46271,2186,True
46272,3758,True
46273,2997,False
46274,2551,False
46275,1991,True
46276,2380,True
46277,2484,True
46278,2478,False
46279,1671,True
46280,868,False
46281,2140,True
46282,2911,True
46283,1785,False
46284,2558,True
46285,3051,True
46286,2607,False
46287,2914,True
46288,4210,True
46289,2716,False
46290,2054,False
46291,2326,False
46292,2599,False
46293,3272,False
46294,2579,True
46295,2384,True
46296,1348,True
46297,3831,True
46298,1850,False
46299,1924,True
46300,2099,False
46301,2605,False
46302,3116,False
46303,2538,True
46304,3159,False
46305,2026,False
46306,3168,True
46307,2504,False
46308,2451,True
46309,3141,True
46310,1711,True
46311,2818,False
46312,2325,False
46313,2934,True
46314,1622,True
46315,3439,True
46316,3022,True
46317,2225,False
46318,2492,True
46319,3088,False
46320,3324,False
46321,2176,True
46322,2332,True
46323,4079,True
46324,1819,True
46325,2962,False
46326,2692,False
46327,1918,True
46328,1224,True
46329,2562,True
46330,3405,False
46331,2034,True
46332,3115,False
46333,1920,True
46334,1675,False
46335,2657,True
46336,2109,True
46337,3266,True
46338,2604,False
46339,2504,False
46340,2090,True
46341,1594,False
46342,2346,True
46343,1193,False
46344,1841,False
46345,2779,False
46346,2236,False
46347,1527,False
46348,2495,False
46349,3197,True
46350,2082,True
46351,2281,False
46352,4960,True
46353,1744,True
46354,1952,True
46355,2294,False
46356,1733,True
46357,3293,True
46358,3497,False
46359,1430,False
46360,2428,True
46361,1891,True
46362,1495,True
46363,2622,False
46364,2023,True
46365,3830,True
46366,1952,True
46367,1613,True
46368,3341,False
46369,1947,False
46370,2319,False
46371,2333,True
46372,1826,False
46373,3465,True
46374,2657,False
46375,3100,True
46376,1725,True
46377,1902,False
46378,2103,True
46379,3850,True
46380,2011,True
46381,2008,True
46382,2307,False
46383,2061,False
46384,2877,True
46385,3011,True
46386,2594,False
46387,2500,False
46388,2043,True
46389,1501,True
46390,2022,True
46391,3142,False
46392,1919,True
46393,1589,True
46394,2345,False
46395,2102,False
46396,1579,True
46397,1886,True
46398,1608,True
46399,2210,False
46400,2661,False
46401,1596,True
46402,2065,True
46403,2060,True
46404,2003,True
46405,3590,False
46406,2674,False
46407,2690,True
46408,3526,False
46409,3168,True
46410,1927,True
46411,1050,True
46412,1952,True
46413,2478,False
46414,1939,True
46415,2475,True
46416,2451,False
46417,1949,False
46418,2906,False
46419,1977,False
46420,1957,False
46421,1949,False
46422,3088,True
46423,1950,True
46424,1927,True
46425,3096,True
46426,1968,False
46427,2418,True
46428,1718,True
46429,1427,False
46430,2138,False
46431,3036,False
46432,2766,True
46433,1704,True
46434,1888,False
46435,1916,True
46436,1621,False
46437,1492,False
46438,2389,False
46439,1805,True
46440,3556,True
46441,2581,True
46442,3165,True
46443,1921,True
46444,2937,False
46445,3200,True
46446,2578,False
46447,3282,True
46448,1653,True
46449,2179,False
46450,3930,True
46451,2718,True
46452,1975,False
46453,2429,False
46454,2812,False
46455,3387,False
46456,2860,True
46457,2144,True
46458,1764,False
46459,2013,True
46460,2190,True
46461,3011,True
46462,2875,False
46463,1694,False
46464,4205,True
46465,2809,False
46466,3149,False
46467,2325,True
46468,3100,True
46469,3665,True
46470,3567,True
46471,3772,False
46472,2728,True
46473,3183,False
46474,2530,False
46475,1525,False
46476,2420,True
46477,3485,False
46478,1749,False
46479,2744,False
46480,3011,True
46481,2183,True
46482,3168,False
46483,1796,True
46484,3297,False
46485,2799,True
46486,2137,True
46487,1722,True
46488,1704,True
46489,2200,False
46490,2646,True
46491,2129,True
46492,2288,True
46493,3173,False
46494,2766,True
46495,2030,True
46496,3031,False
46497,2645,True
46498,2569,False
46499,2891,True
46500,2387,False
46501,2953,False
46502,1594,True
46503,2288,True
46504,3127,False
46505,2698,False
46506,2514,False
46507,1668,True
46508,3234,False
46509,2525,True
46510,1781,False
46511,2802,False
46512,2295,False
46513,2102,False
46514,1993,False
46515,1551,True
46516,2324,False
46517,1575,False
46518,2084,True
46519,2037,True
46520,2288,False
46521,2763,False
46522,2416,False
46523,3018,True
46524,2572,False
46525,2370,False
46526,4559,True
46527,2265,False
46528,2714,True
46529,2872,True
46530,2233,False
46531,2246,True
46532,2317,True
46533,4015,True
46534,2216,False
46535,1767,True
46536,3563,True
46537,2064,True
46538,2628,True
46539,1898,False
46540,1974,False
46541,1880,True
46542,2361,False
46543,1478,True
46544,2820,True
46545,1532,True
46546,2961,False
46547,3876,False
46548,2439,True
46549,2267,True
46550,1338,False
46551,3581,False
46552,2205,True
46553,2024,False
46554,1752,False
46555,1988,True
46556,2542,True
46557,2714,True
46558,3162,True
46559,2424,False
46560,3433,False
46561,2024,True
46562,1844,False
46563,2170,False
46564,2539,False
46565,3100,False
46566,2927,True
46567,2784,True
46568,2134,False
46569,2023,False
46570,3290,True
46571,2987,False
46572,2168,True
46573,2999,True
46574,1539,True
46575,3205,False
46576,2371,False
46577,3295,True
46578,2253,True
46579,1719,True
46580,1996,True
46581,1800,True
46582,4321,False
46583,3081,True
46584,2532,True
46585,2163,False
46586,3078,True
46587,3626,True
46588,2495,False
46589,4917,False
46590,1614,True
46591,1623,True
46592,2319,True
46593,2237,False
46594,3026,False
46595,3019,False
46596,1356,True
46597,3224,False
46598,1920,True
46599,3274,True
46600,2050,True
46601,3445,False
46602,3111,True
46603,2019,False
46604,2334,False
46605,2205,True
46606,1559,True
46607,3038,False
46608,3871,False
46609,1824,True
46610,3314,False
46611,2346,True
46612,3305,False
46613,4788,True
46614,3388,False
46615,2912,False
46616,1695,True
46617,1685,True
46618,2246,False
46619,2847,True
46620,2334,False
46621,3279,True
46622,2844,True
46623,3402,False
46624,2759,False
46625,2581,True
46626,2652,False
46627,2973,False
46628,2726,False
46629,1969,False
46630,1851,False
46631,2107,True
46632,4214,False
46633,3055,False
46634,1828,True
46635,2039,False
46636,2380,False
46637,4478,True
46638,2534,False
46639,1719,True
46640,2722,False
46641,2207,False
46642,2761,True
46643,2165,True
46644,3437,True
46645,2321,False
46646,3209,True
46647,1528,False
46648,4046,False
46649,2499,False
46650,2405,True
46651,2636,False
46652,3175,False
46653,3041,False
46654,1615,True
46655,2777,True
46656,2880,True
46657,2272,True
46658,2035,True
46659,2462,True
46660,2636,True
46661,2687,False
46662,2462,True
46663,2156,True
46664,1887,True
46665,3037,True
46666,2120,True
46667,2762,True
46668,1537,False
46669,3025,True
46670,2057,False
46671,2891,True
46672,2437,False
46673,2158,False
46674,2395,False
46675,3006,True
46676,2395,True
46677,2177,False
46678,3170,False
46679,2815,False
46680,2261,False
46681,2152,False
46682,2122,False
46683,2971,True
46684,3382,False
46685,2541,False
46686,2396,True
46687,2368,False
46688,2493,True
46689,3123,False
46690,2337,False
46691,2925,True
46692,2576,False
46693,1818,True
46694,3482,False
46695,2817,True
46696,2259,True
46697,2637,False
46698,2495,True
46699,2844,True
46700,2305,False
46701,2166,True
46702,1663,True
46703,3024,False
46704,3255,True
46705,2677,False
46706,1695,False
46707,2178,False
46708,1560,True
46709,2410,False
46710,3222,True
46711,1947,False
46712,3628,False
46713,2176,True
46714,2692,True
46715,3008,True
46716,2060,False
46717,3619,True
46718,1618,True
46719,2422,False
46720,2278,False
46721,2284,True
46722,2734,False
46723,2329,True
46724,2481,True
46725,2399,False
46726,1830,True
46727,1829,False
46728,1734,False
46729,3898,True
46730,3788,True
46731,2696,True
46732,2880,True
46733,2035,True
46734,2257,True
46735,2408,True
46736,1519,True
46737,1893,False
46738,2016,True
46739,3174,False
46740,1922,True
46741,2224,True
46742,4306,True
46743,1900,True
46744,2843,False
46745,2569,True
46746,2037,True
46747,1095,False
46748,2600,False
46749,2529,False
46750,2285,False
46751,2561,True
46752,2990,True
46753,3611,False
46754,2795,True
46755,2630,False
46756,1975,True
46757,1982,True
46758,1366,False
46759,2891,True
46760,2564,False
46761,2763,False
46762,2632,True
46763,2131,True
46764,2631,True
46765,3173,False
46766,1559,True
46767,2259,True
46768,2851,True
46769,1496,False
46770,4138,True
46771,1787,False
46772,3184,True
46773,1743,True
46774,1978,True
46775,2347,True
46776,2697,True
46777,2405,True
46778,2607,False
46779,2547,False
46780,2142,True
46781,2466,True
46782,1496,True
46783,3287,False
46784,3615,False
46785,1817,True
46786,2824,True
46787,2838,False
46788,3201,False
46789,4052,False
46790,2696,False
46791,2388,True
46792,2860,True
46793,1615,True
46794,1618,False
46795,2293,True
46796,1966,False
46797,1656,False
46798,2636,True
46799,1802,False
46800,1918,False
46801,3848,True
46802,2161,False
46803,1674,True
46804,2638,False
46805,3303,True
46806,2256,False
46807,2209,False
46808,2387,False
46809,2697,True
46810,4852,False
46811,2331,False
46812,2960,True
46813,2817,False
46814,2646,True
46815,3037,False
46816,1865,True
46817,1536,True
46818,2293,True
46819,2853,False
46820,3361,True
46821,3773,False
46822,3411,False
46823,3062,False
46824,2133,True
46825,1895,True
46826,1853,True
46827,1848,True
46828,1836,False
46829,2689,True
46830,2454,False
46831,2368,False
46832,3113,False
46833,3537,True
46834,2407,True
46835,3438,True
46836,3297,False
46837,1603,True
46838,2348,False
46839,838,False
46840,4068,False
46841,2484,True
46842,2302,False
46843,2280,True
46844,2529,False
46845,2624,True
46846,2291,True
46847,2591,True
46848,1785,False
46849,2226,False
46850,2320,False
46851,2242,True
46852,2113,False
46853,2777,True
46854,2113,False
46855,2811,True
46856,3010,True
46857,3853,True
46858,2513,False
46859,1807,False
46860,2589,True
46861,1758,True
46862,3256,True
46863,2880,True
46864,1944,False
46865,2332,False
46866,2590,True
46867,2370,False
46868,2102,True
46869,1972,False
46870,3059,True
46871,3145,False
46872,3940,False
46873,2413,True
46874,3002,False
46875,1911,True
46876,2424,False
46877,2707,True
46878,2080,True
46879,1440,True
46880,3537,True
46881,2396,False
46882,2429,True
46883,2051,True
46884,4748,True
46885,2190,True
46886,2517,False
46887,2228,True
46888,1913,True
46889,2942,True
46890,3846,False
46891,2889,False
46892,3198,False
46893,2488,False
46894,1434,True
46895,3344,True
46896,2452,False
46897,2141,True
46898,2290,False
46899,3318,True
46900,1762,False
46901,1847,False
46902,2000,False
46903,2459,False
46904,2801,False
46905,1773,True
46906,2768,True
46907,2758,False
46908,2570,True
46909,2304,True
46910,1958,True
46911,2612,True
46912,1811,True
46913,2753,True
46914,1925,False
46915,2553,False
46916,1999,True
46917,3003,False
46918,1559,False
46919,2804,True
46920,1601,True
46921,2471,False
46922,2632,True
46923,1592,True
46924,2975,False
46925,1296,False
46926,1897,True
46927,4254,True
46928,2765,False
46929,2528,False
46930,1985,False
46931,3421,False
46932,1869,True
46933,1831,False
46934,1798,True
46935,3541,True
46936,1965,True
46937,1874,True
46938,1239,False
46939,2184,False
46940,2003,False
46941,2845,True
46942,2036,True
46943,1454,False
46944,2099,True
46945,2310,True
46946,1828,True
46947,2736,True
46948,2505,True
46949,2811,False
46950,1663,True
46951,1659,False
46952,1979,True
46953,2027,False
46954,3085,True
46955,2068,True
46956,2030,False
46957,2616,True
46958,2288,True
46959,2044,False
46960,2913,False
46961,2458,False
46962,2072,True
46963,2668,True
46964,2274,False
46965,3354,False
46966,2237,False
46967,1953,False
46968,1409,True
46969,2683,True
46970,2931,True
46971,2360,True
46972,3619,True
46973,1684,True
46974,2546,True
46975,2317,True
46976,2046,True
46977,1951,False
46978,2615,True
46979,1544,False
46980,2992,False
46981,2004,False
46982,3458,True
46983,2107,True
46984,1835,True
46985,2371,True
46986,2240,True
46987,2978,True
46988,2238,False
46989,2971,False
46990,2953,False
46991,3286,True
46992,2193,True
46993,3057,False
46994,2015,True
46995,3384,False
46996,2858,False
46997,2196,True
46998,2508,True
46999,1710,True
47000,2080,False
47001,2349,True
47002,2730,False
47003,3245,True
47004,2481,True
47005,3281,False
47006,2796,False
47007,1970,True
47008,1545,True
47009,2268,True
47010,1741,True
47011,2655,False
47012,2428,True
47013,1943,False
47014,2415,True
47015,3354,False
47016,2862,False
47017,3230,True
47018,2002,False
47019,2911,True
47020,2476,False
47021,3229,True
47022,2518,True
47023,2846,False
47024,2457,False
47025,1789,True
47026,2474,True
47027,1897,True
47028,2185,False
47029,1406,False
47030,2927,True
47031,3492,True
47032,2460,True
47033,2774,True
47034,2744,True
47035,2878,True
47036,2878,True
47037,2633,False
47038,2496,True
47039,2393,False
47040,2760,True
47041,2514,False
47042,3114,True
47043,4231,True
47044,1734,True
47045,1925,False
47046,3877,False
47047,2364,False
47048,3462,True
47049,2916,False
47050,3500,True
47051,3754,False
47052,1826,True
47053,2793,True
47054,3415,False
47055,2101,True
47056,2479,True
47057,1841,True
47058,2118,True
47059,2776,False
47060,2575,False
47061,2872,False
47062,2409,True
47063,2435,True
47064,2478,False
47065,2221,False
47066,2709,True
47067,1710,False
47068,2991,True
47069,3606,False
47070,3485,False
47071,1960,True
47072,3618,False
47073,2937,False
47074,4073,False
47075,2496,False
47076,1759,False
47077,2705,True
47078,2482,False
47079,2941,False
47080,2696,True
47081,2008,True
47082,2686,True
47083,1976,False
47084,2229,True
47085,2364,True
47086,3441,True
47087,2300,False
47088,3025,True
47089,1181,False
47090,2021,True
47091,1745,True
47092,2308,True
47093,5084,False
47094,1749,False
47095,2507,True
47096,3125,False
47097,3143,True
47098,4657,False
47099,1955,True
47100,3763,True
47101,1871,True
47102,2676,False
47103,3300,True
47104,1951,True
47105,2699,False
47106,3503,True
47107,1708,False
47108,1306,False
47109,1656,True
47110,1608,True
47111,3615,True
47112,1965,True
47113,2428,False
47114,2578,False
47115,2176,False
47116,2269,False
47117,3110,False
47118,1332,True
47119,3546,False
47120,2335,False
47121,2475,True
47122,1992,True
47123,2436,True
47124,2850,True
47125,1873,True
47126,2119,True
47127,2259,False
47128,2208,False
47129,3545,True
47130,2154,False
47131,2073,True
47132,1559,False
47133,2482,True
47134,2366,True
47135,3087,True
47136,2894,False
47137,2076,True
47138,1933,True
47139,2551,False
47140,2161,False
47141,2637,False
47142,3156,False
47143,1969,True
47144,2465,False
47145,3327,True
47146,2488,True
47147,2542,False
47148,2564,True
47149,1389,True
47150,2395,True
47151,2914,False
47152,1534,True
47153,2288,False
47154,2761,False
47155,3534,False
47156,2972,True
47157,2607,False
47158,2050,True
47159,3284,True
47160,1960,True
47161,3003,True
47162,3482,False
47163,2588,True
47164,1572,False
47165,2360,False
47166,2042,True
47167,1818,True
47168,1651,True
47169,2665,False
47170,2551,False
47171,1235,True
47172,1393,True
47173,2592,True
47174,1422,True
47175,1520,False
47176,3280,False
47177,4033,True
47178,2435,True
47179,2547,True
47180,2166,False
47181,2377,False
47182,1744,True
47183,2322,True
47184,2751,False
47185,2513,True
47186,3070,True
47187,1727,False
47188,2181,True
47189,1986,False
47190,1967,False
47191,2778,True
47192,2869,True
47193,2340,True
47194,2561,False
47195,1821,True
47196,3451,False
47197,1458,False
47198,2543,False
47199,1978,True
47200,1962,True
47201,1980,False
47202,2692,True
47203,2073,False
47204,2176,False
47205,1943,True
47206,1279,True
47207,1608,False
47208,1936,False
47209,1660,False
47210,2422,False
47211,3421,True
47212,3681,True
47213,2586,True
47214,3414,False
47215,2612,False
47216,1875,False
47217,1629,False
47218,2539,False
47219,1775,True
47220,2207,True
47221,1964,True
47222,3857,False
47223,3087,True
47224,3607,False
47225,1628,True
47226,2300,True
47227,2617,False
47228,2799,False
47229,1234,True
47230,2123,False
47231,2148,True
47232,2379,True
47233,2781,False
47234,1634,True
47235,1892,True
47236,1775,True
47237,1968,False
47238,2678,False
47239,3145,False
47240,2190,True
47241,2389,True
47242,1932,True
47243,2003,True
47244,1771,False
47245,1825,True
47246,2565,True
47247,1953,True
47248,2314,False
47249,2125,False
47250,2194,True
47251,2148,True
47252,3183,True
47253,1545,False
47254,3288,False
47255,2637,True
47256,2339,True
47257,2191,False
47258,2475,False
47259,3969,False
47260,1894,True
47261,1912,False
47262,2250,True
47263,2178,False
47264,1511,True
47265,2306,True
47266,1483,False
47267,2461,False
47268,1832,True
47269,2359,True
47270,1624,True
47271,3010,True
47272,2175,True
47273,2204,False
47274,1734,True
47275,1704,True
47276,2039,True
47277,1726,True
47278,2040,True
47279,1479,False
47280,3102,False
47281,2794,True
47282,1784,False
47283,2634,False
47284,2564,False
47285,1519,False
47286,3749,False
47287,4270,False
47288,2725,False
47289,3337,True
47290,2487,False
47291,2210,False
47292,2206,True
47293,1356,False
47294,2998,False
47295,4129,True
47296,2746,False
47297,2907,False
47298,1734,True
47299,2154,True
47300,2217,False
47301,2863,True
47302,3598,False
47303,2523,False
47304,2125,True
47305,1604,True
47306,2829,False
47307,2748,False
47308,1566,True
47309,3199,True
47310,2887,False
47311,2191,True
47312,2194,False
47313,2314,True
47314,2308,True
47315,1798,False
47316,1669,False
47317,2594,False
47318,3662,False
47319,2813,True
47320,2598,True
47321,2959,False
47322,2985,False
47323,2204,True
47324,3019,False
47325,1591,True
47326,2235,False
47327,2604,False
47328,1959,True
47329,1975,False
47330,1947,True
47331,3200,False
47332,2237,True
47333,2792,True
47334,1855,True
47335,1606,False
47336,2718,True
47337,1684,False
47338,2224,True
47339,2061,True
47340,2374,False
47341,2351,True
47342,1824,True
47343,2181,False
47344,2408,True
47345,1278,True
47346,3079,True
47347,2756,False
47348,2563,False
47349,2981,True
47350,2847,False
47351,2661,False
47352,1908,False
47353,2547,True
47354,2446,True
47355,3253,True
47356,2891,False
47357,1479,True
47358,2581,True
47359,1944,True
47360,2784,True
47361,1634,True
47362,2021,False
47363,2418,False
47364,2091,False
47365,3123,True
47366,3027,True
47367,1999,False
47368,2161,True
47369,2677,True
47370,2533,False
47371,2458,True
47372,2931,True
47373,2337,True
47374,2967,True
47375,3630,True
47376,2958,False
47377,1699,True
47378,1642,True
47379,2315,True
47380,1135,False
47381,3610,True
47382,3010,False
47383,2506,False
47384,3019,False
47385,2792,False
47386,2384,True
47387,2404,False
47388,3243,True
47389,2004,True
47390,2698,True
47391,3309,True
47392,2456,False
47393,2044,True
47394,2804,True
47395,2096,True
47396,1894,False
47397,2273,False
47398,2035,True
47399,2008,True
47400,2766,True
47401,2597,True
47402,2994,False
47403,2194,False
47404,2688,True
47405,1639,False
47406,2126,False
47407,2306,True
47408,3582,False
47409,1661,False
47410,3360,False
47411,2089,False
47412,2195,True
47413,2714,True
47414,4590,False
47415,822,False
47416,2024,True
47417,3031,False
47418,2731,False
47419,2772,False
47420,2690,False
47421,1532,True
47422,2413,True
47423,2434,True
47424,2020,True
47425,3284,True
47426,2424,True
47427,2620,True
47428,3379,True
47429,2015,True
47430,1977,True
47431,2315,True
47432,3298,False
47433,2352,True
47434,3359,True
47435,1894,False
47436,2329,True
47437,3067,False
47438,4136,False
47439,1571,False
47440,2387,False
47441,2873,False
47442,1613,False
47443,2839,False
47444,3361,True
47445,2791,True
47446,1560,True
47447,2015,True
47448,2023,True
47449,2395,False
47450,1516,True
47451,2812,True
47452,2389,False
47453,2389,False
47454,2078,False
47455,3145,True
47456,2040,False
47457,2003,False
47458,2736,True
47459,2475,False
47460,2364,True
47461,1857,True
47462,1490,False
47463,2869,True
47464,3594,False
47465,2285,False
47466,2342,False
47467,1820,True
47468,1984,False
47469,1527,True
47470,1998,True
47471,1736,False
47472,2410,False
47473,1957,False
47474,2147,True
47475,2444,False
47476,3220,False
47477,2461,False
47478,3101,True
47479,2916,True
47480,2982,False
47481,3088,False
47482,2187,True
47483,3118,True
47484,1924,True
47485,3191,False
47486,2178,False
47487,1940,False
47488,2516,True
47489,2000,True
47490,3006,False
47491,2223,False
47492,2119,False
47493,2088,True
47494,2849,False
47495,3411,False
47496,2791,False
47497,1890,True
47498,1908,False
47499,2080,True
47500,1398,True
47501,2884,False
47502,2177,True
47503,3690,True
47504,2859,True
47505,3332,False
47506,1780,True
47507,2413,True
47508,2153,False
47509,1967,False
47510,3649,True
47511,1176,True
47512,2244,True
47513,2596,True
47514,2753,True
47515,1639,True
47516,1920,True
47517,2789,True
47518,2129,False
47519,3474,False
47520,2839,True
47521,2908,True
47522,2673,False
47523,3708,True
47524,2708,False
47525,1821,True
47526,2110,True
47527,2709,False
47528,1989,True
47529,3773,False
47530,2340,False
47531,2939,True
47532,1669,False
47533,1961,True
47534,2693,True
47535,2037,True
47536,1654,True
47537,2716,False
47538,2434,False
47539,3213,True
47540,3562,False
47541,3014,True
47542,2850,True
47543,3750,False
47544,1992,True
47545,3212,True
47546,3181,False
47547,2408,False
47548,2461,True
47549,3348,False
47550,1911,False
47551,3368,True
47552,2174,True
47553,2912,False
47554,2270,True
47555,2207,True
47556,2610,True
47557,3240,False
47558,2771,False
47559,2618,True
47560,1502,False
47561,3021,False
47562,1940,False
47563,1530,True
47564,2989,False
47565,2088,True
47566,3733,True
47567,2515,True
47568,2816,False
47569,2350,True
47570,3546,True
47571,3121,True
47572,2334,False
47573,3825,True
47574,1557,True
47575,2725,False
47576,2614,False
47577,1627,True
47578,2052,False
47579,2544,True
47580,2659,False
47581,3362,False
47582,2476,True
47583,2137,True
47584,2159,False
47585,2154,True
47586,1711,True
47587,2710,False
47588,1502,False
47589,2812,True
47590,2344,False
47591,2924,True
47592,1438,False
47593,4416,True
47594,2306,False
47595,2262,False
47596,2460,True
47597,1843,False
47598,1681,True
47599,3089,False
47600,2593,True
47601,2511,True
47602,2053,True
47603,2358,False
47604,1385,True
47605,1861,True
47606,1969,False
47607,2498,True
47608,2176,False
47609,2542,True
47610,2465,False
47611,3127,True
47612,3257,True
47613,1634,False
47614,3728,True
47615,2493,False
47616,2410,True
47617,2311,True
47618,2282,False
47619,2378,False
47620,1115,True
47621,3204,True
47622,1969,False
47623,2033,False
47624,4766,True
47625,3071,False
47626,2432,True
47627,1672,True
47628,3678,False
47629,3451,True
47630,2119,False
47631,3389,True
47632,2212,True
47633,1868,True
47634,3779,True
47635,1684,False
47636,2341,False
47637,1890,False
47638,2706,False
47639,2998,False
47640,3433,False
47641,1380,True
47642,2103,True
47643,1904,False
47644,3230,True
47645,2360,True
47646,3032,True
47647,1759,True
47648,1498,True
47649,2589,True
47650,1666,False
47651,3012,False
47652,3568,False
47653,2635,True
47654,2490,True
47655,2087,True
47656,2753,False
47657,3093,False
47658,3441,False
47659,2814,False
47660,3813,True
47661,2941,True
47662,2788,False
47663,2040,False
47664,2335,True
47665,2357,False
47666,1731,False
47667,2992,True
47668,3666,False
47669,1893,False
47670,2302,False
47671,2177,True
47672,2441,True
47673,2045,True
47674,1606,False
47675,2407,True
47676,2805,True
47677,3304,False
47678,1973,False
47679,2159,False
47680,2911,True
47681,2320,True
47682,2020,False
47683,1953,True
47684,1663,False
47685,1912,False
47686,1728,False
47687,3023,True
47688,2656,False
47689,2986,False
47690,2060,False
47691,2149,False
47692,2294,False
47693,2157,True
47694,3953,True
47695,3195,False
47696,3292,True
47697,1380,True
47698,2170,True
47699,1743,True
47700,2313,False
47701,3248,True
47702,2217,False
47703,749,True
47704,2850,False
47705,2730,True
47706,2160,True
47707,1539,True
47708,2286,True
47709,3272,True
47710,2095,False
47711,2338,False
47712,2137,False
47713,2544,True
47714,2932,True
47715,2812,True
47716,2076,True
47717,2511,True
47718,2061,True
47719,2151,False
47720,2623,False
47721,1931,False
47722,3184,True
47723,2947,True
47724,1847,True
47725,2521,False
47726,3235,True
47727,2663,False
47728,1904,False
47729,2131,True
47730,2213,False
47731,1651,True
47732,2309,True
47733,2852,False
47734,2720,False
47735,3800,True
47736,1767,False
47737,2465,True
47738,3235,True
47739,2456,True
47740,1921,True
47741,3661,True
47742,1540,True
47743,2036,False
47744,2330,True
47745,2271,False
47746,2574,True
47747,2845,True
47748,2160,False
47749,2399,False
47750,2133,True
47751,3132,False
47752,3914,False
47753,2293,True
47754,1968,True
47755,2842,False
47756,2467,False
47757,2044,False
47758,3173,False
47759,2587,False
47760,2580,False
47761,2886,True
47762,2449,True
47763,2278,True
47764,3270,True
47765,2674,True
47766,805,True
47767,2361,False
47768,2149,False
47769,4411,False
47770,2481,False
47771,1975,False
47772,3797,False
47773,2312,True
47774,1834,True
47775,1932,True
47776,2623,True
47777,3048,True
47778,3455,True
47779,2389,False
47780,1971,True
47781,3010,False
47782,2826,True
47783,4214,False
47784,4064,False
47785,2072,False
47786,988,False
47787,2871,False
47788,2288,True
47789,1580,True
47790,3107,False
47791,3278,True
47792,2714,True
47793,2438,True
47794,2160,True
47795,2455,False
47796,2149,True
47797,2516,False
47798,2844,True
47799,3781,True
47800,2300,False
47801,2559,False
47802,2482,True
47803,2345,True
47804,1939,False
47805,3397,False
47806,3419,True
47807,2192,False
47808,2739,True
47809,3006,True
47810,2911,False
47811,1621,False
47812,1576,False
47813,3299,True
47814,2428,False
47815,1379,True
47816,3182,True
47817,2249,False
47818,1513,True
47819,1891,True
47820,4493,True
47821,1726,False
47822,1734,True
47823,2423,True
47824,2799,True
47825,2063,True
47826,1945,False
47827,2677,False
47828,1896,True
47829,2470,True
47830,2151,False
47831,1871,False
47832,2393,True
47833,3416,True
47834,2316,False
47835,1863,True
47836,2912,False
47837,3535,True
47838,2853,False
47839,2056,True
47840,2695,True
47841,2807,False
47842,1801,False
47843,2265,False
47844,3771,True
47845,2696,True
47846,2519,True
47847,2303,False
47848,1841,True
47849,2400,False
47850,2918,False
47851,2853,False
47852,1995,True
47853,1771,True
47854,1950,True
47855,1235,False
47856,1871,False
47857,3062,False
47858,3929,False
47859,1627,True
47860,2199,False
47861,1895,True
47862,2034,True
47863,2376,True
47864,4024,True
47865,2582,False
47866,1259,True
47867,2428,False
47868,2398,False
47869,2059,False
47870,1676,False
47871,2737,True
47872,2171,False
47873,2647,True
47874,2491,False
47875,1106,False
47876,1967,True
47877,1720,False
47878,2110,True
47879,4105,True
47880,2198,True
47881,2562,False
47882,4026,True
47883,3211,False
47884,1921,False
47885,2180,True
47886,2194,True
47887,3296,True
47888,2901,False
47889,2482,True
47890,3439,False
47891,2822,False
47892,2283,True
47893,3093,False
47894,3871,True
47895,2820,True
47896,2838,False
47897,3646,False
47898,2447,True
47899,2453,False
47900,1944,True
47901,3190,True
47902,3216,True
47903,2133,True
47904,2402,True
47905,2763,True
47906,2248,False
47907,2458,False
47908,2305,True
47909,2582,True
47910,2058,False
47911,1762,False
47912,2648,True
47913,2334,True
47914,2606,True
47915,1867,True
47916,2996,False
47917,1727,True
47918,2435,True
47919,3161,False
47920,2559,False
47921,2239,True
47922,2657,True
47923,4300,False
47924,3199,True
47925,881,True
47926,2716,True
47927,1712,True
47928,2952,True
47929,1325,False
47930,3508,True
47931,2559,False
47932,3714,False
47933,2709,False
47934,2063,False
47935,1878,True
47936,3108,True
47937,2088,True
47938,2957,True
47939,1813,True
47940,2582,False
47941,2966,True
47942,3137,True
47943,1530,True
47944,2063,False
47945,3539,False
47946,1744,False
47947,2513,True
47948,1924,True
47949,2212,False
47950,1563,False
47951,1664,False
47952,2184,False
47953,2651,True
47954,1927,True
47955,2002,True
47956,3084,False
47957,1522,False
47958,2492,False
47959,2572,False
47960,2145,True
47961,2201,False
47962,2372,False
47963,3601,False
47964,2152,False
47965,3829,False
47966,2840,False
47967,2095,True
47968,2929,False
47969,2276,True
47970,2707,False
47971,2516,False
47972,2270,True
47973,3042,True
47974,2327,False
47975,2729,False
47976,2283,True
47977,1212,True
47978,1766,False
47979,2948,False
47980,1795,False
47981,1627,True
47982,1796,True
47983,1732,True
47984,1666,True
47985,2936,False
47986,2155,False
47987,2036,False
47988,2021,True
47989,2862,True
47990,3696,False
47991,3362,False
47992,3469,True
47993,2064,False
47994,2857,False
47995,2149,True
47996,2425,True
47997,1881,False
47998,1871,True
47999,3248,True
48000,2546,False
48001,2881,True
48002,2895,True
48003,1059,False
48004,2766,False
48005,2656,True
48006,1410,False
48007,2674,True
48008,2572,False
48009,2396,True
48010,2477,False
48011,2377,True
48012,1809,False
48013,2912,False
48014,2140,True
48015,1672,False
48016,2293,False
48017,1833,False
48018,4316,False
48019,2225,True
48020,2561,False
48021,2392,False
48022,2578,False
48023,3315,False
48024,2637,True
48025,2903,True
48026,1648,True
48027,2965,True
48028,1187,True
48029,2178,True
48030,2941,True
48031,2005,False
48032,1827,True
48033,2152,False
48034,2492,False
48035,3858,True
48036,3830,False
48037,2910,True
48038,3353,False
48039,3059,False
48040,1743,True
48041,2317,True
48042,3290,True
48043,2503,True
48044,2073,False
48045,2869,False
48046,2179,True
48047,2861,False
48048,2029,True
48049,2664,True
48050,2418,False
48051,3173,False
48052,1848,True
48053,3993,True
48054,2534,False
48055,1435,True
48056,3145,False
48057,2006,True
48058,2867,True
48059,1540,False
48060,2400,True
48061,2827,True
48062,3285,True
48063,2385,False
48064,2196,False
48065,2276,False
48066,2858,False
48067,1965,True
48068,2396,True
48069,1585,True
48070,3628,False
48071,1726,True
48072,2562,True
48073,1310,True
48074,3264,False
48075,3011,False
48076,3487,False
48077,2166,True
48078,2939,True
48079,2367,True
48080,2354,False
48081,2892,False
48082,3476,False
48083,1976,True
48084,2225,True
48085,1238,True
48086,2042,True
48087,3202,False
48088,3257,True
48089,1574,False
48090,2225,True
48091,3183,True
48092,2406,False
48093,2347,True
48094,2314,True
48095,2214,True
48096,3703,False
48097,2298,False
48098,1249,True
48099,2087,False
48100,2653,True
48101,3454,True
48102,1663,True
48103,1720,False
48104,1606,False
48105,2343,True
48106,2394,True
48107,2808,True
48108,2442,True
48109,2519,False
48110,2210,False
48111,2935,False
48112,2490,True
48113,2598,False
48114,1781,True
48115,2214,False
48116,2030,True
48117,2198,False
48118,2106,False
48119,2453,False
48120,3588,True
48121,2843,False
48122,2478,False
48123,3057,True
48124,3592,False
48125,1784,True
48126,1635,False
48127,2352,False
48128,2417,False
48129,2040,True
48130,2824,False
48131,2095,False
48132,2965,False
48133,2294,False
48134,2027,True
48135,1912,True
48136,1951,False
48137,1996,True
48138,1809,True
48139,2392,True
48140,2405,False
48141,2040,True
48142,1904,True
48143,2469,False
48144,1500,False
48145,2528,False
48146,2553,False
48147,2359,False
48148,2799,True
48149,2180,False
48150,2247,False
48151,3276,False
48152,2662,True
48153,2147,True
48154,1759,True
48155,1894,True
48156,2961,True
48157,2086,True
48158,3319,True
48159,1990,False
48160,2259,False
48161,1568,False
48162,2916,True
48163,3266,False
48164,2075,True
48165,1750,True
48166,2786,False
48167,1949,True
48168,2131,False
48169,1434,True
48170,2142,False
48171,1569,True
48172,3049,False
48173,3655,False
48174,3510,True
48175,2791,False
48176,2592,False
48177,3170,False
48178,3026,False
48179,1499,True
48180,2047,True
48181,2250,False
48182,3656,True
48183,2291,False
48184,2273,False
48185,2470,False
48186,1883,True
48187,2668,True
48188,2003,True
48189,2588,True
48190,2833,False
48191,2685,False
48192,1785,False
48193,2403,True
48194,2256,False
48195,2935,False
48196,2742,True
48197,3149,False
48198,2408,False
48199,4180,False
48200,2095,True
48201,2876,False
48202,2482,True
48203,2875,False
48204,2790,True
48205,3619,True
48206,2009,True
48207,3105,False
48208,2948,True
48209,2627,False
48210,2836,False
48211,3211,True
48212,2493,False
48213,3259,False
48214,2517,True
48215,3777,True
48216,3220,False
48217,1644,True
48218,1845,True
48219,2236,True
48220,2419,False
48221,3588,True
48222,3448,False
48223,3374,True
48224,2286,True
48225,2539,False
48226,1931,True
48227,1970,True
48228,2197,True
48229,2275,False
48230,4058,True
48231,2793,True
48232,2064,True
48233,3374,True
48234,2554,True
48235,2229,True
48236,2142,True
48237,2646,False
48238,2426,True
48239,3068,True
48240,2600,False
48241,3200,True
48242,2977,True
48243,3405,False
48244,1988,False
48245,2570,False
48246,2197,True
48247,1768,True
48248,1480,True
48249,3389,False
48250,2795,True
48251,2406,False
48252,2817,False
48253,1772,True
48254,3345,True
48255,2875,False
48256,1275,True
48257,2583,True
48258,2077,True
48259,1030,True
48260,2808,True
48261,2371,False
48262,2528,False
48263,2247,False
48264,1996,False
48265,2387,True
48266,2070,True
48267,1938,True
48268,2497,False
48269,2300,True
48270,3629,False
48271,1877,False
48272,1904,True
48273,3495,True
48274,2630,True
48275,2996,True
48276,1298,True
48277,2111,True
48278,2867,False
48279,2303,True
48280,1526,True
48281,3443,False
48282,3732,True
48283,2575,True
48284,2049,True
48285,2554,True
48286,4927,True
48287,3730,True
48288,2411,True
48289,1929,True
48290,2193,False
48291,1732,False
48292,3039,True
48293,2947,False
48294,3551,False
48295,2241,False
48296,2968,True
48297,5494,True
48298,2572,True
48299,1804,True
48300,2176,True
48301,3446,False
48302,2349,False
48303,1583,True
48304,2394,True
48305,1863,True
48306,2746,False
48307,2018,True
48308,3229,False
48309,2554,True
48310,2217,False
48311,2358,False
48312,3868,False
48313,2186,True
48314,2983,True
48315,412,True
48316,2215,False
48317,4587,False
48318,3610,False
48319,2648,False
48320,1830,False
48321,2358,False
48322,1999,True
48323,2483,False
48324,2419,False
48325,2725,True
48326,2705,True
48327,3407,True
48328,2407,False
48329,2107,True
48330,2490,False
48331,3039,True
48332,2571,False
48333,2556,True
48334,2811,False
48335,2137,False
48336,2892,False
48337,3078,True
48338,2478,True
48339,1538,True
48340,2195,True
48341,2826,True
48342,2703,True
48343,2744,True
48344,2689,False
48345,3343,False
48346,2270,True
48347,2479,True
48348,3371,True
48349,2112,True
48350,1601,True
48351,3171,True
48352,2733,True
48353,2311,True
48354,2610,True
48355,2792,False
48356,2470,True
48357,2264,True
48358,2314,True
48359,3143,False
48360,2156,False
48361,2361,True
48362,2893,True
48363,2977,True
48364,2008,True
48365,2767,True
48366,1810,False
48367,2419,False
48368,2744,False
48369,2063,True
48370,2346,True
48371,2792,True
48372,1858,True
48373,2176,True
48374,4281,False
48375,1967,False
48376,2251,False
48377,2248,True
48378,1863,False
48379,2753,True
48380,2446,True
48381,2299,True
48382,2153,True
48383,2301,False
48384,2257,True
48385,1940,True
48386,1518,True
48387,3020,True
48388,3381,False
48389,3138,False
48390,2389,False
48391,2662,True
48392,2823,False
48393,1760,True
48394,2604,False
48395,2157,False
48396,3505,False
48397,2303,True
48398,2380,False
48399,2559,True
48400,3378,False
48401,1960,True
48402,3643,True
48403,3093,False
48404,2698,False
48405,2891,False
48406,2083,False
48407,2048,False
48408,2619,True
48409,2795,True
48410,3987,False
48411,2440,True
48412,2249,True
48413,2483,False
48414,3338,False
48415,2667,False
48416,2511,True
48417,3410,False
48418,3346,False
48419,2117,False
48420,2455,False
48421,2787,True
48422,3843,False
48423,2617,True
48424,2794,True
48425,2211,False
48426,2664,True
48427,3536,False
48428,2031,True
48429,1945,True
48430,2828,True
48431,1996,True
48432,2596,False
48433,2667,True
48434,2260,True
48435,2559,False
48436,2693,False
48437,2462,False
48438,2702,True
48439,3738,False
48440,3186,False
48441,2130,True
48442,2645,True
48443,2781,False
48444,1935,True
48445,2409,False
48446,2969,False
48447,3041,False
48448,2091,True
48449,2463,True
48450,2631,True
48451,1896,False
48452,2204,True
48453,3130,False
48454,2164,True
48455,2177,False
48456,2990,False
48457,2120,False
48458,2032,False
48459,2712,False
48460,3207,False
48461,3167,False
48462,2404,False
48463,2156,False
48464,2820,False
48465,2122,False
48466,2712,False
48467,1904,True
48468,2829,False
48469,1782,True
48470,2652,True
48471,2467,False
48472,2453,True
48473,2213,True
48474,2554,True
48475,2975,False
48476,4024,True
48477,1912,False
48478,2693,False
48479,3001,True
48480,3026,False
48481,1961,True
48482,1743,True
48483,2889,True
48484,2315,False
48485,1508,True
48486,3150,False
48487,2176,False
48488,2902,True
48489,3340,False
48490,2011,True
48491,2929,False
48492,1815,False
48493,2027,False
48494,2978,False
48495,1835,False
48496,3352,False
48497,2180,False
48498,2000,True
48499,1883,True
48500,2354,False
48501,3401,True
48502,4087,False
48503,2294,False
48504,2425,False
48505,1855,False
48506,2725,False
48507,3999,False
48508,1713,True
48509,2653,False
48510,3257,True
48511,2674,True
48512,1820,True
48513,2976,False
48514,2433,False
48515,1007,True
48516,2593,True
48517,3681,False
48518,3217,True
48519,2217,False
48520,1591,True
48521,1883,False
48522,2314,True
48523,1625,True
48524,3315,False
48525,2578,False
48526,3055,False
48527,2969,True
48528,2035,True
48529,2454,False
48530,1888,True
48531,3328,True
48532,2185,False
48533,2384,False
48534,4018,True
48535,1971,True
48536,1514,True
48537,3050,False
48538,2892,True
48539,2111,True
48540,2396,False
48541,2306,False
48542,2423,False
48543,2837,False
48544,2998,True
48545,3567,False
48546,1100,True
48547,1928,False
48548,3190,False
48549,3427,True
48550,2260,False
48551,2768,False
48552,2234,False
48553,3639,False
48554,1932,False
48555,2607,True
48556,3229,True
48557,1912,False
48558,1591,True
48559,2571,False
48560,2962,True
48561,2140,False
48562,1921,False
48563,2533,True
48564,3165,False
48565,1788,True
48566,3407,True
48567,3706,False
48568,1880,False
48569,2874,True
48570,3512,False
48571,3221,True
48572,2544,False
48573,2359,True
48574,1782,False
48575,3664,True
48576,3117,True
48577,2767,False
48578,1925,True
48579,2106,True
48580,2119,True
48581,2164,True
48582,3133,False
48583,2352,False
48584,1443,True
48585,2442,True
48586,2122,False
48587,2407,True
48588,2058,False
48589,3254,False
48590,1825,True
48591,2228,False
48592,3021,False
48593,1502,False
48594,2328,True
48595,3196,True
48596,2548,True
48597,2570,True
48598,3375,True
48599,3751,True
48600,2092,False
48601,1388,False
48602,1386,True
48603,3155,False
48604,3176,True
48605,3481,True
48606,1894,False
48607,3319,False
48608,2248,True
48609,2667,False
48610,2822,True
48611,1319,True
48612,2628,True
48613,1940,False
48614,1865,True
48615,2062,True
48616,1924,True
48617,1372,False
48618,3012,True
48619,3048,False
48620,2736,True
48621,3438,True
48622,2724,True
48623,2111,False
48624,2863,True
48625,1351,True
48626,1784,True
48627,3790,True
48628,1762,True
48629,2187,True
48630,2219,True
48631,1619,True
48632,2096,True
48633,2302,True
48634,2887,False
48635,3866,False
48636,2497,False
48637,4026,True
48638,2817,True
48639,2546,True
48640,1949,False
48641,1824,True
48642,2904,False
48643,2607,True
48644,2122,False
48645,2654,True
48646,4880,False
48647,1490,False
48648,1992,False
48649,2756,True
48650,2634,True
48651,1328,True
48652,3439,False
48653,2641,True
48654,2235,True
48655,3109,False
48656,2042,False
48657,2373,False
48658,2057,True
48659,2110,True
48660,3392,True
48661,2043,True
48662,2310,False
48663,2315,True
48664,1816,False
48665,2857,True
48666,2872,True
48667,2354,True
48668,1233,False
48669,1328,True
48670,3177,True
48671,1814,True
48672,2967,True
48673,3158,False
48674,4408,True
48675,3327,False
48676,2670,False
48677,2793,True
48678,3697,True
48679,3700,False
48680,3241,True
48681,2770,False
48682,2419,False
48683,2589,True
48684,2095,True
48685,4258,False
48686,4171,True
48687,1683,True
48688,2010,True
48689,2996,True
48690,4065,True
48691,1965,False
48692,3003,False
48693,4117,False
48694,2912,True
48695,2876,False
48696,2910,True
48697,1585,True
48698,3622,False
48699,2177,False
48700,2041,True
48701,1095,True
48702,1405,True
48703,2440,False
48704,2075,False
48705,2666,True
48706,2161,False
48707,1600,False
48708,1352,True
48709,2351,True
48710,3884,True
48711,2560,True
48712,3767,True
48713,3208,False
48714,2331,False
48715,2160,True
48716,2188,False
48717,3097,True
48718,1905,False
48719,1434,False
48720,2194,True
48721,2546,True
48722,3013,False
48723,2161,True
48724,1856,True
48725,2995,True
48726,2083,False
48727,1381,True
48728,2278,True
48729,3018,False
48730,1690,True
48731,2068,False
48732,2469,False
48733,1798,True
48734,2598,False
48735,1983,False
48736,2135,False
48737,2119,False
48738,1488,True
48739,2046,True
48740,2652,True
48741,3666,False
48742,3475,True
48743,2292,False
48744,2067,True
48745,2617,False
48746,3471,True
48747,2204,True
48748,2246,False
48749,2309,False
48750,1993,True
48751,2522,False
48752,3886,False
48753,2834,True
48754,2771,False
48755,2970,False
48756,2012,True
48757,2790,False
48758,3020,True
48759,1674,True
48760,2716,True
48761,2560,False
48762,2036,False
48763,2659,False
48764,2027,True
48765,2348,False
48766,3263,True
48767,2119,False
48768,3090,True
48769,3070,True
48770,2167,True
48771,1825,True
48772,2179,True
48773,2377,True
48774,1987,False
48775,2080,False
48776,1664,False
48777,2287,False
48778,2304,True
48779,1909,True
48780,2821,False
48781,2538,False
48782,2307,False
48783,3005,False
48784,1876,True
48785,3602,True
48786,2116,True
48787,2818,False
48788,1607,True
48789,1202,False
48790,2897,True
48791,1995,True
48792,2601,False
48793,2593,False
48794,3954,False
48795,1682,True
48796,1544,False
48797,2431,True
48798,3150,False
48799,2466,True
48800,2411,True
48801,1793,True
48802,2009,True
48803,2190,True
48804,2953,True
48805,3420,True
48806,2354,False
48807,2222,True
48808,3183,False
48809,1856,True
48810,2407,True
48811,2335,True
48812,2391,True
48813,2224,False
48814,2717,True
48815,4459,False
48816,2884,True
48817,3701,True
48818,1907,False
48819,2603,False
48820,1474,False
48821,2435,False
48822,2666,False
48823,1608,True
48824,2138,True
48825,2356,True
48826,1684,True
48827,1845,True
48828,2341,True
48829,1168,True
48830,3559,False
48831,1625,True
48832,1928,True
48833,2688,False
48834,1523,False
48835,2459,True
48836,2460,False
48837,1766,True
48838,1803,True
48839,2204,False
48840,2245,True
48841,2927,False
48842,2772,True
48843,2320,True
48844,1018,True
48845,2783,False
48846,2460,True
48847,3639,False
48848,3156,False
48849,2223,True
48850,2778,True
48851,3471,True
48852,3178,True
48853,2778,True
48854,2668,False
48855,2191,True
48856,2267,True
48857,2424,True
48858,2549,False
48859,2620,False
48860,2189,True
48861,2506,True
48862,2094,True
48863,2400,True
48864,3074,False
48865,1688,True
48866,2427,True
48867,3263,False
48868,2750,True
48869,2302,False
48870,2264,True
48871,2363,True
48872,2898,False
48873,2050,True
48874,2279,True
48875,1983,False
48876,2181,True
48877,2544,False
48878,2805,True
48879,838,True
48880,2491,False
48881,2882,False
48882,3000,False
48883,1607,False
48884,2797,True
48885,1629,False
48886,4007,False
48887,1988,True
48888,1533,True
48889,3637,True
48890,3270,False
48891,2097,True
48892,2898,True
48893,3427,True
48894,1636,True
48895,2381,False
48896,2877,False
48897,2423,False
48898,3223,True
48899,2322,True
48900,2458,True
48901,2980,False
48902,3155,False
48903,2043,False
48904,3031,True
48905,2342,False
48906,3242,False
48907,2344,True
48908,2290,True
48909,2978,True
48910,2079,False
48911,2039,True
48912,1886,False
48913,3624,False
48914,2125,False
48915,1939,False
48916,1915,False
48917,2212,False
48918,2739,True
48919,3705,False
48920,2096,True
48921,2076,False
48922,1953,False
48923,4193,False
48924,3180,False
48925,2644,False
48926,3140,False
48927,2180,True
48928,2015,False
48929,4594,False
48930,1578,False
48931,3279,False
48932,2599,False
48933,3206,True
48934,3204,True
48935,1732,False
48936,2218,True
48937,2527,False
48938,1312,False
48939,2574,False
48940,2305,False
48941,2020,False
48942,2802,False
48943,2870,True
48944,2615,True
48945,2179,False
48946,3503,False
48947,2746,True
48948,2352,True
48949,2076,True
48950,1981,False
48951,3852,False
48952,2396,False
48953,2024,True
48954,2672,False
48955,1865,False
48956,2883,True
48957,1554,False
48958,2939,False
48959,2777,False
48960,1691,False
48961,2352,True
48962,1696,True
48963,1492,False
48964,2972,False
48965,2381,False
48966,1474,True
48967,2687,True
48968,2545,True
48969,1974,False
48970,1760,False
48971,3146,False
48972,1937,False
48973,2278,True
48974,3596,True
48975,2301,True
48976,1467,False
48977,2759,True
48978,2782,True
48979,2532,False
48980,2239,True
48981,1974,True
48982,2383,True
48983,2169,False
48984,3280,True
48985,2367,True
48986,2191,False
48987,2316,True
48988,2311,True
48989,2217,False
48990,2138,True
48991,2685,False
48992,3381,True
48993,3215,False
48994,2846,False
48995,2712,True
48996,2032,False
48997,2498,False
48998,1736,True
48999,2386,True
49000,2612,False
49001,4255,True
49002,2695,True
49003,2537,False
49004,2935,False
49005,2537,False
49006,2510,False
49007,1838,False
49008,2046,True
49009,2470,False
49010,2077,True
49011,2159,False
49012,2084,False
49013,3584,False
49014,3975,False
49015,2065,True
49016,2174,False
49017,2251,True
49018,1677,True
49019,2872,False
49020,2057,True
49021,2192,False
49022,1923,True
49023,2223,True
49024,2044,True
49025,3016,False
49026,2190,True
49027,2362,False
49028,2070,False
49029,4057,True
49030,2898,True
49031,3015,False
49032,2527,False
49033,2977,True
49034,1365,True
49035,1696,False
49036,3447,True
49037,2508,False
49038,1776,True
49039,3018,True
49040,1527,True
49041,3098,True
49042,2634,False
49043,4571,True
49044,1703,True
49045,3029,False
49046,1761,True
49047,1870,True
49048,1580,False
49049,2269,False
49050,1593,True
49051,2151,True
49052,2737,True
49053,1800,False
49054,1776,False
49055,2038,False
49056,1774,True
49057,2304,False
49058,2110,True
49059,2434,True
49060,1878,True
49061,2060,True
49062,2838,True
49063,2279,True
49064,2529,True
49065,2926,False
49066,2738,True
49067,2388,False
49068,3443,False
49069,4574,True
49070,1736,False
49071,1927,True
49072,3012,False
49073,2529,False
49074,3636,False
49075,2712,False
49076,2109,True
49077,2252,True
49078,2067,False
49079,1684,True
49080,1689,False
49081,1931,False
49082,1782,True
49083,2649,False
49084,2972,False
49085,2777,True
49086,3580,False
49087,2450,False
49088,1940,False
49089,2174,False
49090,4299,True
49091,1570,True
49092,2672,True
49093,2421,False
49094,2855,True
49095,3223,False
49096,1765,True
49097,1899,True
49098,1922,False
49099,2050,False
49100,2421,True
49101,3192,False
49102,2355,True
49103,2759,True
49104,3199,False
49105,2397,False
49106,2314,True
49107,2250,False
49108,2219,False
49109,1706,True
49110,2649,False
49111,1886,False
49112,885,True
49113,2752,False
49114,2716,True
49115,2751,True
49116,2022,False
49117,1039,True
49118,3198,True
49119,2397,True
49120,2399,True
49121,2491,False
49122,2992,True
49123,3651,False
49124,2046,False
49125,3952,False
49126,2352,True
49127,3362,True
49128,2373,True
49129,2284,True
49130,2909,False
49131,3922,True
49132,3157,False
49133,2666,False
49134,2806,False
49135,2594,True
49136,3146,True
49137,1990,False
49138,1545,True
49139,2032,True
49140,3246,True
49141,3245,False
49142,1889,False
49143,3222,False
49144,2001,True
49145,2533,False
49146,2852,True
49147,2136,True
49148,3041,False
49149,3047,True
49150,2754,False
49151,4170,True
49152,3391,False
49153,1385,True
49154,2407,True
49155,1724,True
49156,2559,False
49157,1946,True
49158,2063,False
49159,2403,False
49160,2204,False
49161,1782,True
49162,1665,True
49163,2677,False
49164,1490,True
49165,4205,False
49166,2131,True
49167,2363,False
49168,2178,True
49169,1416,True
49170,2023,True
49171,2057,False
49172,2515,False
49173,3168,False
49174,3006,True
49175,2735,True
49176,1482,True
49177,1930,False
49178,3302,False
49179,2373,False
49180,1857,True
49181,2573,False
49182,2427,False
49183,2163,False
49184,2407,False
49185,2015,True
49186,2243,True
49187,2216,True
49188,1466,True
49189,2465,True
49190,2867,True
49191,1736,True
49192,3396,True
49193,2446,True
49194,2298,False
49195,2593,True
49196,2774,False
49197,1882,True
49198,3366,True
49199,2653,True
49200,2437,True
49201,3287,True
49202,2470,False
49203,3417,True
49204,2918,True
49205,2179,False
49206,3264,True
49207,3140,False
49208,2858,False
49209,1828,True
49210,2011,True
49211,2953,True
49212,2354,True
49213,1620,True
49214,2683,False
49215,2208,True
49216,2861,True
49217,2134,False
49218,2290,True
49219,2691,False
49220,2933,True
49221,2108,False
49222,1934,True
49223,2893,False
49224,1442,True
49225,2587,False
49226,2425,False
49227,2602,True
49228,2426,False
49229,2352,False
49230,3966,False
49231,1593,False
49232,3176,True
49233,1871,True
49234,2430,False
49235,2345,True
49236,1537,True
49237,2240,True
49238,2962,True
49239,1946,True
49240,2665,False
49241,2887,False
49242,3188,False
49243,2376,True
49244,1861,True
49245,2747,True
49246,2840,False
49247,2041,True
49248,2740,False
49249,2381,True
49250,2658,False
49251,2835,True
49252,2055,True
49253,1493,True
49254,2581,True
49255,3452,False
49256,3501,False
49257,2222,True
49258,2004,True
49259,2251,True
49260,2296,False
49261,1797,True
49262,2088,True
49263,2698,True
49264,2812,False
49265,1911,False
49266,2262,True
49267,1964,True
49268,1473,False
49269,2366,True
49270,2786,False
49271,1959,True
49272,2387,True
49273,1604,True
49274,1956,False
49275,2598,True
49276,3301,False
49277,2069,True
49278,3487,True
49279,1926,True
49280,2946,False
49281,2722,False
49282,1752,True
49283,2335,False
49284,2894,True
49285,2480,True
49286,2174,False
49287,2753,True
49288,2748,False
49289,2445,True
49290,2232,False
49291,2436,True
49292,2853,False
49293,2102,False
49294,1717,True
49295,3481,False
49296,2834,True
49297,2307,True
49298,3052,True
49299,2847,True
49300,3774,False
49301,2864,True
49302,3335,True
49303,2046,False
49304,1735,True
49305,2045,False
49306,2757,False
49307,2152,True
49308,2158,True
49309,2382,False
49310,2852,True
49311,4001,True
49312,2895,True
49313,1412,True
49314,1730,True
49315,1341,True
49316,1607,True
49317,2388,False
49318,2640,True
49319,3130,True
49320,3979,True
49321,2795,True
49322,3783,False
49323,1708,False
49324,1933,False
49325,2718,False
49326,2282,True
49327,2324,False
49328,2603,False
49329,2164,True
49330,2011,False
49331,2777,True
49332,2769,True
49333,1264,False
49334,2169,True
49335,2600,True
49336,1393,True
49337,2077,True
49338,2692,False
49339,2617,False
49340,1583,True
49341,2340,True
49342,2441,False
49343,2904,True
49344,2386,False
49345,3153,False
49346,4010,False
49347,2717,False
49348,2143,True
49349,1766,True
49350,1551,False
49351,2536,False
49352,3417,True
49353,2306,True
49354,2266,False
49355,3247,False
49356,2421,True
49357,2613,False
49358,2029,True
49359,2437,False
49360,3619,False
49361,1952,True
49362,2135,True
49363,3301,False
49364,1166,False
49365,2653,False
49366,1793,False
49367,2139,False
49368,3442,True
49369,1686,True
49370,1696,False
49371,1931,False
49372,2181,True
49373,2413,True
49374,1305,False
49375,2924,True
49376,2204,False
49377,2029,True
49378,1507,True
49379,2405,False
49380,2322,True
49381,3090,False
49382,2330,True
49383,2690,False
49384,2056,True
49385,1667,False
49386,2017,True
49387,4128,False
49388,2728,False
49389,1740,True
49390,1492,False
49391,2445,False
49392,3122,True
49393,2298,False
49394,3147,True
49395,2025,True
49396,4145,True
49397,1877,False
49398,2865,True
49399,2790,False
49400,1936,False
49401,3951,False
49402,1549,True
49403,2267,True
49404,4835,False
49405,2191,False
49406,2209,False
49407,2488,False
49408,2930,True
49409,2829,False
49410,1739,True
49411,4303,True
49412,2125,False
49413,3333,False
49414,2636,True
49415,3264,True
49416,1902,False
49417,2844,False
49418,2914,True
49419,1775,True
49420,2974,True
49421,1944,False
49422,2133,False
49423,1630,True
49424,2746,False
49425,2649,True
49426,1691,True
49427,2734,False
49428,4051,False
49429,2474,False
49430,3029,True
49431,1863,True
49432,1967,False
49433,3331,True
49434,1849,True
49435,2794,False
49436,1971,False
49437,1996,False
49438,1606,True
49439,2417,False
49440,3559,True
49441,2429,False
49442,2778,True
49443,3405,False
49444,3647,False
49445,2870,True
49446,2405,True
49447,1921,True
49448,2670,True
49449,1998,True
49450,3212,False
49451,1827,True
49452,2206,True
49453,2270,True
49454,2204,False
49455,2613,True
49456,2669,True
49457,1606,True
49458,3157,True
49459,3230,True
49460,1885,True
49461,4021,True
49462,2467,False
49463,3238,False
49464,3477,True
49465,2690,False
49466,2385,False
49467,1445,True
49468,3196,True
49469,3855,True
49470,1548,False
49471,2048,False
49472,2400,True
49473,1924,True
49474,2374,True
49475,2567,False
49476,3770,False
49477,3101,False
49478,2096,True
49479,2939,False
49480,2497,True
49481,3656,True
49482,1995,False
49483,2663,True
49484,2785,False
49485,2045,False
49486,1997,False
49487,2472,True
49488,3218,True
49489,2032,True
49490,1259,False
49491,2569,False
49492,2284,True
49493,1543,True
49494,2485,False
49495,3023,True
49496,2042,True
49497,3448,True
49498,2269,True
49499,2552,False
49500,1739,True
49501,2570,False
49502,2693,False
49503,2228,True
49504,2382,False
49505,2030,False
49506,2376,False
49507,1507,True
49508,2946,False
49509,2443,True
49510,2288,True
49511,3289,True
49512,3239,False
49513,1278,False
49514,2342,True
49515,2739,True
49516,3468,True
49517,2327,True
49518,1835,False
49519,3505,True
49520,2834,True
49521,1422,True
49522,2002,True
49523,2439,True
49524,2835,True
49525,2600,False
49526,2907,False
49527,2652,False
49528,2941,True
49529,1978,True
49530,3018,True
49531,4428,True
49532,2426,True
49533,1776,True
49534,2359,False
49535,2413,False
49536,2441,True
49537,3242,False
49538,2877,True
49539,3619,False
49540,2329,False
49541,2505,True
49542,1748,True
49543,2694,False
49544,3004,False
49545,1916,True
49546,2001,True
49547,1883,False
49548,3456,False
49549,2935,True
49550,2696,False
49551,2994,False
49552,2850,True
49553,2849,False
49554,2286,True
49555,2323,False
49556,2967,False
49557,2612,True
49558,2518,False
49559,4608,False
49560,3177,True
49561,2990,True
49562,2463,True
49563,3077,True
49564,1970,False
49565,1670,False
49566,2867,False
49567,1410,False
49568,2751,True
49569,2734,False
49570,2287,False
49571,3073,True
49572,1753,True
49573,2750,False
49574,2373,True
49575,1798,True
49576,2210,False
49577,1511,True
49578,1773,False
49579,2115,True
49580,3479,True
49581,1431,False
49582,2267,False
49583,2431,True
49584,1924,True
49585,2770,True
49586,1398,False
49587,1902,True
49588,3088,True
49589,2454,False
49590,3113,True
49591,2269,True
49592,2095,True
49593,3437,False
49594,1923,True
49595,2485,False
49596,2288,False
49597,2117,True
49598,2098,False
49599,2516,False
49600,1624,True
49601,2996,True
49602,2922,False
49603,1551,True
49604,3266,False
49605,1464,True
49606,2335,False
49607,3123,True
49608,2355,False
49609,1733,False
49610,2619,True
49611,2251,False
49612,2597,True
49613,2147,False
49614,2051,True
49615,3458,True
49616,2572,True
49617,2004,False
49618,1812,True
49619,2930,False
49620,2432,True
49621,2006,False
49622,2709,True
49623,2771,False
49624,2121,True
49625,3665,False
49626,2329,True
49627,1841,True
49628,2549,True
49629,2318,False
49630,1974,True
49631,2551,True
49632,1978,True
49633,2841,False
49634,2292,True
49635,2684,True
49636,1772,True
49637,2988,True
49638,2240,False
49639,2044,True
49640,2098,False
49641,2147,True
49642,1913,True
49643,2536,True
49644,1809,True
49645,3009,True
49646,2667,True
49647,2600,True
49648,1456,False
49649,3137,False
49650,2990,False
49651,1989,False
49652,2339,True
49653,2989,True
49654,2282,True
49655,1292,True
49656,2574,False
49657,1577,True
49658,2999,True
49659,2103,True
49660,2428,False
49661,2032,True
49662,2193,True
49663,2826,False
49664,2523,True
49665,1784,True
49666,2832,False
49667,2139,True
49668,2837,False
49669,3115,False
49670,2785,True
49671,1762,True
49672,2161,False
49673,3071,True
49674,3018,True
49675,1531,True
49676,3964,True
49677,1550,True
49678,1734,False
49679,3444,False
49680,2220,True
49681,3385,True
49682,1818,False
49683,2815,False
49684,2570,True
49685,1702,True
49686,2166,True
49687,2018,True
49688,3840,True
49689,2235,False
49690,2669,True
49691,3088,False
49692,1913,False
49693,3517,True
49694,2260,False
49695,2998,False
49696,2215,True
49697,2258,True
49698,1789,False
49699,2541,True
49700,2655,False
49701,2091,False
49702,2426,False
49703,2248,True
49704,2815,False
49705,3209,False
49706,1443,True
49707,1763,False
49708,1663,True
49709,2476,True
49710,2176,False
49711,1946,True
49712,2423,False
49713,2180,True
49714,3058,False
49715,2499,True
49716,3665,False
49717,2926,True
49718,1964,False
49719,2313,False
49720,2670,False
49721,3597,False
49722,2137,True
49723,2165,False
49724,1918,False
49725,2852,True
49726,2152,True
49727,2369,True
49728,2182,False
49729,2515,False
49730,2038,True
49731,1472,False
49732,2245,False
49733,2526,False
49734,1928,True
49735,2779,False
49736,1902,False
49737,1533,False
49738,2436,False
49739,3193,True
49740,1903,True
49741,2197,True
49742,3682,True
49743,2961,False
49744,2248,False
49745,2391,True
49746,2228,False
49747,2693,True
49748,2217,True
49749,3009,True
49750,2526,False
49751,2382,True
49752,2173,True
49753,1566,False
49754,2470,False
49755,2276,False
49756,3704,False
49757,2297,False
49758,3354,False
49759,2499,True
49760,2125,True
49761,2662,True
49762,3177,True
49763,2059,False
49764,2104,False
49765,2849,True
49766,2121,True
49767,3275,False
49768,2773,True
49769,1372,True
49770,3417,False
49771,2408,False
49772,2307,False
49773,3372,True
49774,1828,True
49775,1867,True
49776,1910,False
49777,2137,True
49778,1232,True
49779,2024,False
49780,2160,True
49781,1717,True
49782,2405,False
49783,3216,False
49784,3207,False
49785,2153,True
49786,2678,False
49787,2774,True
49788,2180,False
49789,2056,False
49790,2365,True
49791,3775,True
49792,2500,True
49793,3024,True
49794,2506,True
49795,2875,False
49796,2539,False
49797,3026,True
49798,1709,True
49799,2500,False
49800,2289,True
49801,1660,True
49802,3051,False
49803,2227,False
49804,2247,True
49805,2219,False
49806,2805,True
49807,2827,True
49808,4635,True
49809,1504,False
49810,1796,False
49811,2270,True
49812,3416,True
49813,2758,False
49814,3427,True
49815,2545,False
49816,1787,False
49817,1297,True
49818,2052,False
49819,2506,True
49820,2033,True
49821,1469,False
49822,4376,True
49823,2291,True
49824,1641,False
49825,2434,True
49826,3276,True
49827,1674,False
49828,3114,False
49829,2157,False
49830,2221,True
49831,1911,False
49832,1994,False
49833,2726,False
49834,2163,False
49835,2250,True
49836,2786,False
49837,2041,True
49838,2935,False
49839,4499,False
49840,1607,False
49841,3054,False
49842,2068,True
49843,2974,True
49844,2581,False
49845,2159,True
49846,2344,False
49847,1810,False
49848,2293,False
49849,2845,False
49850,2119,True
49851,3088,True
49852,2440,True
49853,1835,False
49854,2612,False
49855,3692,False
49856,3628,True
49857,2225,True
49858,2522,True
49859,2955,True
49860,2868,False
49861,2343,True
49862,2320,True
49863,2594,False
49864,2952,False
49865,599,True
49866,1383,True
49867,2179,False
49868,2953,False
49869,1572,True
49870,3055,True
49871,3151,False
49872,2236,True
49873,2665,False
49874,1740,True
49875,3272,True
49876,4104,False
49877,1980,True
49878,2850,True
49879,2030,False
49880,1736,True
49881,3608,True
49882,2431,True
49883,3001,False
49884,1670,True
49885,4147,True
49886,2558,True
49887,3405,True
49888,2176,False
49889,1963,True
49890,4089,True
49891,2034,False
49892,3201,False
49893,1668,False
49894,2465,False
49895,3647,True
49896,1712,False
49897,1984,True
49898,2650,False
49899,2679,True
49900,1714,True
49901,3208,False
49902,2887,True
49903,3159,True
49904,1741,True
49905,1662,False
49906,2038,True
49907,1982,True
49908,2599,True
49909,3651,False
49910,2028,False
49911,1992,True
49912,1944,False
49913,3209,True
49914,3670,True
49915,2877,False
49916,3751,False
49917,3650,False
49918,2038,False
49919,2468,True
49920,2547,False
49921,1977,False
49922,1863,False
49923,2402,False
49924,1996,False
49925,1832,True
49926,2181,True
49927,1771,False
49928,3033,True
49929,2225,False
49930,2808,False
49931,1952,False
49932,2032,True
49933,2021,True
49934,2559,False
49935,3435,False
49936,3766,True
49937,1551,True
49938,1611,True
49939,2017,False
49940,2841,False
49941,3185,False
49942,1038,False
49943,1902,True
49944,2741,True
49945,1705,True
49946,2983,False
49947,2294,False
49948,2752,True
49949,2658,True
49950,1949,True
49951,3910,False
49952,2317,True
49953,1445,False
49954,2287,False
49955,2729,False
49956,2752,True
49957,2452,True
49958,3128,False
49959,3062,True
49960,2481,False
49961,2690,False
49962,1983,False
49963,2036,True
49964,3149,False
49965,2813,True
49966,2465,True
49967,4130,True
49968,3255,True
49969,1660,True
49970,3013,True
49971,1356,True
49972,2988,True
49973,2371,True
49974,2937,False
49975,2153,False
49976,1433,False
49977,2542,True
49978,2391,True
49979,2298,False
49980,1374,True
49981,4558,False
49982,3099,False
49983,1831,True
49984,2051,True
49985,1942,False
49986,2917,True
49987,3130,True
49988,2124,False
49989,1556,False
49990,3580,True
49991,2883,True
49992,3159,False
49993,2410,False
49994,2620,False
49995,3025,True
49996,1451,True
49997,2672,True
49998,2211,True
49999,2788,False
